anchor_id,chip_id,grid_id,region_key,source_feature_id,centroid_lon,centroid_lat,source_area_m2,area_bucket,zone,zone_source,sample_stage,b0_bridge,selection_hash
jhb_full382_unified_a_merge01_c0925_fpcut_2026_06_01_t00023240,jhb_full382_unified_a_merge01_c0925_fpcut_2026_06_01_c0006253,JNB0135,johannesburg,23239,28.0334088406,-26.1843185718,4.4707,a_xs_lt15,cbd,cbd25_spatial_crosswalk,stage1_core,False,00506464b31e38e9dd3a54649e76d8fd05f5d3e9498d62b3175acec627d15279
jhb_full382_unified_a_merge01_c0925_fpcut_2026_06_01_t00023280,jhb_full382_unified_a_merge01_c0925_fpcut_2026_06_01_c0006163,JNB0135,johannesburg,23279,28.0315577461,-26.1850658916,9.4102,a_xs_lt15,cbd,cbd25_spatial_crosswalk,stage1_core,False,044dac17263e6f376cb46ca57d46ce9d0736dedd205b0b32d8c2bb84b99dc33c
jhb_full382_unified_a_merge01_c0925_fpcut_2026_06_01_t00025292,jhb_full382_unified_a_merge01_c0925_fpcut_2026_06_01_c0005504,JNB0158,johannesburg,25291,28.0304873888,-26.1920506961,3.9878,a_xs_lt15,cbd,cbd25_spatial_crosswalk,stage1_core,False,0497faf10a284943171e3c518d9c1df8ba2640b003d541b75aac1045e25a1d10
jhb_full382_unified_a_merge01_c0925_fpcut_2026_06_01_t00028753,jhb_full382_unified_a_merge01_c0925_fpcut_2026_06_01_c0004228,JNB0208,johannesburg,28752,28.0452646570,-26.2110000863,14.5445,a_xs_lt15,cbd,cbd25_spatial_crosswalk,stage1_core,False,04f8d2e18e3bb539e701870e558dd1af099a83f2bf604d94f0d7cf6bfce1da46
jhb_full382_unified_a_merge01_c0925_fpcut_2026_06_01_t00029496,jhb_full382_unified_a_merge01_c0925_fpcut_2026_06_01_c0003912,JNB0231,johannesburg,29495,28.0355455417,-26.2202528455,6.4989,a_xs_lt15,cbd,cbd25_spatial_crosswalk,stage1_core,False,06596b73b1d18d974dc6205d704d1293ad8bdfc942477e352dab2dc0dda84b4f
jhb_full382_unified_a_merge01_c0925_fpcut_2026_06_01_t00022808,jhb_full382_unified_a_merge01_c0925_fpcut_2026_06_01_c0006449,JNB0133,johannesburg,22807,28.0143991308,-26.1828730448,7.1997,a_xs_lt15,cbd,cbd25_spatial_crosswalk,stage1_core,False,06d04388238bb92a62568e42e8be4049816069320caa7fa5971f0e77701c375c
jhb_full382_unified_a_merge01_c0925_fpcut_2026_06_01_t00027384,jhb_full382_unified_a_merge01_c0925_fpcut_2026_06_01_c0004573,JNB0181,johannesburg,27383,28.0133804017,-26.2046621694,10.0321,a_xs_lt15,cbd,cbd25_spatial_crosswalk,stage1_core,False,076a1a6569d9a2d949ecb20ba0a8c53755fd45c97677a8ad3c69d51acb5141fe
jhb_full382_unified_a_merge01_c0925_fpcut_2026_06_01_t00023228,jhb_full382_unified_a_merge01_c0925_fpcut_2026_06_01_c0006250,JNB0135,johannesburg,23227,28.0333624240,-26.1842424105,7.615,a_xs_lt15,cbd,cbd25_spatial_crosswalk,stage1_core,False,07b1ab759293ce40b42feba9cd68584e6384790b4b4ac10c7f341879bc90a123
jhb_full382_unified_a_merge01_c0925_fpcut_2026_06_01_t00023111,jhb_full382_unified_a_merge01_c0925_fpcut_2026_06_01_c0006154,JNB0134,johannesburg,23110,28.0304181298,-26.1852565153,9.7898,a_xs_lt15,cbd,cbd25_spatial_crosswalk,stage1_core,False,07ff7cfcecb0e992f7afa4deea112ed21df716763eea2b06a28f450bcaffaea3
jhb_full382_unified_a_merge01_c0925_fpcut_2026_06_01_t00029296,jhb_full382_unified_a_merge01_c0925_fpcut_2026_06_01_c0004040,JNB0229,johannesburg,29295,28.0130799091,-26.2164386328,10.2086,a_xs_lt15,cbd,cbd25_spatial_crosswalk,stage1_core,False,089b6fffbf45bd54fa65c072156946601fb8e3fd8f7525e74b34c5a67c3ccc81
jhb_full382_unified_a_merge01_c0925_fpcut_2026_06_01_t00023116,jhb_full382_unified_a_merge01_c0925_fpcut_2026_06_01_c0006153,JNB0134,johannesburg,23115,28.0300379224,-26.1852735313,9.0574,a_xs_lt15,cbd,cbd25_spatial_crosswalk,stage1_core,False,08d098b80329ae9f079c8b2af6655713374606e5b087128d4a8fc8d525509e68
jhb_full382_unified_a_merge01_c0925_fpcut_2026_06_01_t00022952,jhb_full382_unified_a_merge01_c0925_fpcut_2026_06_01_c0006660,JNB0134,johannesburg,22951,28.0244578487,-26.1811963489,5.4178,a_xs_lt15,cbd,cbd25_spatial_crosswalk,stage1_core,False,09ab699f73576ca3a35ac3267d7b3927076141ec76096bda727042fa96c39ec8
jhb_full382_unified_a_merge01_c0925_fpcut_2026_06_01_t00025377,jhb_full382_unified_a_merge01_c0925_fpcut_2026_06_01_c0005669,JNB0159,johannesburg,25376,28.0350308514,-26.1905661221,8.3153,a_xs_lt15,cbd,cbd25_spatial_crosswalk,stage1_core,False,0b37d6b98d80bf603a8b7138f19e128ae870cceccaa6ee93f114638efb345a09
jhb_full382_unified_a_merge01_c0925_fpcut_2026_06_01_t00027619,jhb_full382_unified_a_merge01_c0925_fpcut_2026_06_01_c0004531,JNB0183,johannesburg,27618,28.0347581548,-26.2054037076,6.8443,a_xs_lt15,cbd,cbd25_spatial_crosswalk,stage1_core,False,0cfd4dc4e3126e2d5328741eef9d826da53cbcfe73ea05b3eb2f1d2520717b65
jhb_full382_unified_a_merge01_c0925_fpcut_2026_06_01_t00023208,jhb_full382_unified_a_merge01_c0925_fpcut_2026_06_01_c0006363,JNB0135,johannesburg,23207,28.0334545407,-26.1838964321,6.1456,a_xs_lt15,cbd,cbd25_spatial_crosswalk,stage1_core,False,0d5dcb41e03e1a3220eb02a8cc693b6d6e8aef37e2ea9ae7faca721cb44bd494
jhb_full382_unified_a_merge01_c0925_fpcut_2026_06_01_t00023113,jhb_full382_unified_a_merge01_c0925_fpcut_2026_06_01_c0006155,JNB0134,johannesburg,23112,28.0304188182,-26.1851747469,9.7675,a_xs_lt15,cbd,cbd25_spatial_crosswalk,stage1_core,False,0d9283ef50ba89786fa193752d4ff9d365d24f7657814a51a4a6d3c01354188a
jhb_full382_unified_a_merge01_c0925_fpcut_2026_06_01_t00022867,jhb_full382_unified_a_merge01_c0925_fpcut_2026_06_01_c0006771,JNB0133,johannesburg,22866,28.0191892786,-26.1798380255,8.4864,a_xs_lt15,cbd,cbd25_spatial_crosswalk,stage1_core,False,0e2d4e697d297ed57f9303de5cf4a47808f756c882ae3bff7920c3a7fa950a24
jhb_full382_unified_a_merge01_c0925_fpcut_2026_06_01_t00029382,jhb_full382_unified_a_merge01_c0925_fpcut_2026_06_01_c0003911,JNB0229,johannesburg,29381,28.0192818017,-26.2209365553,9.8776,a_xs_lt15,cbd,cbd25_spatial_crosswalk,stage1_core,False,0f840d89c7c5b8170170fcff9e7fb78234b0d0d04ebe90124b4d5ea0b30b0076
jhb_full382_unified_a_merge01_c0925_fpcut_2026_06_01_t00028674,jhb_full382_unified_a_merge01_c0925_fpcut_2026_06_01_c0004217,JNB0207,johannesburg,28673,28.0388915674,-26.2115993415,10.848,a_xs_lt15,cbd,cbd25_spatial_crosswalk,stage1_core,False,1021b466ca8039ba7d4750eb09b319aa24af55a2be587e1c9727b196c3ab9c05
jhb_full382_unified_a_merge01_c0925_fpcut_2026_06_01_t00028812,jhb_full382_unified_a_merge01_c0925_fpcut_2026_06_01_c0004383,JNB0209,johannesburg,28811,28.0538181842,-26.2087875450,7.9601,a_xs_lt15,cbd,cbd25_spatial_crosswalk,stage1_core,False,10ba0e36d9bb584dcac46ea322d01aa0d059f11ec286dcedeb8e691b282f1130
jhb_full382_unified_a_merge01_c0925_fpcut_2026_06_01_t00023387,jhb_full382_unified_a_merge01_c0925_fpcut_2026_06_01_c0006575,JNB0136,johannesburg,23386,28.0480469951,-26.1813207777,7.9861,a_xs_lt15,cbd,cbd25_spatial_crosswalk,stage1_core,False,11e52751733e7267abd7317488cec1ba39e84e31006639e19c1fe096086c66d3
jhb_full382_unified_a_merge01_c0925_fpcut_2026_06_01_t00027428,jhb_full382_unified_a_merge01_c0925_fpcut_2026_06_01_c0004483,JNB0181,johannesburg,27427,28.0202036624,-26.2064806029,9.0719,a_xs_lt15,cbd,cbd25_spatial_crosswalk,stage1_core,False,12880034188f7416daf69e6a44a997330d5ed72bdca025a951bf4c434f6f3d2b
jhb_full382_unified_a_merge01_c0925_fpcut_2026_06_01_t00028611,jhb_full382_unified_a_merge01_c0925_fpcut_2026_06_01_c0004100,JNB0207,johannesburg,28610,28.0357529571,-26.2157023569,12.3203,a_xs_lt15,cbd,cbd25_spatial_crosswalk,stage1_core,False,1324cd2d107112c661690fc50796674868aabbe67206074bfd34298e1c843b7a
jhb_full382_unified_a_merge01_c0925_fpcut_2026_06_01_t00022789,jhb_full382_unified_a_merge01_c0925_fpcut_2026_06_01_c0006765,JNB0133,johannesburg,22788,28.0146624695,-26.1806325602,6.3692,a_xs_lt15,cbd,cbd25_spatial_crosswalk,stage1_core,False,141abe16d99073821236c3affc7a4f1afda62883eeb7ed0fd8550e0105412b49
jhb_full382_unified_a_merge01_c0925_fpcut_2026_06_01_t00028723,jhb_full382_unified_a_merge01_c0925_fpcut_2026_06_01_c0004415,JNB0208,johannesburg,28722,28.0456644974,-26.2078659633,10.3799,a_xs_lt15,cbd,cbd25_spatial_crosswalk,stage1_core,False,1442fbfbae34c3059ce2c33ae60ddd6ef678bdd961a60c51cb2df544234ae4c5
jhb_full382_unified_a_merge01_c0925_fpcut_2026_06_01_t00027711,jhb_full382_unified_a_merge01_c0925_fpcut_2026_06_01_c0005038,JNB0184,johannesburg,27710,28.0509313636,-26.1983943763,9.0242,a_xs_lt15,cbd,cbd25_spatial_crosswalk,stage1_core,False,14557c6ad5728872bd6899be37b1b75d0c2cda94106e87662efe6d29dbf5aac5
jhb_full382_unified_a_merge01_c0925_fpcut_2026_06_01_t00025491,jhb_full382_unified_a_merge01_c0925_fpcut_2026_06_01_c0005164,JNB0161,johannesburg,25490,28.0539003560,-26.1964129421,8.118,a_xs_lt15,cbd,cbd25_spatial_crosswalk,stage1_core,False,14a3ed1e4c107da1d7ba30657c1352aa3b1a5d15b80e295faa7dd5cad4063dd4
jhb_full382_unified_a_merge01_c0925_fpcut_2026_06_01_t00029531,jhb_full382_unified_a_merge01_c0925_fpcut_2026_06_01_c0003913,JNB0231,johannesburg,29530,28.0365073031,-26.2206555169,9.2573,a_xs_lt15,cbd,cbd25_spatial_crosswalk,stage1_core,False,14a6bcc200baa1c63b5c168dcbbbbb332d983b30dba3b43bd2e44654370f423c
jhb_full382_unified_a_merge01_c0925_fpcut_2026_06_01_t00028855,jhb_full382_unified_a_merge01_c0925_fpcut_2026_06_01_c0004446,JNB0209,johannesburg,28854,28.0564573125,-26.2071812526,9.697,a_xs_lt15,cbd,cbd25_spatial_crosswalk,stage1_core,False,15e6ce2becae081dd244f1ae8ff55826f56e422927bf55d376ae0d2a95ecc70e
jhb_full382_unified_a_merge01_c0925_fpcut_2026_06_01_t00027446,jhb_full382_unified_a_merge01_c0925_fpcut_2026_06_01_c0004661,JNB0182,johannesburg,27445,28.0247846958,-26.2031801579,9.8761,a_xs_lt15,cbd,cbd25_spatial_crosswalk,stage1_core,True,4d850364cb17ba6f5dec6a90046e17f6099eea7fbad74a40003d045153954a88
jhb_full382_unified_a_merge01_c0925_fpcut_2026_06_01_t00027666,jhb_full382_unified_a_merge01_c0925_fpcut_2026_06_01_c0004583,JNB0183,johannesburg,27665,28.0384823437,-26.2041797210,5.0675,a_xs_lt15,cbd,cbd25_spatial_crosswalk,stage1_core,True,53a7c7843a2310e186bf69750999969c4a497eb8719936787fb6efad9710a7ae
jhb_full382_unified_a_merge01_c0925_fpcut_2026_06_01_t00028840,jhb_full382_unified_a_merge01_c0925_fpcut_2026_06_01_c0004232,JNB0209,johannesburg,28839,28.0535131872,-26.2113839155,11.9463,a_xs_lt15,cbd,cbd25_spatial_crosswalk,stage1_core,True,95b1175003b7c128cd135fc134d99f693a9733930ea4882a0cb1e255ec6b9504
jhb_full382_unified_a_merge01_c0925_fpcut_2026_06_01_t00023283,jhb_full382_unified_a_merge01_c0925_fpcut_2026_06_01_c0006162,JNB0135,johannesburg,23282,28.0315571196,-26.1850433283,9.2852,a_xs_lt15,cbd,cbd25_spatial_crosswalk,stage1_core,True,a078937fb496088bd4cc4b6052853dcd2b2de5966dfe8e3ae8d15333d00d5720
jhb_full382_unified_a_merge01_c0925_fpcut_2026_06_01_t00022916,jhb_full382_unified_a_merge01_c0925_fpcut_2026_06_01_c0006151,JNB0133,johannesburg,22915,28.0194180718,-26.1854970553,12.7463,a_xs_lt15,cbd,cbd25_spatial_crosswalk,stage1_core,True,ed57d6c1e43d8dda55dc1a0f6a8688555521643b48f39d15697659807ddc4d79
jhb_full382_unified_a_merge01_c0925_fpcut_2026_06_01_t00002354,jhb_full382_unified_a_merge01_c0925_fpcut_2026_06_01_c0014657,JNB0043,johannesburg,2353,28.1415762039,-26.1259104943,14.0834,a_xs_lt15,industrial,osm_industrial_share_ge_0.03,stage1_core,False,00508c10a16a67aabe7be2de3a53f11263920c0f93b3db03a5cd29d977d4e222
jhb_full382_unified_a_merge01_c0925_fpcut_2026_06_01_t00033203,jhb_full382_unified_a_merge01_c0925_fpcut_2026_06_01_c0002735,JNB0307,johannesburg,33202,28.0978412638,-26.2472072621,14.643,a_xs_lt15,industrial,osm_industrial_share_ge_0.03,stage1_core,False,006d19ebaf55eaf6a23c773e44691f5dbe270de107350ea1fa46a1335f52b19d
jhb_full382_unified_a_merge01_c0925_fpcut_2026_06_01_t00033412,jhb_full382_unified_a_merge01_c0925_fpcut_2026_06_01_c0002743,JNB0310,johannesburg,33411,28.1308038205,-26.2474068694,10.3065,a_xs_lt15,industrial,osm_industrial_share_ge_0.03,stage1_core,False,01d3c4f2845f331fcabef46b46b682c029972c9859de7d27f1983172fcf4f7fc
jhb_full382_unified_a_merge01_c0925_fpcut_2026_06_01_t00039864,jhb_full382_unified_a_merge01_c0925_fpcut_2026_06_01_c0015573,JNB0015,johannesburg,39863,28.0871644041,-26.1106406094,5.4871,a_xs_lt15,industrial,osm_industrial_share_ge_0.03,stage1_core,False,02603e9fa81aab0ed4a1a132d7fda615c5a73283a39db6d05ca19353286da94b
jhb_full382_unified_a_merge01_c0925_fpcut_2026_06_01_t00032472,jhb_full382_unified_a_merge01_c0925_fpcut_2026_06_01_c0002436,JNB0295,johannesburg,32471,27.9775351299,-26.2516240417,11.5674,a_xs_lt15,industrial,osm_industrial_share_ge_0.03,stage1_core,False,02788ebdad2c7c167e9d6a68490edda92fce24e65806d1ed58dda6e91200e879
jhb_full382_unified_a_merge01_c0925_fpcut_2026_06_01_t00034045,jhb_full382_unified_a_merge01_c0925_fpcut_2026_06_01_c0001939,JNB0319,johannesburg,34044,28.0115958474,-26.2584839003,12.2978,a_xs_lt15,industrial,osm_industrial_share_ge_0.03,stage1_core,False,03d728379d87d299cc6f6ae4c2a316a8fc29d2e64102151a730b3a142cde534c
jhb_full382_unified_a_merge01_c0925_fpcut_2026_06_01_t00026906,jhb_full382_unified_a_merge01_c0925_fpcut_2026_06_01_c0004773,JNB0176,johannesburg,26905,27.9631637931,-26.2007995615,7.5099,a_xs_lt15,industrial,osm_industrial_share_ge_0.03,stage1_core,False,044e713e6a3a4b51509b450d386ebc0659f0c5de791961e440d334bc6174400c
jhb_full382_unified_a_merge01_c0925_fpcut_2026_06_01_t00002527,jhb_full382_unified_a_merge01_c0925_fpcut_2026_06_01_c0014504,JNB0044,johannesburg,2526,28.1514197659,-26.1270526985,5.9015,a_xs_lt15,industrial,osm_industrial_share_ge_0.03,stage1_core,False,06436ce5b9c48bc145fdc39422a801daef4a0ff07fbfb5982cba1050c8925933
jhb_full382_unified_a_merge01_c0925_fpcut_2026_06_01_t00027115,jhb_full382_unified_a_merge01_c0925_fpcut_2026_06_01_c0004873,JNB0177,johannesburg,27114,27.9779148352,-26.2004082920,4.7283,a_xs_lt15,industrial,coj_zoning_industrial_n3_purity_ge_0.70,stage1_core,False,068bead0fb3c3a27a8b3b4e4380512d09caa0c32ca63946d411e62682c7b079d
jhb_full382_unified_a_merge01_c0925_fpcut_2026_06_01_t00030704,jhb_full382_unified_a_merge01_c0925_fpcut_2026_06_01_c0003819,JNB0267,johannesburg,30703,28.1521146981,-26.2239846933,9.5742,a_xs_lt15,industrial,osm_industrial_share_ge_0.03,stage1_core,False,07988f320eaab0de7a2c06d9dd948837c6f19b99a2cef33f7f598fb6f55bb1dc
jhb_full382_unified_a_merge01_c0925_fpcut_2026_06_01_t00039758,jhb_full382_unified_a_merge01_c0925_fpcut_2026_06_01_c0015460,JNB0015,johannesburg,39757,28.0820780308,-26.1127319498,5.5674,a_xs_lt15,industrial,osm_industrial_share_ge_0.03,stage1_core,False,07aac2cd898628e555003a2a4458ba34660a803d9f661462665db4cda1f7f731
jhb_full382_unified_a_merge01_c0925_fpcut_2026_06_01_t00030750,jhb_full382_unified_a_merge01_c0925_fpcut_2026_06_01_c0003578,JNB0267,johannesburg,30749,28.1521981980,-26.2329828705,13.1252,a_xs_lt15,industrial,osm_industrial_share_ge_0.03,stage1_core,False,0943d65e641e77035ee69da5bfd606ce59c3ea53d7dd3371a5fc4f1ce0efeda1
jhb_full382_unified_a_merge01_c0925_fpcut_2026_06_01_t00028219,jhb_full382_unified_a_merge01_c0925_fpcut_2026_06_01_c0004463,JNB0192,johannesburg,28218,28.1212166004,-26.2061492225,9.7734,a_xs_lt15,industrial,osm_industrial_share_ge_0.03,stage1_core,False,09aec3625a62110f4e9244bf0f2fc41a39409f0f2979513db24628db4578a5b5
jhb_full382_unified_a_merge01_c0925_fpcut_2026_06_01_t00028205,jhb_full382_unified_a_merge01_c0925_fpcut_2026_06_01_c0004828,JNB0192,johannesburg,28204,28.1251558347,-26.2001570572,11.0292,a_xs_lt15,industrial,osm_industrial_share_ge_0.03,stage1_core,False,0ab85ed365e947c8dc30f2a96acb38fafa9a438e024a7e9c34c4f24891463036
jhb_full382_unified_a_merge01_c0925_fpcut_2026_06_01_t00033416,jhb_full382_unified_a_merge01_c0925_fpcut_2026_06_01_c0002671,JNB0310,johannesburg,33415,28.1284189470,-26.2479605283,10.5741,a_xs_lt15,industrial,osm_industrial_share_ge_0.03,stage1_core,False,0ae09e6d42dc590acecf9299a3532e8dda79aaf9f147971ae8a891cef3745d58
jhb_full382_unified_a_merge01_c0925_fpcut_2026_06_01_t00033319,jhb_full382_unified_a_merge01_c0925_fpcut_2026_06_01_c0002885,JNB0308,johannesburg,33318,28.1098739455,-26.2442388797,8.2277,a_xs_lt15,industrial,osm_industrial_share_ge_0.03,stage1_core,False,0b132d5469f0623242a3912dad835f58071743fcec810d6321b85da5d251a563
jhb_full382_unified_a_merge01_c0925_fpcut_2026_06_01_t00033456,jhb_full382_unified_a_merge01_c0925_fpcut_2026_06_01_c0002556,JNB0310,johannesburg,33455,28.1308116109,-26.2493625953,12.1532,a_xs_lt15,industrial,osm_industrial_share_ge_0.03,stage1_core,False,0b27d7dca2ea931a6edfc731a017e109cc62f0a4e79773a5fc4e96622e2eb06b
jhb_full382_unified_a_merge01_c0925_fpcut_2026_06_01_t00033694,jhb_full382_unified_a_merge01_c0925_fpcut_2026_06_01_c0002296,JNB0315,johannesburg,33693,27.9776074203,-26.2529849946,10.9917,a_xs_lt15,industrial,osm_industrial_share_ge_0.03,stage1_core,False,0b91951f7ed164aee62e96152c2950f87e515ae35c72d8a982e00a6da7261efa
jhb_full382_unified_a_merge01_c0925_fpcut_2026_06_01_t00032370,jhb_full382_unified_a_merge01_c0925_fpcut_2026_06_01_c0002426,JNB0295,johannesburg,32369,27.9744053776,-26.2511172485,8.1102,a_xs_lt15,industrial,osm_industrial_share_ge_0.03,stage1_core,False,0baee895aefc9e9c994b0527d5a3e0bd450d46058dc39f0108a07be0e06b8b4f
jhb_full382_unified_a_merge01_c0925_fpcut_2026_06_01_t00034075,jhb_full382_unified_a_merge01_c0925_fpcut_2026_06_01_c0001853,JNB0319,johannesburg,34074,28.0204867073,-26.2602149966,7.614,a_xs_lt15,industrial,osm_industrial_share_ge_0.03,stage1_core,False,0bb061add9ee5b3cb26e0c34a93cab6bbc83f2edc3947dee0be9b596036dc160
jhb_full382_unified_a_merge01_c0925_fpcut_2026_06_01_t00039800,jhb_full382_unified_a_merge01_c0925_fpcut_2026_06_01_c0015664,JNB0015,johannesburg,39799,28.0855618942,-26.1072004662,4.7137,a_xs_lt15,industrial,osm_industrial_share_ge_0.03,stage1_core,False,0bc89787170b41bdbf55d1a77c521dfdf8d48e4c45d7a80cc1c0fdbe24079f28
jhb_full382_unified_a_merge01_c0925_fpcut_2026_06_01_t00033306,jhb_full382_unified_a_merge01_c0925_fpcut_2026_06_01_c0002471,JNB0308,johannesburg,33305,28.1043628279,-26.2510812141,14.7135,a_xs_lt15,industrial,osm_industrial_share_ge_0.03,stage1_core,False,0cb1536ec373cbb3346408efb7f6d89317c0fcb5e95c8ff072ba9f3e9a3dcefc
jhb_full382_unified_a_merge01_c0925_fpcut_2026_06_01_t00029204,jhb_full382_unified_a_merge01_c0925_fpcut_2026_06_01_c0003828,JNB0221,johannesburg,29203,27.9352393578,-26.2251351496,3.8694,a_xs_lt15,industrial,coj_zoning_industrial_n3_purity_ge_0.70,stage1_core,False,0cc909dc6a17dbc7d39bd344a45d35b52a099c42257d70972860b29c2703bfb6
jhb_full382_unified_a_merge01_c0925_fpcut_2026_06_01_t00033709,jhb_full382_unified_a_merge01_c0925_fpcut_2026_06_01_c0002290,JNB0315,johannesburg,33708,27.9763584874,-26.2532197984,4.5903,a_xs_lt15,industrial,osm_industrial_share_ge_0.03,stage1_core,False,0cd4f1d6554343a40cff10d49837a2c4d041b1b79b13a712c637cfed5878dbe5
jhb_full382_unified_a_merge01_c0925_fpcut_2026_06_01_t00033389,jhb_full382_unified_a_merge01_c0925_fpcut_2026_06_01_c0002614,JNB0310,johannesburg,33388,28.1250233421,-26.2482730971,7.9104,a_xs_lt15,industrial,osm_industrial_share_ge_0.03,stage1_core,False,0cdd7fa7b3ea39d65cad93cffb57e10f067939f9e275f0532b21f13cb91e42ae
jhb_full382_unified_a_merge01_c0925_fpcut_2026_06_01_t00027116,jhb_full382_unified_a_merge01_c0925_fpcut_2026_06_01_c0004873,JNB0177,johannesburg,27115,27.9776938865,-26.2005198343,7.0724,a_xs_lt15,industrial,coj_zoning_industrial_n3_purity_ge_0.70,stage1_core,False,0ddca52984e664581c62bbbc034054217c17e40a023cdfd177a987ad8b5b8f55
jhb_full382_unified_a_merge01_c0925_fpcut_2026_06_01_t00030209,jhb_full382_unified_a_merge01_c0925_fpcut_2026_06_01_c0003809,JNB0256,johannesburg,30208,28.0431896947,-26.2248622239,13.4253,a_xs_lt15,industrial,coj_zoning_industrial_n3_purity_ge_0.70,stage1_core,False,0e35b6b5b68e0994cb7c169802b7e10e6d1162cd1bbfec2a0e419844f71b7504
jhb_full382_unified_a_merge01_c0925_fpcut_2026_06_01_t00033387,jhb_full382_unified_a_merge01_c0925_fpcut_2026_06_01_c0002668,JNB0310,johannesburg,33386,28.1243264678,-26.2479166134,11.0872,a_xs_lt15,industrial,osm_industrial_share_ge_0.03,stage1_core,False,0eecb14a5484a78a7f712c44b668b6b32f64732beaeb6da9a8d353356a872396
jhb_full382_unified_a_merge01_c0925_fpcut_2026_06_01_t00033276,jhb_full382_unified_a_merge01_c0925_fpcut_2026_06_01_c0002542,JNB0308,johannesburg,33275,28.1017956606,-26.2494438729,5.6081,a_xs_lt15,industrial,osm_industrial_share_ge_0.03,stage1_core,False,1026de264ad4980698bc66a58161f784498073e0dd27c44d1024bb665f7e09ac
jhb_full382_unified_a_merge01_c0925_fpcut_2026_06_01_t00032104,jhb_full382_unified_a_merge01_c0925_fpcut_2026_06_01_c0003528,JNB0289,johannesburg,32103,28.1355978289,-26.2338702496,9.5502,a_xs_lt15,industrial,osm_industrial_share_ge_0.03,stage1_core,False,10673596354ec16ce35126bcc0864deab604ba0f7806065e7e62a0e33fb270e8
jhb_full382_unified_a_merge01_c0925_fpcut_2026_06_01_t00000014,jhb_full382_unified_a_merge01_c0925_fpcut_2026_06_01_c0014980,JNB0026,johannesburg,13,28.0940925265,-26.1215350687,12.1928,a_xs_lt15,industrial,osm_industrial_share_ge_0.03,stage1_core,False,10fb3ca9e0e0bb12e639721fb09935e69785a521e24beefacde2c6a511d46ec2
jhb_full382_unified_a_merge01_c0925_fpcut_2026_06_01_t00032723,jhb_full382_unified_a_merge01_c0925_fpcut_2026_06_01_c0002912,JNB0299,johannesburg,32722,28.0117569513,-26.2448267222,12.961,a_xs_lt15,industrial,osm_industrial_share_ge_0.03,stage1_core,True,79c18c91e1544bb8b1eb6814456b0ccb9f74f152da882e72c43589b60f0c23c8
jhb_full382_unified_a_merge01_c0925_fpcut_2026_06_01_t00039694,jhb_full382_unified_a_merge01_c0925_fpcut_2026_06_01_c0015563,JNB0015,johannesburg,39693,28.0808338938,-26.1105600566,11.8193,a_xs_lt15,industrial,osm_industrial_share_ge_0.03,stage1_core,True,9e7bc9cdd5823a45cf23f65a816b669a9c72354a3ddf4a56ee1088211fff8812
jhb_full382_unified_a_merge01_c0925_fpcut_2026_06_01_t00000046,jhb_full382_unified_a_merge01_c0925_fpcut_2026_06_01_c0014791,JNB0026,johannesburg,45,28.0970765484,-26.1243217843,10.3323,a_xs_lt15,industrial,osm_industrial_share_ge_0.03,stage1_core,True,ae797ce69d95f5bea4cfb8fb5f31e669e9cbab0bc2c3d0eb9cf9960a27b4d195
jhb_full382_unified_a_merge01_c0925_fpcut_2026_06_01_t00003801,jhb_full382_unified_a_merge01_c0925_fpcut_2026_06_01_c0013685,JNB0049,johannesburg,3800,28.0720137679,-26.1368202963,5.4578,a_xs_lt15,residential,residential_fallback,stage1_core,False,0002b66a01b4bacef3fa3f4729e8caabc58cf2ec138456531326ef40ae7e6c77
jhb_full382_unified_a_merge01_c0925_fpcut_2026_06_01_t00011420,jhb_full382_unified_a_merge01_c0925_fpcut_2026_06_01_c0010283,JNB0075,johannesburg,11419,28.0455954949,-26.1588078250,7.7523,a_xs_lt15,residential,residential_fallback,stage1_core,False,0002faf71c7e5eeba993e2eea176bd31b78837d74a78a7ee11d2990c560ab5db
jhb_full382_unified_a_merge01_c0925_fpcut_2026_06_01_t00008170,jhb_full382_unified_a_merge01_c0925_fpcut_2026_06_01_c0012506,JNB0064,johannesburg,8169,28.0808654266,-26.1453559412,12.2772,a_xs_lt15,residential,residential_fallback,stage1_core,False,00042e19649abbf0575cc2d60b8caa6a804b326e8c192cf7259c6fb93edb4541
jhb_full382_unified_a_merge01_c0925_fpcut_2026_06_01_t00020559,jhb_full382_unified_a_merge01_c0925_fpcut_2026_06_01_c0007800,JNB0119,johannesburg,20558,28.0941253011,-26.1739835527,12.6466,a_xs_lt15,residential,residential_fallback,stage1_core,False,0005c2955067d978c6f5e8ae1adf25afaa02e446a86c9b7e4587eef3a556efc4
jhb_full382_unified_a_merge01_c0925_fpcut_2026_06_01_t00005092,jhb_full382_unified_a_merge01_c0925_fpcut_2026_06_01_c0013740,JNB0053,johannesburg,5091,28.1143237031,-26.1355710341,8.31,a_xs_lt15,residential,residential_fallback,stage1_core,False,000dadef9cbb0cfb5711b10b35ecc961507352395204ac8f9facf26b03ced768
jhb_full382_unified_a_merge01_c0925_fpcut_2026_06_01_t00008399,jhb_full382_unified_a_merge01_c0925_fpcut_2026_06_01_c0012388,JNB0065,johannesburg,8398,28.0948256956,-26.1455958337,9.7252,a_xs_lt15,residential,residential_fallback,stage1_core,False,003b3f072d519557ccd4e96f2ffe0af6acccc5331368410b6faccb7062cf21ee
jhb_full382_unified_a_merge01_c0925_fpcut_2026_06_01_t00000952,jhb_full382_unified_a_merge01_c0925_fpcut_2026_06_01_c0014607,JNB0034,johannesburg,951,28.0553217863,-26.1256386136,6.1339,a_xs_lt15,residential,residential_fallback,stage1_core,False,0042e45fb750129924525cd8e06ba55f60598d092f6440e5b5df0902d556f839
jhb_full382_unified_a_merge01_c0925_fpcut_2026_06_01_t00014325,jhb_full382_unified_a_merge01_c0925_fpcut_2026_06_01_c0010544,JNB0086,johannesburg,14324,28.1527916704,-26.1567221640,14.0762,a_xs_lt15,residential,residential_fallback,stage1_core,False,004301e5088200a3da5325d4ac0c0acd4e59d593372c3a1b8a3deef4955f11d9
jhb_full382_unified_a_merge01_c0925_fpcut_2026_06_01_t00040494,jhb_full382_unified_a_merge01_c0925_fpcut_2026_06_01_c0014746,JNB0022,johannesburg,40493,28.0507143703,-26.1242095230,7.1399,a_xs_lt15,residential,residential_fallback,stage1_core,False,007264a01462616d14b7dd78bf01d9eca19ce682fdae737195664693a56e795a
jhb_full382_unified_a_merge01_c0925_fpcut_2026_06_01_t00024391,jhb_full382_unified_a_merge01_c0925_fpcut_2026_06_01_c0006310,JNB0145,johannesburg,24390,28.1373428799,-26.1830709995,13.9179,a_xs_lt15,residential,residential_fallback,stage1_core,False,007757e87d43098388ec07dffcf1b0d6eab397cebc8a8564d9d120d3626cffa5
jhb_full382_unified_a_merge01_c0925_fpcut_2026_06_01_t00021669,jhb_full382_unified_a_merge01_c0925_fpcut_2026_06_01_c0008160,JNB0124,johannesburg,21668,28.1427297555,-26.1717769100,13.6302,a_xs_lt15,residential,residential_fallback,stage1_core,False,007ae2e5757999408f32826e4e2bd11606f57b3cb3ca68d6c53b7bce9c4cc278
jhb_full382_unified_a_merge01_c0925_fpcut_2026_06_01_t00012593,jhb_full382_unified_a_merge01_c0925_fpcut_2026_06_01_c0010174,JNB0078,johannesburg,12592,28.0787259072,-26.1585329771,13.0028,a_xs_lt15,residential,residential_fallback,stage1_core,False,008f83a779670b7a62540e349fc68ae42fe73f213cc5c497ca2cef0aeaaaa53d
jhb_full382_unified_a_merge01_c0925_fpcut_2026_06_01_t00038325,jhb_full382_unified_a_merge01_c0925_fpcut_2026_06_01_c0000021,JNB0374,johannesburg,38324,28.0553805157,-26.2877180099,12.2072,a_xs_lt15,residential,residential_fallback,stage1_core,False,009c506c8a18cb91708143c9a3ad10b272eda161d1abcff80d12d24e59f78ca8
jhb_full382_unified_a_merge01_c0925_fpcut_2026_06_01_t00017066,jhb_full382_unified_a_merge01_c0925_fpcut_2026_06_01_c0009451,JNB0098,johannesburg,17065,28.0972346605,-26.1631791509,7.2113,a_xs_lt15,residential,residential_fallback,stage1_core,False,00a1c1db3f20bceb419924e3fae1ed0de0191d0fa521be0e3941caef496ef06a
jhb_full382_unified_a_merge01_c0925_fpcut_2026_06_01_t00001179,jhb_full382_unified_a_merge01_c0925_fpcut_2026_06_01_c0014147,JNB0035,johannesburg,1178,28.0620462075,-26.1324840499,4.6178,a_xs_lt15,residential,residential_fallback,stage1_core,False,00a25b154d9837ea83d358cd46588dbb9dbeac64faf75f4ac4fc4cd834134153
jhb_full382_unified_a_merge01_c0925_fpcut_2026_06_01_t00002748,jhb_full382_unified_a_merge01_c0925_fpcut_2026_06_01_c0012954,JNB0045,johannesburg,2747,28.0309397163,-26.1416758297,9.5468,a_xs_lt15,residential,residential_fallback,stage1_core,False,00a5486bd63b5cca1b355fdf479ecddd253a38f620b3160bd1d7729956a7a642
jhb_full382_unified_a_merge01_c0925_fpcut_2026_06_01_t00014670,jhb_full382_unified_a_merge01_c0925_fpcut_2026_06_01_c0009509,JNB0090,johannesburg,14669,28.0113352696,-26.1627627675,7.3898,a_xs_lt15,residential,residential_fallback,stage1_core,False,00a80434e0391a44b8ca7bde5ed981d0efbb7555bc2cecb6dbef6eaa94594c8b
jhb_full382_unified_a_merge01_c0925_fpcut_2026_06_01_t00038403,jhb_full382_unified_a_merge01_c0925_fpcut_2026_06_01_c0000427,JNB0375,johannesburg,38402,28.0628423715,-26.2793577322,4.9674,a_xs_lt15,residential,residential_fallback,stage1_core,False,00ae21020d626b9c35917a5cb45605b25326ba239fe3ebe01fedcb21de1939db
jhb_full382_unified_a_merge01_c0925_fpcut_2026_06_01_t00006267,jhb_full382_unified_a_merge01_c0925_fpcut_2026_06_01_c0012320,JNB0059,johannesburg,6266,28.0326518476,-26.1460650875,13.4923,a_xs_lt15,residential,residential_fallback,stage1_core,False,00c2b3b58e190017acb93f241c36ebbc28fe00e8222705113afaf6145691576c
jhb_full382_unified_a_merge01_c0925_fpcut_2026_06_01_t00000057,jhb_full382_unified_a_merge01_c0925_fpcut_2026_06_01_c0014852,JNB0027,johannesburg,56,28.1010276446,-26.1229395588,11.5532,a_xs_lt15,residential,residential_fallback,stage1_core,False,00c5a73f2aabf89ad4a010250d1c60013d841250289d5cab7fedfa6029a548fd
jhb_full382_unified_a_merge01_c0925_fpcut_2026_06_01_t00006306,jhb_full382_unified_a_merge01_c0925_fpcut_2026_06_01_c0012062,JNB0059,johannesburg,6305,28.0306046248,-26.1476956788,13.2551,a_xs_lt15,residential,residential_fallback,stage1_core,True,191581e1a44bbe8f79a493ec2f2db8a456cf6f66ca2ccc22a5de4ca6a5a1513b
jhb_full382_unified_a_merge01_c0925_fpcut_2026_06_01_t00034290,jhb_full382_unified_a_merge01_c0925_fpcut_2026_06_01_c0002245,JNB0326,johannesburg,34289,28.0821477309,-26.2532499317,6.7185,a_xs_lt15,residential,residential_fallback,stage1_core,True,1a87273841c3af4618309f6cb30156e9e6d5eccd2b3155f2e71dceca9a18b6a1
jhb_full382_unified_a_merge01_c0925_fpcut_2026_06_01_t00009682,jhb_full382_unified_a_merge01_c0925_fpcut_2026_06_01_c0012035,JNB0070,johannesburg,9681,28.1406934695,-26.1473783751,7.3475,a_xs_lt15,residential,residential_fallback,stage1_core,True,2432c66d99586b382f251f2d9ec5282c53207537facb723e2d6b399a0ac08ded
jhb_full382_unified_a_merge01_c0925_fpcut_2026_06_01_t00002777,jhb_full382_unified_a_merge01_c0925_fpcut_2026_06_01_c0012818,JNB0045,johannesburg,2776,28.0318868010,-26.1429138888,9.2829,a_xs_lt15,residential,residential_fallback,stage1_core,True,2eff70acd22c3a4026ed7392e44700cda194d4b1fecb18215557180fdbadc6f9
jhb_full382_unified_a_merge01_c0925_fpcut_2026_06_01_t00040125,jhb_full382_unified_a_merge01_c0925_fpcut_2026_06_01_c0015524,JNB0020,johannesburg,40124,28.1341040478,-26.1110314192,8.0676,a_xs_lt15,residential,residential_fallback,stage1_core,True,3d0a79c142420335b8ec56714301c89c76557c68c662c915217494d06250de1e
jhb_full382_unified_a_merge01_c0925_fpcut_2026_06_01_t00005812,jhb_full382_unified_a_merge01_c0925_fpcut_2026_06_01_c0012175,JNB0058,johannesburg,5811,28.0228594374,-26.1475282336,11.034,a_xs_lt15,residential,residential_fallback,stage1_core,True,472ddfbc80ec1352a626c4b03f42e45da23f02781465d7df4af9a06307e57659
jhb_full382_unified_a_merge01_c0925_fpcut_2026_06_01_t00005120,jhb_full382_unified_a_merge01_c0925_fpcut_2026_06_01_c0013616,JNB0053,johannesburg,5119,28.1142839545,-26.1369745293,8.5646,a_xs_lt15,residential,residential_fallback,stage1_core,True,4f245299f599b1ee159c2ecc3672198836862f884ed9df1b44de4bbac751d28c
jhb_full382_unified_a_merge01_c0925_fpcut_2026_06_01_t00025933,jhb_full382_unified_a_merge01_c0925_fpcut_2026_06_01_c0005696,JNB0167,johannesburg,25932,28.1157100814,-26.1900267369,4.6804,a_xs_lt15,residential,residential_fallback,stage1_core,True,5d78da3d9783856aec5f670f9a3da8c1afeac8e9ea7457f8004ad3ea8c9eae79
jhb_full382_unified_a_merge01_c0925_fpcut_2026_06_01_t00009693,jhb_full382_unified_a_merge01_c0925_fpcut_2026_06_01_c0012035,JNB0070,johannesburg,9692,28.1407795264,-26.1477639957,4.7196,a_xs_lt15,residential,residential_fallback,stage1_core,True,5f6b11a47425bce037f60f55e27d999b8d2a4ea3fdf72a1004752fba6c7e8d74
jhb_full382_unified_a_merge01_c0925_fpcut_2026_06_01_t00025667,jhb_full382_unified_a_merge01_c0925_fpcut_2026_06_01_c0005115,JNB0165,johannesburg,25666,28.0950295995,-26.1969225761,8.3102,a_xs_lt15,residential,residential_fallback,stage1_core,True,995d8e1c12049299a01b8a0e84795ade3f831402a9e5709339bf2210fb49e51e
jhb_full382_unified_a_merge01_c0925_fpcut_2026_06_01_t00010572,jhb_full382_unified_a_merge01_c0925_fpcut_2026_06_01_c0010112,JNB0073,johannesburg,10571,28.0275371462,-26.1589960610,6.5682,a_xs_lt15,residential,residential_fallback,stage1_core,True,ca8b1cee37591d04786c038e91ca789f93af5975695998c3bc5c473cb4a05808
jhb_full382_unified_a_merge01_c0925_fpcut_2026_06_01_t00022150,jhb_full382_unified_a_merge01_c0925_fpcut_2026_06_01_c0008186,JNB0125,johannesburg,22149,28.1539331894,-26.1710876824,4.9456,a_xs_lt15,residential,residential_fallback,stage1_core,True,cb9b1e6a9fb896263ca144849eae4ef3ebbbc15c78884a603dd5529465856d22
jhb_full382_unified_a_merge01_c0925_fpcut_2026_06_01_t00022151,jhb_full382_unified_a_merge01_c0925_fpcut_2026_06_01_c0008186,JNB0125,johannesburg,22150,28.1538593695,-26.1709729805,4.8249,a_xs_lt15,residential,residential_fallback,stage1_core,True,e75863ddc923ebb4d3e7ea2d3236db24b1285e7b7882e31a5aaa5ea5374444cc
jhb_full382_unified_a_merge01_c0925_fpcut_2026_06_01_t00026736,jhb_full382_unified_a_merge01_c0925_fpcut_2026_06_01_c0005336,JNB0171,johannesburg,26735,28.1523385170,-26.1938782188,14.4424,a_xs_lt15,residential,residential_fallback,stage1_core,True,f97606c5a5b15e859e1fcc0db8c558648023a25b3e5707ef31204218c206c477
jhb_full382_unified_a_merge01_c0925_fpcut_2026_06_01_t00022788,jhb_full382_unified_a_merge01_c0925_fpcut_2026_06_01_c0006650,JNB0133,johannesburg,22787,28.0131327500,-26.1808283743,28.0717,b_sm_15_40,cbd,cbd25_spatial_crosswalk,stage1_core,False,0082f7735155c31ae4998a5be92fd9275bd9dda5f92c9e755d0f73725f7a036c
jhb_full382_unified_a_merge01_c0925_fpcut_2026_06_01_t00027777,jhb_full382_unified_a_merge01_c0925_fpcut_2026_06_01_c0004539,JNB0184,johannesburg,27776,28.0497735202,-26.2053873707,32.1011,b_sm_15_40,cbd,cbd25_spatial_crosswalk,stage1_core,False,01516ee63e6a8904685c9b2d5d28646c0c4e99906f4d98af9879a6f505c009a4
jhb_full382_unified_a_merge01_c0925_fpcut_2026_06_01_t00028507,jhb_full382_unified_a_merge01_c0925_fpcut_2026_06_01_c0004323,JNB0205,johannesburg,28506,28.0194822276,-26.2100747158,15.5847,b_sm_15_40,cbd,cbd25_spatial_crosswalk,stage1_core,False,0252d9a4fde40bcc698900347b7871b2f429023bad06d6e3ce0b49280979030f
jhb_full382_unified_a_merge01_c0925_fpcut_2026_06_01_t00025313,jhb_full382_unified_a_merge01_c0925_fpcut_2026_06_01_c0005429,JNB0158,johannesburg,25312,28.0284291541,-26.1928482137,29.1424,b_sm_15_40,cbd,cbd25_spatial_crosswalk,stage1_core,False,0554ac298b6eba564b6b5e363dc7a3148906df29a76de142d87bc6806aba5031
jhb_full382_unified_a_merge01_c0925_fpcut_2026_06_01_t00027769,jhb_full382_unified_a_merge01_c0925_fpcut_2026_06_01_c0004537,JNB0184,johannesburg,27768,28.0499215963,-26.2051612076,37.4767,b_sm_15_40,cbd,cbd25_spatial_crosswalk,stage1_core,False,067fa3e5fef32ba49a15328d7d485a61a67d1d2da38b2f825f96505e594aa06f
jhb_full382_unified_a_merge01_c0925_fpcut_2026_06_01_t00029341,jhb_full382_unified_a_merge01_c0925_fpcut_2026_06_01_c0003958,JNB0229,johannesburg,29340,28.0158822575,-26.2195377649,28.5978,b_sm_15_40,cbd,cbd25_spatial_crosswalk,stage1_core,False,07336b81d5a1f3aa2fe8f0da44ff732573d95bbd82f8464a4c3d43f588b632ee
jhb_full382_unified_a_merge01_c0925_fpcut_2026_06_01_t00029542,jhb_full382_unified_a_merge01_c0925_fpcut_2026_06_01_c0003915,JNB0231,johannesburg,29541,28.0364453500,-26.2211480284,26.4058,b_sm_15_40,cbd,cbd25_spatial_crosswalk,stage1_core,False,07aa1eadf0be9b909b36004ff07df709f4552cfc5f9b441269768c04cad48483
jhb_full382_unified_a_merge01_c0925_fpcut_2026_06_01_t00029325,jhb_full382_unified_a_merge01_c0925_fpcut_2026_06_01_c0003976,JNB0229,johannesburg,29324,28.0121820743,-26.2187327927,27.4287,b_sm_15_40,cbd,cbd25_spatial_crosswalk,stage1_core,False,07b44b3d47f7cb974a98da90e13d3357517a2ff8f7772af03a0123c8ee8f8974
jhb_full382_unified_a_merge01_c0925_fpcut_2026_06_01_t00022898,jhb_full382_unified_a_merge01_c0925_fpcut_2026_06_01_c0006238,JNB0133,johannesburg,22897,28.0193518665,-26.1846011257,33.1749,b_sm_15_40,cbd,cbd25_spatial_crosswalk,stage1_core,False,0947370b8c830502b0976baa97dc7b15e368408ec87f8b7d5c6d10c03486308c
jhb_full382_unified_a_merge01_c0925_fpcut_2026_06_01_t00029470,jhb_full382_unified_a_merge01_c0925_fpcut_2026_06_01_c0004043,JNB0231,johannesburg,29469,28.0333487422,-26.2165796743,20.7299,b_sm_15_40,cbd,cbd25_spatial_crosswalk,stage1_core,False,0b51c2274bda17b16efafc88e2f0f612a82481e506c7f65e3e8abf6372865a82
jhb_full382_unified_a_merge01_c0925_fpcut_2026_06_01_t00022783,jhb_full382_unified_a_merge01_c0925_fpcut_2026_06_01_c0006764,JNB0133,johannesburg,22782,28.0145527177,-26.1805883907,18.7771,b_sm_15_40,cbd,cbd25_spatial_crosswalk,stage1_core,False,0cbee4ae626e65b7c70e4642cdb1929e5c66e36dde2eddb1f0c9073675c973a0
jhb_full382_unified_a_merge01_c0925_fpcut_2026_06_01_t00022888,jhb_full382_unified_a_merge01_c0925_fpcut_2026_06_01_c0006236,JNB0133,johannesburg,22887,28.0195100775,-26.1842631109,31.2233,b_sm_15_40,cbd,cbd25_spatial_crosswalk,stage1_core,False,0cf9c4d63f4302009c21faaf14b9ed217f7cf0b56fab542cd56cf993e3ecabff
jhb_full382_unified_a_merge01_c0925_fpcut_2026_06_01_t00027548,jhb_full382_unified_a_merge01_c0925_fpcut_2026_06_01_c0004903,JNB0183,johannesburg,27547,28.0347811018,-26.2000287886,19.4275,b_sm_15_40,cbd,cbd25_spatial_crosswalk,stage1_core,False,0cfc4286fc697da2738fcc7f1ba73a6f08ff49679c976ff946c2a4b71309ee73
jhb_full382_unified_a_merge01_c0925_fpcut_2026_06_01_t00029369,jhb_full382_unified_a_merge01_c0925_fpcut_2026_06_01_c0003955,JNB0229,johannesburg,29368,28.0161188237,-26.2190488864,22.7597,b_sm_15_40,cbd,cbd25_spatial_crosswalk,stage1_core,False,0da629189c77f8b985f69a22af882314fb788a169149b5fa5f7d91064a541e4d
jhb_full382_unified_a_merge01_c0925_fpcut_2026_06_01_t00029572,jhb_full382_unified_a_merge01_c0925_fpcut_2026_06_01_c0003963,JNB0232,johannesburg,29571,28.0433173925,-26.2189960697,15.3415,b_sm_15_40,cbd,cbd25_spatial_crosswalk,stage1_core,False,0eba95436f5e783ce58708b6988e6623d61322eb28773de1b284b0d341bf992a
jhb_full382_unified_a_merge01_c0925_fpcut_2026_06_01_t00028643,jhb_full382_unified_a_merge01_c0925_fpcut_2026_06_01_c0004331,JNB0207,johannesburg,28642,28.0397076116,-26.2096744462,29.8887,b_sm_15_40,cbd,cbd25_spatial_crosswalk,stage1_core,False,11181622535d865a27823804b4a74763b8face9009b45b933be5fa9feebe11a9
jhb_full382_unified_a_merge01_c0925_fpcut_2026_06_01_t00025390,jhb_full382_unified_a_merge01_c0925_fpcut_2026_06_01_c0005597,JNB0159,johannesburg,25389,28.0349723282,-26.1914896167,24.9722,b_sm_15_40,cbd,cbd25_spatial_crosswalk,stage1_core,False,11d466044e7b87197d8851ec21fe0eecc8042447a24801fc99656e05fd72c007
jhb_full382_unified_a_merge01_c0925_fpcut_2026_06_01_t00025493,jhb_full382_unified_a_merge01_c0925_fpcut_2026_06_01_c0005162,JNB0161,johannesburg,25492,28.0534431736,-26.1965549145,23.144,b_sm_15_40,cbd,cbd25_spatial_crosswalk,stage1_core,False,1491bc96e38e4dfeccea0eee710b3f6f092624440268c10e26ff3f0e5d271df7
jhb_full382_unified_a_merge01_c0925_fpcut_2026_06_01_t00023317,jhb_full382_unified_a_merge01_c0925_fpcut_2026_06_01_c0006168,JNB0135,johannesburg,23316,28.0317945798,-26.1854241994,34.0321,b_sm_15_40,cbd,cbd25_spatial_crosswalk,stage1_core,False,1495668561fa7aa7d0345667eb5725bfbe8acee58cc780c68e9b5e90ec3b552c
jhb_full382_unified_a_merge01_c0925_fpcut_2026_06_01_t00028770,jhb_full382_unified_a_merge01_c0925_fpcut_2026_06_01_c0004128,JNB0208,johannesburg,28769,28.0420446292,-26.2148766868,19.7262,b_sm_15_40,cbd,cbd25_spatial_crosswalk,stage1_core,False,1495dcbb8e3d98e2c728f132ffd615a38f2cfdfb4573dd987d6c437eb0b5e2bc
jhb_full382_unified_a_merge01_c0925_fpcut_2026_06_01_t00023181,jhb_full382_unified_a_merge01_c0925_fpcut_2026_06_01_c0006357,JNB0135,johannesburg,23180,28.0337936774,-26.1835930150,30.9381,b_sm_15_40,cbd,cbd25_spatial_crosswalk,stage1_core,False,16574b75eac779da1b1a50ea867791056aa6dfa8f4dfab0af2833d17cd4f90c9
jhb_full382_unified_a_merge01_c0925_fpcut_2026_06_01_t00022882,jhb_full382_unified_a_merge01_c0925_fpcut_2026_06_01_c0006234,JNB0133,johannesburg,22881,28.0191889613,-26.1843674845,23.2198,b_sm_15_40,cbd,cbd25_spatial_crosswalk,stage1_core,False,17c1af26ae730fcc539b1f97d9a35950f77f799e4d710ad437b44b27ccc7de82
jhb_full382_unified_a_merge01_c0925_fpcut_2026_06_01_t00027783,jhb_full382_unified_a_merge01_c0925_fpcut_2026_06_01_c0004540,JNB0184,johannesburg,27782,28.0499092118,-26.2053541691,38.0436,b_sm_15_40,cbd,cbd25_spatial_crosswalk,stage1_core,False,17c72af7a7c1f41011cb95f7225d0aadc096e6bd83e4ed8994ea8df3abbff0ac
jhb_full382_unified_a_merge01_c0925_fpcut_2026_06_01_t00023051,jhb_full382_unified_a_merge01_c0925_fpcut_2026_06_01_c0006458,JNB0134,johannesburg,23050,28.0288117022,-26.1823224736,38.5672,b_sm_15_40,cbd,cbd25_spatial_crosswalk,stage1_core,False,17e51c469bd9a7feecf3f6386bad6854936120c07877521f3a9ea143aa6793ac
jhb_full382_unified_a_merge01_c0925_fpcut_2026_06_01_t00027759,jhb_full382_unified_a_merge01_c0925_fpcut_2026_06_01_c0004534,JNB0184,johannesburg,27758,28.0498567421,-26.2049778244,37.5527,b_sm_15_40,cbd,cbd25_spatial_crosswalk,stage1_core,False,19087655c54890865fe6a4fac38d4faa22a61c2d24d12bbcade220eb69299644
jhb_full382_unified_a_merge01_c0925_fpcut_2026_06_01_t00028781,jhb_full382_unified_a_merge01_c0925_fpcut_2026_06_01_c0004380,JNB0208,johannesburg,28780,28.0506774245,-26.2090434231,15.7995,b_sm_15_40,cbd,cbd25_spatial_crosswalk,stage1_core,False,1b537c5be562f934ee2b4896303a44c8b0bda4aad5e1ccb972265307bc289fd8
jhb_full382_unified_a_merge01_c0925_fpcut_2026_06_01_t00023219,jhb_full382_unified_a_merge01_c0925_fpcut_2026_06_01_c0006260,JNB0135,johannesburg,23218,28.0336815819,-26.1842290222,16.0874,b_sm_15_40,cbd,cbd25_spatial_crosswalk,stage1_core,False,1e86966e3ceecc6375f99fd8496c796a0803084af44568935dc047d10621b5c1
jhb_full382_unified_a_merge01_c0925_fpcut_2026_06_01_t00025454,jhb_full382_unified_a_merge01_c0925_fpcut_2026_06_01_c0005435,JNB0160,johannesburg,25453,28.0473721022,-26.1928351781,15.8083,b_sm_15_40,cbd,cbd25_spatial_crosswalk,stage1_core,False,1feacd02e5ac529266d38a53b938e3fdf453eb88ecc874548d5f5f7ae53e9918
jhb_full382_unified_a_merge01_c0925_fpcut_2026_06_01_t00028422,jhb_full382_unified_a_merge01_c0925_fpcut_2026_06_01_c0004436,JNB0205,johannesburg,28421,28.0174404918,-26.2071037300,18.9874,b_sm_15_40,cbd,cbd25_spatial_crosswalk,stage1_core,False,231b669f1bb6055ff157c9d37019b598e5739c3af20dd3d33adedac50f591adb
jhb_full382_unified_a_merge01_c0925_fpcut_2026_06_01_t00027422,jhb_full382_unified_a_merge01_c0925_fpcut_2026_06_01_c0004482,JNB0181,johannesburg,27421,28.0201493064,-26.2064994524,34.0867,b_sm_15_40,cbd,cbd25_spatial_crosswalk,stage1_core,False,2398b1bc376fddf65944a0789fdc4cb1240374b2ce215889f38523d670b1868e
jhb_full382_unified_a_merge01_c0925_fpcut_2026_06_01_t00027772,jhb_full382_unified_a_merge01_c0925_fpcut_2026_06_01_c0004537,JNB0184,johannesburg,27771,28.0499602879,-26.2051570772,37.1909,b_sm_15_40,cbd,cbd25_spatial_crosswalk,stage1_core,False,23e9246114d85a3210936c3109ebf25dc4dde21b8560287bf3042f4ae0cfe582
jhb_full382_unified_a_merge01_c0925_fpcut_2026_06_01_t00023265,jhb_full382_unified_a_merge01_c0925_fpcut_2026_06_01_c0006264,JNB0135,johannesburg,23264,28.0337021501,-26.1845345258,19.0708,b_sm_15_40,cbd,cbd25_spatial_crosswalk,stage1_core,False,242a9229f6e5380fb4c40164b2927343e4a81f776da9204ae3b927e34aa290b5
jhb_full382_unified_a_merge01_c0925_fpcut_2026_06_01_t00027379,jhb_full382_unified_a_merge01_c0925_fpcut_2026_06_01_c0004727,JNB0181,johannesburg,27378,28.0113867133,-26.2019462720,19.3016,b_sm_15_40,cbd,cbd25_spatial_crosswalk,stage1_core,False,2443934860610028d8a97bd211948c626a19b2f848e93b2d84157b0cc774841b
jhb_full382_unified_a_merge01_c0925_fpcut_2026_06_01_t00029302,jhb_full382_unified_a_merge01_c0925_fpcut_2026_06_01_c0004005,JNB0229,johannesburg,29301,28.0155846494,-26.2171762046,17.3638,b_sm_15_40,cbd,cbd25_spatial_crosswalk,stage1_core,False,28d21a4b8f731a54ae593175d08f7ba963fa736bb52f26974c039f6f9d76bf43
jhb_full382_unified_a_merge01_c0925_fpcut_2026_06_01_t00029647,jhb_full382_unified_a_merge01_c0925_fpcut_2026_06_01_c0003862,JNB0235,johannesburg,29646,28.0765341112,-26.2232050819,22.4955,b_sm_15_40,industrial,coj_zoning_industrial_n3_purity_ge_0.70,stage1_core,False,007a8c289fca6f179a3aaf8c91144986a26a89174cd686efa8eb1284fd6f0fbd
jhb_full382_unified_a_merge01_c0925_fpcut_2026_06_01_t00029698,jhb_full382_unified_a_merge01_c0925_fpcut_2026_06_01_c0003839,JNB0239,johannesburg,29697,28.1113513090,-26.2236077634,15.2784,b_sm_15_40,industrial,osm_industrial_share_ge_0.03,stage1_core,False,00cb47a16627314b53b1d4d4bbb9a42887b5aa8a836dcbb06ded81832143e6e6
jhb_full382_unified_a_merge01_c0925_fpcut_2026_06_01_t00026945,jhb_full382_unified_a_merge01_c0925_fpcut_2026_06_01_c0004426,JNB0176,johannesburg,26944,27.9655927648,-26.2072379563,16.036,b_sm_15_40,industrial,osm_industrial_share_ge_0.03,stage1_core,False,0115e645c94f136d1341175a71789b96004f588e9d8eab9a8e036e110b536d3c
jhb_full382_unified_a_merge01_c0925_fpcut_2026_06_01_t00002473,jhb_full382_unified_a_merge01_c0925_fpcut_2026_06_01_c0014458,JNB0043,johannesburg,2472,28.1460472969,-26.1279219966,17.5881,b_sm_15_40,industrial,osm_industrial_share_ge_0.03,stage1_core,False,018ab3e77eb31352724bc6d400427b2b802ff4dbd2eab234bf2a3263a46aed06
jhb_full382_unified_a_merge01_c0925_fpcut_2026_06_01_t00039560,jhb_full382_unified_a_merge01_c0925_fpcut_2026_06_01_c0015423,JNB0014,johannesburg,39559,28.0717002061,-26.1143443005,32.3791,b_sm_15_40,industrial,osm_industrial_share_ge_0.03,stage1_core,False,01d36bb376eb3c51762caf2e1978468066c50b10f0939c83520b5446ab06be08
jhb_full382_unified_a_merge01_c0925_fpcut_2026_06_01_t00030212,jhb_full382_unified_a_merge01_c0925_fpcut_2026_06_01_c0003810,JNB0256,johannesburg,30211,28.0443524231,-26.2250551770,21.276,b_sm_15_40,industrial,coj_zoning_industrial_n3_purity_ge_0.70,stage1_core,False,0207e059d9f65d1eb00ed799054eac90672d71540aad86fe147f070d494791d8
jhb_full382_unified_a_merge01_c0925_fpcut_2026_06_01_t00028265,jhb_full382_unified_a_merge01_c0925_fpcut_2026_06_01_c0004766,JNB0193,johannesburg,28264,28.1357648069,-26.2011166431,32.3907,b_sm_15_40,industrial,osm_industrial_share_ge_0.03,stage1_core,False,025d7f84d91f033e1576633f941041d911a240feb51219242434508b51b270ad
jhb_full382_unified_a_merge01_c0925_fpcut_2026_06_01_t00032836,jhb_full382_unified_a_merge01_c0925_fpcut_2026_06_01_c0002703,JNB0299,johannesburg,32835,28.0182298913,-26.2474919994,39.0686,b_sm_15_40,industrial,osm_industrial_share_ge_0.03,stage1_core,False,039aff79f35f898a236e02b6c05fca4614f464447fc409d2ce296fd9946e7a29
jhb_full382_unified_a_merge01_c0925_fpcut_2026_06_01_t00031926,jhb_full382_unified_a_merge01_c0925_fpcut_2026_06_01_c0003470,JNB0285,johannesburg,31925,28.0929040288,-26.2350492879,22.8392,b_sm_15_40,industrial,osm_industrial_share_ge_0.03,stage1_core,False,03be1ff2a5c9041189f322b726027313c0a711f7c9c0c601499ea783377f1745
jhb_full382_unified_a_merge01_c0925_fpcut_2026_06_01_t00029172,jhb_full382_unified_a_merge01_c0925_fpcut_2026_06_01_c0004423,JNB0216,johannesburg,29171,28.1306685474,-26.2072152912,21.9665,b_sm_15_40,industrial,osm_industrial_share_ge_0.03,stage1_core,False,03f5ced59b4a458ce1f6f1873937f44eb8b8506bffc7daa3fff72658d94e592a
jhb_full382_unified_a_merge01_c0925_fpcut_2026_06_01_t00030184,jhb_full382_unified_a_merge01_c0925_fpcut_2026_06_01_c0003648,JNB0254,johannesburg,30183,28.0264291436,-26.2323547883,23.8257,b_sm_15_40,industrial,osm_industrial_share_ge_0.03,stage1_core,False,04b7e2e7b796e754df0b7432b924ec060d128c71c8fdaa3915fb418f29d5560c
jhb_full382_unified_a_merge01_c0925_fpcut_2026_06_01_t00032425,jhb_full382_unified_a_merge01_c0925_fpcut_2026_06_01_c0002504,JNB0295,johannesburg,32424,27.9770920385,-26.2509884351,27.1901,b_sm_15_40,industrial,osm_industrial_share_ge_0.03,stage1_core,False,050a0309f002a7fc14a2d2c7fe7746a97de5a578f1ad9ec86435fa7fd689baec
jhb_full382_unified_a_merge01_c0925_fpcut_2026_06_01_t00032483,jhb_full382_unified_a_merge01_c0925_fpcut_2026_06_01_c0002440,JNB0295,johannesburg,32482,27.9781031074,-26.2519860963,36.8522,b_sm_15_40,industrial,osm_industrial_share_ge_0.03,stage1_core,False,050cd758b86ac9525e46a934bcc977751edcccaa5d78e53e3fd9f278046d3ba4
jhb_full382_unified_a_merge01_c0925_fpcut_2026_06_01_t00002471,jhb_full382_unified_a_merge01_c0925_fpcut_2026_06_01_c0014500,JNB0043,johannesburg,2470,28.1471410386,-26.1275459990,30.1065,b_sm_15_40,industrial,osm_industrial_share_ge_0.03,stage1_core,False,050d751860266d797f819e1e1c5b18da972461d5298b9085fb0e93d22705b973
jhb_full382_unified_a_merge01_c0925_fpcut_2026_06_01_t00030605,jhb_full382_unified_a_merge01_c0925_fpcut_2026_06_01_c0003779,JNB0264,johannesburg,30604,28.1295917505,-26.2274782971,29.89,b_sm_15_40,industrial,osm_industrial_share_ge_0.03,stage1_core,False,0683909097496ccc4ee8f215ebfc2d84c29299d3016b205db135e00e3a7d4d76
jhb_full382_unified_a_merge01_c0925_fpcut_2026_06_01_t00034084,jhb_full382_unified_a_merge01_c0925_fpcut_2026_06_01_c0002108,JNB0320,johannesburg,34083,28.0238259111,-26.2557100994,29.5037,b_sm_15_40,industrial,osm_industrial_share_ge_0.03,stage1_core,False,07556fabe5471efea0bee7d09033f001971525ddd4d5ed74b1c5fa511cc55144
jhb_full382_unified_a_merge01_c0925_fpcut_2026_06_01_t00033409,jhb_full382_unified_a_merge01_c0925_fpcut_2026_06_01_c0002744,JNB0310,johannesburg,33408,28.1312665735,-26.2466304020,25.1776,b_sm_15_40,industrial,osm_industrial_share_ge_0.03,stage1_core,False,080c1072f66f0dbf8fca23ee539f9ba6b15d5a7c4024c64641c682056390d724
jhb_full382_unified_a_merge01_c0925_fpcut_2026_06_01_t00022422,jhb_full382_unified_a_merge01_c0925_fpcut_2026_06_01_c0006326,JNB0126,johannesburg,22421,27.9487276592,-26.1839838794,15.3231,b_sm_15_40,industrial,osm_industrial_share_ge_0.03,stage1_core,False,0820cd76768ccad691e15fc8e1158879edc0f52c04f7cb966c9404b6dc32d8fc
jhb_full382_unified_a_merge01_c0925_fpcut_2026_06_01_t00031949,jhb_full382_unified_a_merge01_c0925_fpcut_2026_06_01_c0003474,JNB0285,johannesburg,31948,28.0925591292,-26.2353472752,23.0846,b_sm_15_40,industrial,osm_industrial_share_ge_0.03,stage1_core,False,089568be5469830854b51781923d6d91cecf8e6e5835b0d4f8e2f621f482a2e9
jhb_full382_unified_a_merge01_c0925_fpcut_2026_06_01_t00028272,jhb_full382_unified_a_merge01_c0925_fpcut_2026_06_01_c0005002,JNB0193,johannesburg,28271,28.1361888999,-26.1980157636,18.6879,b_sm_15_40,industrial,osm_industrial_share_ge_0.03,stage1_core,False,09b0b67b9c375912f89191f9d69b351af2e4e8550405c2407e52a51787fd700d
jhb_full382_unified_a_merge01_c0925_fpcut_2026_06_01_t00034041,jhb_full382_unified_a_merge01_c0925_fpcut_2026_06_01_c0001941,JNB0319,johannesburg,34040,28.0149873086,-26.2584126333,15.389,b_sm_15_40,industrial,osm_industrial_share_ge_0.03,stage1_core,False,09b3ae240b35f3708854f15e5ceab342e21a8d1efc32f4a71608f1a13e0a7a6a
jhb_full382_unified_a_merge01_c0925_fpcut_2026_06_01_t00034083,jhb_full382_unified_a_merge01_c0925_fpcut_2026_06_01_c0002107,JNB0320,johannesburg,34082,28.0237352712,-26.2558007578,15.0418,b_sm_15_40,industrial,osm_industrial_share_ge_0.03,stage1_core,False,0acc85e3bc50d2ad578daf8ca2cae0d74309e5c12e2ce2ec0c7b0070bc8ee331
jhb_full382_unified_a_merge01_c0925_fpcut_2026_06_01_t00002458,jhb_full382_unified_a_merge01_c0925_fpcut_2026_06_01_c0014501,JNB0043,johannesburg,2457,28.1485238325,-26.1267356135,16.9402,b_sm_15_40,industrial,osm_industrial_share_ge_0.03,stage1_core,False,0b4216e4b35cd3f702f9058b1821ec2ed57427ea1cdc04f18d3fbef1e0941369
jhb_full382_unified_a_merge01_c0925_fpcut_2026_06_01_t00026768,jhb_full382_unified_a_merge01_c0925_fpcut_2026_06_01_c0005012,JNB0172,johannesburg,26767,27.9271227540,-26.1994097359,25.6641,b_sm_15_40,industrial,osm_industrial_share_ge_0.03,stage1_core,False,0b5ef22100141befa84dcbbad6b0f66e6f12341c6299bf0c49ef808596426651
jhb_full382_unified_a_merge01_c0925_fpcut_2026_06_01_t00029753,jhb_full382_unified_a_merge01_c0925_fpcut_2026_06_01_c0003879,JNB0240,johannesburg,29752,28.1218448676,-26.2225011352,31.1333,b_sm_15_40,industrial,osm_industrial_share_ge_0.03,stage1_core,False,0b799e186e24c51ad8dfc68d43a67cf401b5e91ea9b8b3de290607429ac99f12
jhb_full382_unified_a_merge01_c0925_fpcut_2026_06_01_t00033125,jhb_full382_unified_a_merge01_c0925_fpcut_2026_06_01_c0002937,JNB0307,johannesburg,33124,28.0966234308,-26.2438520723,15.331,b_sm_15_40,industrial,osm_industrial_share_ge_0.03,stage1_core,False,0b8723245e383a60081ebde438c454c9c6bfcfdee8b54f8d8b2fe31f14f4e710
jhb_full382_unified_a_merge01_c0925_fpcut_2026_06_01_t00033032,jhb_full382_unified_a_merge01_c0925_fpcut_2026_06_01_c0002717,JNB0307,johannesburg,33031,28.0956566950,-26.2473444886,36.9688,b_sm_15_40,industrial,osm_industrial_share_ge_0.03,stage1_core,False,0c16eb5c4894c3d708d052d71aaf962f065ee47b36155f02958ebba671ecdb68
jhb_full382_unified_a_merge01_c0925_fpcut_2026_06_01_t00029628,jhb_full382_unified_a_merge01_c0925_fpcut_2026_06_01_c0003892,JNB0234,johannesburg,29627,28.0701998009,-26.2220543377,37.8859,b_sm_15_40,industrial,osm_industrial_share_ge_0.03,stage1_core,False,0c1704f4524b6ba72c3b56a3e25a0278d8467ead690ddf450847a1cb97b39fff
jhb_full382_unified_a_merge01_c0925_fpcut_2026_06_01_t00000043,jhb_full382_unified_a_merge01_c0925_fpcut_2026_06_01_c0014792,JNB0026,johannesburg,42,28.0978171817,-26.1238526501,28.8825,b_sm_15_40,industrial,osm_industrial_share_ge_0.03,stage1_core,True,0fe517989c05c33c9932964daf4fdd0504be0e27d7bcddcb53847b8d3af1f18b
jhb_full382_unified_a_merge01_c0925_fpcut_2026_06_01_t00039735,jhb_full382_unified_a_merge01_c0925_fpcut_2026_06_01_c0015497,JNB0015,johannesburg,39734,28.0834215366,-26.1124845302,16.3981,b_sm_15_40,industrial,osm_industrial_share_ge_0.03,stage1_core,True,67c2754f52ceba7adc3d3c4ee16ea460d2fa73c210269c7c1235f28c586306db
jhb_full382_unified_a_merge01_c0925_fpcut_2026_06_01_t00030642,jhb_full382_unified_a_merge01_c0925_fpcut_2026_06_01_c0003772,JNB0264,johannesburg,30641,28.1302750755,-26.2279912282,35.9195,b_sm_15_40,industrial,osm_industrial_share_ge_0.03,stage1_core,True,7055002228a94f8d1d9910ee5167ccf450142295dae40f0d766e972881543c45
jhb_full382_unified_a_merge01_c0925_fpcut_2026_06_01_t00041296,jhb_full382_unified_a_merge01_c0925_fpcut_2026_06_01_c0014844,JNB0025,johannesburg,41295,28.0807428183,-26.1235176579,16.2296,b_sm_15_40,industrial,osm_industrial_share_ge_0.03,stage1_core,True,ac0047f6de587620d412c498badba840bede22bc40bb2d8c3e32798702ba2ae1
jhb_full382_unified_a_merge01_c0925_fpcut_2026_06_01_t00032724,jhb_full382_unified_a_merge01_c0925_fpcut_2026_06_01_c0002912,JNB0299,johannesburg,32723,28.0121636249,-26.2448663215,24.0436,b_sm_15_40,industrial,osm_industrial_share_ge_0.03,stage1_core,True,caa741de1ce29c04d93210bfa2f86655134ff338738ac047103819aa39a3d699
jhb_full382_unified_a_merge01_c0925_fpcut_2026_06_01_t00035164,jhb_full382_unified_a_merge01_c0925_fpcut_2026_06_01_c0001285,JNB0338,johannesburg,35163,28.0119526106,-26.2684153976,20.0245,b_sm_15_40,residential,residential_fallback,stage1_core,False,006d8246a0771309e5166f0a29eb158a4fa0ac2a18909ca18af32de7ddc44bfb
jhb_full382_unified_a_merge01_c0925_fpcut_2026_06_01_t00025158,jhb_full382_unified_a_merge01_c0925_fpcut_2026_06_01_c0005838,JNB0156,johannesburg,25157,28.0012951024,-26.1893238225,30.3317,b_sm_15_40,residential,residential_fallback,stage1_core,False,0076cfba19b5326d55944bff4571e0dee672e59c7bbe4e9d6f078d995da2913a
jhb_full382_unified_a_merge01_c0925_fpcut_2026_06_01_t00024606,jhb_full382_unified_a_merge01_c0925_fpcut_2026_06_01_c0006715,JNB0146,johannesburg,24605,28.1428013708,-26.1803275770,20.3999,b_sm_15_40,residential,residential_fallback,stage1_core,False,0099a3f9bfe4a949190cc8967968c4b4a2bd60b0350bf109f1fae226b495b1a7
jhb_full382_unified_a_merge01_c0925_fpcut_2026_06_01_t00010904,jhb_full382_unified_a_merge01_c0925_fpcut_2026_06_01_c0010706,JNB0074,johannesburg,10903,28.0385713485,-26.1561380759,16.3498,b_sm_15_40,residential,residential_fallback,stage1_core,False,00d09f733694269d347476f266291104791e5d08015135f16d1f5aaa927387fa
jhb_full382_unified_a_merge01_c0925_fpcut_2026_06_01_t00040858,jhb_full382_unified_a_merge01_c0925_fpcut_2026_06_01_c0014831,JNB0023,johannesburg,40857,28.0648845691,-26.1234406299,18.4918,b_sm_15_40,residential,residential_fallback,stage1_core,False,00d7502ecbd3d4b2fed9b495cbf0493c79a6ac6621257e8648419dfc07959974
jhb_full382_unified_a_merge01_c0925_fpcut_2026_06_01_t00010009,jhb_full382_unified_a_merge01_c0925_fpcut_2026_06_01_c0010550,JNB0072,johannesburg,10008,28.0118071464,-26.1567637024,32.48,b_sm_15_40,residential,residential_fallback,stage1_core,False,00e41951c837ed514042e895673e62d0f56f971f943c62d8b9f4a44a8899b03f
jhb_full382_unified_a_merge01_c0925_fpcut_2026_06_01_t00004478,jhb_full382_unified_a_merge01_c0925_fpcut_2026_06_01_c0013146,JNB0051,johannesburg,4477,28.0998493322,-26.1407120768,17.5212,b_sm_15_40,residential,residential_fallback,stage1_core,False,00f093c1ac4d7949fc7b7042f06972c1aa8805d1f271c0933d2717ba131965d1
jhb_full382_unified_a_merge01_c0925_fpcut_2026_06_01_t00022049,jhb_full382_unified_a_merge01_c0925_fpcut_2026_06_01_c0007502,JNB0124,johannesburg,22048,28.1464980804,-26.1752902031,16.3142,b_sm_15_40,residential,residential_fallback,stage1_core,False,0135b352ca00ea326927767f194dc7586cfa171b6b1940a34f4d54c042cbd5cd
jhb_full382_unified_a_merge01_c0925_fpcut_2026_06_01_t00038143,jhb_full382_unified_a_merge01_c0925_fpcut_2026_06_01_c0000158,JNB0373,johannesburg,38142,28.0485601844,-26.2846164059,22.3245,b_sm_15_40,residential,residential_fallback,stage1_core,False,013f5c52785da2bd9c9cddd40b6b1118f465fbc4b905cac54efd6b95f4658fbd
jhb_full382_unified_a_merge01_c0925_fpcut_2026_06_01_t00037217,jhb_full382_unified_a_merge01_c0925_fpcut_2026_06_01_c0000784,JNB0359,johannesburg,37216,28.0590007418,-26.2751203879,22.7118,b_sm_15_40,residential,residential_fallback,stage1_core,False,014d067950a1c66810d5c6fb199c000e2c6fb38051376f4d8ae0d14cf5969ee5
jhb_full382_unified_a_merge01_c0925_fpcut_2026_06_01_t00036977,jhb_full382_unified_a_merge01_c0925_fpcut_2026_06_01_c0000544,JNB0358,johannesburg,36976,28.0457802346,-26.2784157463,17.1676,b_sm_15_40,residential,residential_fallback,stage1_core,False,014f6bcce21a09beff356889a3e7908b1eb65bd75defe903878f7185fd8ce389
jhb_full382_unified_a_merge01_c0925_fpcut_2026_06_01_t00011096,jhb_full382_unified_a_merge01_c0925_fpcut_2026_06_01_c0010858,JNB0075,johannesburg,11095,28.0443169217,-26.1541220419,15.4255,b_sm_15_40,residential,residential_fallback,stage1_core,False,0160e9af12cc5789fade974018e4e98382cef146d3c8afa3139893eb7b8f67e3
jhb_full382_unified_a_merge01_c0925_fpcut_2026_06_01_t00011537,jhb_full382_unified_a_merge01_c0925_fpcut_2026_06_01_c0010453,JNB0076,johannesburg,11536,28.0542828388,-26.1570182810,20.7019,b_sm_15_40,residential,residential_fallback,stage1_core,False,016270e9f560e89c0e510bb39f9d86498459a56a4c42420e85e66c0afd5aeca4
jhb_full382_unified_a_merge01_c0925_fpcut_2026_06_01_t00022582,jhb_full382_unified_a_merge01_c0925_fpcut_2026_06_01_c0006752,JNB0131,johannesburg,22581,27.9963232263,-26.1802326045,18.0401,b_sm_15_40,residential,residential_fallback,stage1_core,False,016487e30d5b66a1fba2af85c58fd87594cf7078cdd207dba67bac805f7c83a8
jhb_full382_unified_a_merge01_c0925_fpcut_2026_06_01_t00008209,jhb_full382_unified_a_merge01_c0925_fpcut_2026_06_01_c0011849,JNB0064,johannesburg,8208,28.0824226215,-26.1497753240,31.4973,b_sm_15_40,residential,residential_fallback,stage1_core,False,0188a7fc4888037774cf2f2a54de24e170e708412db77a63ea9e64fc83a15171
jhb_full382_unified_a_merge01_c0925_fpcut_2026_06_01_t00040199,jhb_full382_unified_a_merge01_c0925_fpcut_2026_06_01_c0015590,JNB0020,johannesburg,40198,28.1387989589,-26.1097967810,39.8781,b_sm_15_40,residential,residential_fallback,stage1_core,True,2544952bbb31f7af6b1fd3a528016572deb14a41b355a24ab4352a4f9406fbae
jhb_full382_unified_a_merge01_c0925_fpcut_2026_06_01_t00012125,jhb_full382_unified_a_merge01_c0925_fpcut_2026_06_01_c0010309,JNB0077,johannesburg,12124,28.0687403017,-26.1579302303,20.1611,b_sm_15_40,residential,residential_fallback,stage1_core,True,4319993801d36881901d9dfe276e4fe31bae08aa5c4a70c9b790cc177d5431ac
jhb_full382_unified_a_merge01_c0925_fpcut_2026_06_01_t00020641,jhb_full382_unified_a_merge01_c0925_fpcut_2026_06_01_c0007152,JNB0119,johannesburg,20640,28.0962115198,-26.1767780409,30.8622,b_sm_15_40,residential,residential_fallback,stage1_core,True,4d7aa4a41a7211eb9146cb5a93e99b4d04eece1db0838c909c5aeeacbb496871
jhb_full382_unified_a_merge01_c0925_fpcut_2026_06_01_t00025779,jhb_full382_unified_a_merge01_c0925_fpcut_2026_06_01_c0005242,JNB0166,johannesburg,25778,28.1040195014,-26.1949328987,22.1896,b_sm_15_40,residential,residential_fallback,stage1_core,True,4d9860856763f868313209b8d5b3b559cdc20d69c69db75763076800b2455eab
jhb_full382_unified_a_merge01_c0925_fpcut_2026_06_01_t00035853,jhb_full382_unified_a_merge01_c0925_fpcut_2026_06_01_c0001316,JNB0347,johannesburg,35852,28.1022972650,-26.2674031178,24.9542,b_sm_15_40,residential,residential_fallback,stage1_core,True,52347e022a4f4d246e7b0a1a78e169102bba532ef7bc8216d27d809fc497f3b6
jhb_full382_unified_a_merge01_c0925_fpcut_2026_06_01_t00040195,jhb_full382_unified_a_merge01_c0925_fpcut_2026_06_01_c0015590,JNB0020,johannesburg,40194,28.1388715821,-26.1096190220,17.5577,b_sm_15_40,residential,residential_fallback,stage1_core,True,5fcb5eab9c88d360c5c4ad39b9a78d909670e908d7e3fcd8223018b2b7a5c7f6
jhb_full382_unified_a_merge01_c0925_fpcut_2026_06_01_t00008385,jhb_full382_unified_a_merge01_c0925_fpcut_2026_06_01_c0012515,JNB0065,johannesburg,8384,28.0935667206,-26.1447896816,28.5906,b_sm_15_40,residential,residential_fallback,stage1_core,True,6f0b9dc14892acf3d31eca1f924d7042758121c0893fd437d4921cf24d3a1d3a
jhb_full382_unified_a_merge01_c0925_fpcut_2026_06_01_t00004082,jhb_full382_unified_a_merge01_c0925_fpcut_2026_06_01_c0013802,JNB0050,johannesburg,4081,28.0834242620,-26.1355244408,15.7167,b_sm_15_40,residential,residential_fallback,stage1_core,True,7fed9ada05fef0788fb70079c37ba3516ef6c51749685aef0e678ab57d53e997
jhb_full382_unified_a_merge01_c0925_fpcut_2026_06_01_t00032596,jhb_full382_unified_a_merge01_c0925_fpcut_2026_06_01_c0002380,JNB0297,johannesburg,32595,27.9975690589,-26.2516060946,17.126,b_sm_15_40,residential,residential_fallback,stage1_core,True,895b2d86bb85c04d12dd1fe3ac46f610ebd6bc4db60735002312aae4dfac516a
jhb_full382_unified_a_merge01_c0925_fpcut_2026_06_01_t00008303,jhb_full382_unified_a_merge01_c0925_fpcut_2026_06_01_c0011987,JNB0064,johannesburg,8302,28.0898098338,-26.1483926833,18.1714,b_sm_15_40,residential,residential_fallback,stage1_core,True,a12effbb6d894aed79ab32595827b622e673d0d0b55008019132610d5a62cf10
jhb_full382_unified_a_merge01_c0925_fpcut_2026_06_01_t00008904,jhb_full382_unified_a_merge01_c0925_fpcut_2026_06_01_c0012652,JNB0066,johannesburg,8903,28.1059392596,-26.1442726284,24.8099,b_sm_15_40,residential,residential_fallback,stage1_core,True,a68dd4df6a1e393a141ec84a663842ab28c409179df22c3ce24ac670f22ee2e4
jhb_full382_unified_a_merge01_c0925_fpcut_2026_06_01_t00013109,jhb_full382_unified_a_merge01_c0925_fpcut_2026_06_01_c0009908,JNB0081,johannesburg,13108,28.1059714453,-26.1604127684,29.7941,b_sm_15_40,residential,residential_fallback,stage1_core,True,b389d0ed11e70259481a14017777eee3db15d05421fca33124b5ab92a1bcb5af
jhb_full382_unified_a_merge01_c0925_fpcut_2026_06_01_t00014427,jhb_full382_unified_a_merge01_c0925_fpcut_2026_06_01_c0010672,JNB0086,johannesburg,14426,28.1547910922,-26.1554795914,24.5646,b_sm_15_40,residential,residential_fallback,stage1_core,True,ccff5f57ae7bfc9a1994eec876775c45387871f28b045dc2054bb17a0a90b014
jhb_full382_unified_a_merge01_c0925_fpcut_2026_06_01_t00008656,jhb_full382_unified_a_merge01_c0925_fpcut_2026_06_01_c0011866,JNB0065,johannesburg,8655,28.0992073503,-26.1492272576,19.2393,b_sm_15_40,residential,residential_fallback,stage1_core,True,e4cfe932100c59d4bd2a054e19df454d8f530cab3c94e364ace73dc87aeb753a
jhb_full382_unified_a_merge01_c0925_fpcut_2026_06_01_t00015602,jhb_full382_unified_a_merge01_c0925_fpcut_2026_06_01_c0009396,JNB0092,johannesburg,15601,28.0309045699,-26.1636257125,16.933,b_sm_15_40,residential,residential_fallback,stage1_core,True,e51698831881397bf1fdef6941fe1049e9c74b40f69fa0cfd0e781172a7ed78a
jhb_full382_unified_a_merge01_c0925_fpcut_2026_06_01_t00012600,jhb_full382_unified_a_merge01_c0925_fpcut_2026_06_01_c0010174,JNB0078,johannesburg,12599,28.0788637033,-26.1588630719,17.3235,b_sm_15_40,residential,residential_fallback,stage1_core,True,ed2d049bfd865fd783e465202dc2a1dde03fdaa388be6bc53f7bd2722a27e27d
jhb_full382_unified_a_merge01_c0925_fpcut_2026_06_01_t00005220,jhb_full382_unified_a_merge01_c0925_fpcut_2026_06_01_c0012929,JNB0053,johannesburg,5219,28.1150418098,-26.1422679226,15.9655,b_sm_15_40,residential,residential_fallback,stage1_core,True,f0d04cbc2345e396cc38022a20a5196fb3078228f62441d3dafd8141bc7e01a6
jhb_full382_unified_a_merge01_c0925_fpcut_2026_06_01_t00006827,jhb_full382_unified_a_merge01_c0925_fpcut_2026_06_01_c0011671,JNB0060,johannesburg,6826,28.0407391888,-26.1507763479,15.2118,b_sm_15_40,residential,residential_fallback,stage1_core,True,f69a7193ae619359663d74945c4647718b100d4ff040fe11cb58ecbd7da36a62
jhb_full382_unified_a_merge01_c0925_fpcut_2026_06_01_t00027490,jhb_full382_unified_a_merge01_c0925_fpcut_2026_06_01_c0004796,JNB0182,johannesburg,27489,28.0309183107,-26.2007323104,57.2546,c_md_40_100,cbd,cbd25_spatial_crosswalk,stage1_core,False,0012f80ed62e02c99102f06ce9c655e64da5d4e0483a1167367e81f269525fc1
jhb_full382_unified_a_merge01_c0925_fpcut_2026_06_01_t00029517,jhb_full382_unified_a_merge01_c0925_fpcut_2026_06_01_c0004064,JNB0231,johannesburg,29516,28.0372381714,-26.2163367695,66.7386,c_md_40_100,cbd,cbd25_spatial_crosswalk,stage1_core,False,009adb2ecbb216f5e0370fbf0c59e4228d930949dd6cb131a60cc126d94a4355
jhb_full382_unified_a_merge01_c0925_fpcut_2026_06_01_t00025482,jhb_full382_unified_a_merge01_c0925_fpcut_2026_06_01_c0005367,JNB0161,johannesburg,25481,28.0551002319,-26.1940149202,68.9303,c_md_40_100,cbd,cbd25_spatial_crosswalk,stage1_core,False,01218f140371826ef2a5a211e14d92cebcc650d69d42fa00393df2f6d425828e
jhb_full382_unified_a_merge01_c0925_fpcut_2026_06_01_t00022988,jhb_full382_unified_a_merge01_c0925_fpcut_2026_06_01_c0006342,JNB0134,johannesburg,22987,28.0239246730,-26.1834669598,63.3677,c_md_40_100,cbd,cbd25_spatial_crosswalk,stage1_core,False,01548588bc92e4a2e93f36786b5e58f1d03649bbbc3252701c5f59b7fc0aa3d8
jhb_full382_unified_a_merge01_c0925_fpcut_2026_06_01_t00023336,jhb_full382_unified_a_merge01_c0925_fpcut_2026_06_01_c0006783,JNB0135,johannesburg,23335,28.0393315180,-26.1797089976,67.4413,c_md_40_100,cbd,cbd25_spatial_crosswalk,stage1_core,False,01a37ec812ffa427c90f7579c51627891ec292b8af48dd78abef6a9e5fb47b51
jhb_full382_unified_a_merge01_c0925_fpcut_2026_06_01_t00023164,jhb_full382_unified_a_merge01_c0925_fpcut_2026_06_01_c0006365,JNB0135,johannesburg,23163,28.0345328022,-26.1832860507,55.8246,c_md_40_100,cbd,cbd25_spatial_crosswalk,stage1_core,False,042fdb74cfc41cf434cb386da879cd53bad764d0a8888bd2701b7f4d1acb9163
jhb_full382_unified_a_merge01_c0925_fpcut_2026_06_01_t00025423,jhb_full382_unified_a_merge01_c0925_fpcut_2026_06_01_c0005673,JNB0159,johannesburg,25422,28.0369899214,-26.1906156083,97.7156,c_md_40_100,cbd,cbd25_spatial_crosswalk,stage1_core,False,04c423216fd66f9959ed86ff86e7bd6a83a1d6457659cfcbf10957ac334fc0ba
jhb_full382_unified_a_merge01_c0925_fpcut_2026_06_01_t00028565,jhb_full382_unified_a_merge01_c0925_fpcut_2026_06_01_c0004158,JNB0207,johannesburg,28564,28.0329836272,-26.2129691748,71.1171,c_md_40_100,cbd,cbd25_spatial_crosswalk,stage1_core,False,09d7b553ec4c3e2bcb723041a41ef37317946cf40f115b6103617ee0202f519b
jhb_full382_unified_a_merge01_c0925_fpcut_2026_06_01_t00025349,jhb_full382_unified_a_merge01_c0925_fpcut_2026_06_01_c0005754,JNB0159,johannesburg,25348,28.0329351811,-26.1899523714,45.8728,c_md_40_100,cbd,cbd25_spatial_crosswalk,stage1_core,False,0acd924360101f9d0447b598d8b8ae0cb4cb95c16a941c6098d3c88546f7b537
jhb_full382_unified_a_merge01_c0925_fpcut_2026_06_01_t00029417,jhb_full382_unified_a_merge01_c0925_fpcut_2026_06_01_c0004050,JNB0231,johannesburg,29416,28.0348926724,-26.2162550072,96.124,c_md_40_100,cbd,cbd25_spatial_crosswalk,stage1_core,False,0b140360648b5ce008e136ff246e63cf62431a6a19aac834863cf93c676dc269
jhb_full382_unified_a_merge01_c0925_fpcut_2026_06_01_t00022903,jhb_full382_unified_a_merge01_c0925_fpcut_2026_06_01_c0006239,JNB0133,johannesburg,22902,28.0198022797,-26.1845402110,98.3322,c_md_40_100,cbd,cbd25_spatial_crosswalk,stage1_core,False,11c2030117b5b22430800df56e8c7a88620f5d3626345228057fb89cb278b889
jhb_full382_unified_a_merge01_c0925_fpcut_2026_06_01_t00023141,jhb_full382_unified_a_merge01_c0925_fpcut_2026_06_01_c0006073,JNB0134,johannesburg,23140,28.0270509995,-26.1864253853,63.3914,c_md_40_100,cbd,cbd25_spatial_crosswalk,stage1_core,False,12ddc85b5fb5628f4177990177982688adce87904e11336a46e331276a940f9b
jhb_full382_unified_a_merge01_c0925_fpcut_2026_06_01_t00027383,jhb_full382_unified_a_merge01_c0925_fpcut_2026_06_01_c0004572,JNB0181,johannesburg,27382,28.0131481199,-26.2045032017,40.6776,c_md_40_100,cbd,cbd25_spatial_crosswalk,stage1_core,False,15c57efd6ce7494050a4f6e0cbfb58dbafd935418110e17b1b652524f341aa9b
jhb_full382_unified_a_merge01_c0925_fpcut_2026_06_01_t00029372,jhb_full382_unified_a_merge01_c0925_fpcut_2026_06_01_c0003960,JNB0229,johannesburg,29371,28.0161633540,-26.2194957432,88.1102,c_md_40_100,cbd,cbd25_spatial_crosswalk,stage1_core,False,190fcf1eed8f663693ebf17f9b34986a4302291d89c5b20087b017551a3dda78
jhb_full382_unified_a_merge01_c0925_fpcut_2026_06_01_t00025450,jhb_full382_unified_a_merge01_c0925_fpcut_2026_06_01_c0005364,JNB0160,johannesburg,25449,28.0454786388,-26.1942219190,99.782,c_md_40_100,cbd,cbd25_spatial_crosswalk,stage1_core,False,193ee62eb39cb63a8dddfa9fbc03fdd519aa141cf2bc7e03fc72383cebcbe512
jhb_full382_unified_a_merge01_c0925_fpcut_2026_06_01_t00029591,jhb_full382_unified_a_merge01_c0925_fpcut_2026_06_01_c0003809,JNB0232,johannesburg,29590,28.0428469583,-26.2244540057,48.1671,c_md_40_100,cbd,cbd25_spatial_crosswalk,stage1_core,False,1a0f6286b55aaf1ec781f5d759645045761afe970db43577f4e5c372b433f71d
jhb_full382_unified_a_merge01_c0925_fpcut_2026_06_01_t00023166,jhb_full382_unified_a_merge01_c0925_fpcut_2026_06_01_c0006364,JNB0135,johannesburg,23165,28.0348243523,-26.1832883887,41.5145,c_md_40_100,cbd,cbd25_spatial_crosswalk,stage1_core,False,1b91d03dc6cdc8d02af74ce545ddc949d1fe272e41437c4b06ee788eca470006
jhb_full382_unified_a_merge01_c0925_fpcut_2026_06_01_t00029471,jhb_full382_unified_a_merge01_c0925_fpcut_2026_06_01_c0004042,JNB0231,johannesburg,29470,28.0338595768,-26.2166017881,48.7089,c_md_40_100,cbd,cbd25_spatial_crosswalk,stage1_core,False,1cf89b02d3f5387e47847bc629732f9eb8e478c1c992b8165c225087d91bb580
jhb_full382_unified_a_merge01_c0925_fpcut_2026_06_01_t00025315,jhb_full382_unified_a_merge01_c0925_fpcut_2026_06_01_c0005429,JNB0158,johannesburg,25314,28.0283237277,-26.1928562878,48.7508,c_md_40_100,cbd,cbd25_spatial_crosswalk,stage1_core,False,20c98f0c5c8a5794d2635ccadc39317045eced5163f11ade3343b5fdbacceb78
jhb_full382_unified_a_merge01_c0925_fpcut_2026_06_01_t00023223,jhb_full382_unified_a_merge01_c0925_fpcut_2026_06_01_c0006257,JNB0135,johannesburg,23222,28.0340454160,-26.1841451151,60.5044,c_md_40_100,cbd,cbd25_spatial_crosswalk,stage1_core,False,20eda1cbee258e0ae802d2394f98dfcee1ece21bd6abf01a01abc471cf810e1f
jhb_full382_unified_a_merge01_c0925_fpcut_2026_06_01_t00025384,jhb_full382_unified_a_merge01_c0925_fpcut_2026_06_01_c0005599,JNB0159,johannesburg,25383,28.0353071607,-26.1914517760,54.3432,c_md_40_100,cbd,cbd25_spatial_crosswalk,stage1_core,False,24108b2db79489c45c6c252069690aa6216bce9086414dbb690cbeb153f403f2
jhb_full382_unified_a_merge01_c0925_fpcut_2026_06_01_t00028702,jhb_full382_unified_a_merge01_c0925_fpcut_2026_06_01_c0004125,JNB0207,johannesburg,28701,28.0408062711,-26.2142425277,92.601,c_md_40_100,cbd,cbd25_spatial_crosswalk,stage1_core,False,24c9f6bfc58bb0b93206a3c69ee977b2a881a1fcdfa60ae456725dc02ee53bc1
jhb_full382_unified_a_merge01_c0925_fpcut_2026_06_01_t00022829,jhb_full382_unified_a_merge01_c0925_fpcut_2026_06_01_c0006069,JNB0133,johannesburg,22828,28.0130950430,-26.1867670673,93.2503,c_md_40_100,cbd,cbd25_spatial_crosswalk,stage1_core,False,2883cbf81cee70810e59a301d22ccdf129d017e7815e5cc8f8cd953f8d9b9ceb
jhb_full382_unified_a_merge01_c0925_fpcut_2026_06_01_t00028528,jhb_full382_unified_a_merge01_c0925_fpcut_2026_06_01_c0004178,JNB0205,johannesburg,28527,28.0181483673,-26.2120284812,54.4353,c_md_40_100,cbd,cbd25_spatial_crosswalk,stage1_core,False,30186f39d67e3a0c6419a785291b7824f5286122d76871d52f4844e316435681
jhb_full382_unified_a_merge01_c0925_fpcut_2026_06_01_t00028716,jhb_full382_unified_a_merge01_c0925_fpcut_2026_06_01_c0004127,JNB0207,johannesburg,28715,28.0406888018,-26.2149209406,65.8966,c_md_40_100,cbd,cbd25_spatial_crosswalk,stage1_core,False,32c6c24a6a64725142321270eb9c120e88335e1014a96c475d1c41619db0753a
jhb_full382_unified_a_merge01_c0925_fpcut_2026_06_01_t00028646,jhb_full382_unified_a_merge01_c0925_fpcut_2026_06_01_c0004332,JNB0207,johannesburg,28645,28.0405889653,-26.2097990215,52.6612,c_md_40_100,cbd,cbd25_spatial_crosswalk,stage1_core,False,33e020045efe870a449045de31f8882337a3e66f3059dcaf5fa7205ee0a1e6c1
jhb_full382_unified_a_merge01_c0925_fpcut_2026_06_01_t00028639,jhb_full382_unified_a_merge01_c0925_fpcut_2026_06_01_c0004332,JNB0207,johannesburg,28638,28.0402708632,-26.2096876218,46.0139,c_md_40_100,cbd,cbd25_spatial_crosswalk,stage1_core,False,35cbd4f00a34be8326c335a20cf35ea819f4c7c02d78b4ef9d75ef1c059319a9
jhb_full382_unified_a_merge01_c0925_fpcut_2026_06_01_t00025356,jhb_full382_unified_a_merge01_c0925_fpcut_2026_06_01_c0005668,JNB0159,johannesburg,25355,28.0346126833,-26.1902450895,62.1817,c_md_40_100,cbd,cbd25_spatial_crosswalk,stage1_core,False,38f195c7af9e20de8cf1d23b432bc9d4cdb6e8b49ea6dbcf08451c5c56784a29
jhb_full382_unified_a_merge01_c0925_fpcut_2026_06_01_t00029613,jhb_full382_unified_a_merge01_c0925_fpcut_2026_06_01_c0003988,JNB0232,johannesburg,29612,28.0508717653,-26.2184889563,41.5748,c_md_40_100,cbd,cbd25_spatial_crosswalk,stage1_core,False,39f42e0c473372ce45b6421ad4dca89b5b7239d131f6c63562731f77a04e900c
jhb_full382_unified_a_merge01_c0925_fpcut_2026_06_01_t00027648,jhb_full382_unified_a_merge01_c0925_fpcut_2026_06_01_c0004667,JNB0183,johannesburg,27647,28.0389791373,-26.2022624029,60.9726,c_md_40_100,cbd,cbd25_spatial_crosswalk,stage1_core,False,3d9063a4f85edd914b90c8853595ea94be2eb3c0a1f55365e382d18ce5262578
jhb_full382_unified_a_merge01_c0925_fpcut_2026_06_01_t00028481,jhb_full382_unified_a_merge01_c0925_fpcut_2026_06_01_c0004318,JNB0205,johannesburg,28480,28.0193881552,-26.2098854009,50.79,c_md_40_100,cbd,cbd25_spatial_crosswalk,stage1_core,True,d06fc40ed22c97d6976583a2f2077e31cd9f0f4c22953fb1de26fd346fdef9e2
jhb_full382_unified_a_merge01_c0925_fpcut_2026_06_01_t00028479,jhb_full382_unified_a_merge01_c0925_fpcut_2026_06_01_c0004318,JNB0205,johannesburg,28478,28.0192726164,-26.2099250008,42.8123,c_md_40_100,cbd,cbd25_spatial_crosswalk,stage1_core,True,dde61e02678caab99a795a45d148540a182cc6f1b2a3c46eb6e9a39e651005be
jhb_full382_unified_a_merge01_c0925_fpcut_2026_06_01_t00028464,jhb_full382_unified_a_merge01_c0925_fpcut_2026_06_01_c0004318,JNB0205,johannesburg,28463,28.0192755180,-26.2098342151,50.7811,c_md_40_100,cbd,cbd25_spatial_crosswalk,stage1_core,True,e02dee4608983553a29403239048444825d68013c2853a574ed4d9f11298f33b
jhb_full382_unified_a_merge01_c0925_fpcut_2026_06_01_t00029934,jhb_full382_unified_a_merge01_c0925_fpcut_2026_06_01_c0003850,JNB0243,johannesburg,29933,28.1520244861,-26.2236711859,41.6181,c_md_40_100,industrial,osm_industrial_share_ge_0.03,stage1_core,False,054405776cb5097ff4aaff2a43e9eebf7e0c9b2e9c38d76423d1330260c44543
jhb_full382_unified_a_merge01_c0925_fpcut_2026_06_01_t00026953,jhb_full382_unified_a_merge01_c0925_fpcut_2026_06_01_c0004851,JNB0176,johannesburg,26952,27.9675998675,-26.2003723197,48.4663,c_md_40_100,industrial,osm_industrial_share_ge_0.03,stage1_core,False,06a230ae9a1ef2e4562bf044ec0c6e40358ef8259c35ca106a408b70d880cc1d
jhb_full382_unified_a_merge01_c0925_fpcut_2026_06_01_t00033583,jhb_full382_unified_a_merge01_c0925_fpcut_2026_06_01_c0002361,JNB0315,johannesburg,33582,27.9756554641,-26.2528050608,88.1522,c_md_40_100,industrial,osm_industrial_share_ge_0.03,stage1_core,False,075954a836f432a2f2db9355ec9a75c532e355479686b6ee89376546effeefac
jhb_full382_unified_a_merge01_c0925_fpcut_2026_06_01_t00032826,jhb_full382_unified_a_merge01_c0925_fpcut_2026_06_01_c0002771,JNB0299,johannesburg,32825,28.0182169080,-26.2470575213,41.0944,c_md_40_100,industrial,osm_industrial_share_ge_0.03,stage1_core,False,07c0c19b2c98c9d948040cfb6d6844829672d8e80bbc8c79a6428a09e258c4ff
jhb_full382_unified_a_merge01_c0925_fpcut_2026_06_01_t00032470,jhb_full382_unified_a_merge01_c0925_fpcut_2026_06_01_c0002434,JNB0295,johannesburg,32469,27.9773098321,-26.2516542331,42.1967,c_md_40_100,industrial,osm_industrial_share_ge_0.03,stage1_core,False,09288a6caab47abf5e516a497346a4559e5db27d9f68a93d60e18abdc98b3df6
jhb_full382_unified_a_merge01_c0925_fpcut_2026_06_01_t00026934,jhb_full382_unified_a_merge01_c0925_fpcut_2026_06_01_c0004697,JNB0176,johannesburg,26933,27.9655260193,-26.2021204812,96.9965,c_md_40_100,industrial,osm_industrial_share_ge_0.03,stage1_core,False,0c878e9a1c55095e8acc997f9ae3e2c212d7e070ec964fb23d333fa9a16e38f0
jhb_full382_unified_a_merge01_c0925_fpcut_2026_06_01_t00030667,jhb_full382_unified_a_merge01_c0925_fpcut_2026_06_01_c0003667,JNB0264,johannesburg,30666,28.1312979559,-26.2307195810,87.639,c_md_40_100,industrial,osm_industrial_share_ge_0.03,stage1_core,False,0f91c34b85c8425f7d7051a79d50db25ba5072eb7b2b959de37a015a7e53f817
jhb_full382_unified_a_merge01_c0925_fpcut_2026_06_01_t00029180,jhb_full382_unified_a_merge01_c0925_fpcut_2026_06_01_c0004265,JNB0218,johannesburg,29179,28.1485109637,-26.2103011316,43.2704,c_md_40_100,industrial,osm_industrial_share_ge_0.03,stage1_core,False,119cb152e4432e79760810c36de802598a3af4a42f4a92fd5caaa1c2212ab97d
jhb_full382_unified_a_merge01_c0925_fpcut_2026_06_01_t00033082,jhb_full382_unified_a_merge01_c0925_fpcut_2026_06_01_c0002729,JNB0307,johannesburg,33081,28.0961766741,-26.2477301623,53.4318,c_md_40_100,industrial,osm_industrial_share_ge_0.03,stage1_core,False,12eb4663a31293068bbb3d52435fe983251fa328833c6691d2b8eb065d148f8d
jhb_full382_unified_a_merge01_c0925_fpcut_2026_06_01_t00039799,jhb_full382_unified_a_merge01_c0925_fpcut_2026_06_01_c0015664,JNB0015,johannesburg,39798,28.0855196739,-26.1072203258,89.6767,c_md_40_100,industrial,osm_industrial_share_ge_0.03,stage1_core,False,12f32ee5edafe9aedd4dd1578cc9174a69c4f02b611fcd497a0d6fbe2657a628
jhb_full382_unified_a_merge01_c0925_fpcut_2026_06_01_t00032388,jhb_full382_unified_a_merge01_c0925_fpcut_2026_06_01_c0002424,JNB0295,johannesburg,32387,27.9736088168,-26.2518854679,85.8694,c_md_40_100,industrial,osm_industrial_share_ge_0.03,stage1_core,False,1383a2723cd7401d5f9026b2a24e88d1209cb91316b339b9a7a9a1b5dd491249
jhb_full382_unified_a_merge01_c0925_fpcut_2026_06_01_t00033199,jhb_full382_unified_a_merge01_c0925_fpcut_2026_06_01_c0002731,JNB0307,johannesburg,33198,28.0974212073,-26.2472190851,90.1291,c_md_40_100,industrial,osm_industrial_share_ge_0.03,stage1_core,False,143e1932fb482fa40b10d4975c0f22228e84a9d41018fd7ac03bf77a8d205a44
jhb_full382_unified_a_merge01_c0925_fpcut_2026_06_01_t00026968,jhb_full382_unified_a_merge01_c0925_fpcut_2026_06_01_c0004847,JNB0176,johannesburg,26967,27.9672779607,-26.2006330807,53.6006,c_md_40_100,industrial,osm_industrial_share_ge_0.03,stage1_core,False,149befcb154119d758c89b88a2baa215ac0aad07739fe18ee3881388b8726082
jhb_full382_unified_a_merge01_c0925_fpcut_2026_06_01_t00039891,jhb_full382_unified_a_merge01_c0925_fpcut_2026_06_01_c0015369,JNB0016,johannesburg,39890,28.0971786909,-26.1158677440,52.7512,c_md_40_100,industrial,osm_industrial_share_ge_0.03,stage1_core,False,1982a821855cf3b78a4ee87882aa7c02eff030e2af4d18d88e6f5308c373bc59
jhb_full382_unified_a_merge01_c0925_fpcut_2026_06_01_t00033329,jhb_full382_unified_a_merge01_c0925_fpcut_2026_06_01_c0002475,JNB0308,johannesburg,33328,28.1070183340,-26.2500662978,73.1941,c_md_40_100,industrial,osm_industrial_share_ge_0.03,stage1_core,False,19b254d8253e71971e51da4028d774f4a9b07f9b8550d9aa662e4c5b43e5b163
jhb_full382_unified_a_merge01_c0925_fpcut_2026_06_01_t00032040,jhb_full382_unified_a_merge01_c0925_fpcut_2026_06_01_c0003477,JNB0288,johannesburg,32039,28.1278818297,-26.2349058123,74.5214,c_md_40_100,industrial,osm_industrial_share_ge_0.03,stage1_core,False,1a126a2e3c86084c156ad68a312c2ddf0095b146e096ff14d9e913ea19e1c8a6
jhb_full382_unified_a_merge01_c0925_fpcut_2026_06_01_t00032397,jhb_full382_unified_a_merge01_c0925_fpcut_2026_06_01_c0002359,JNB0295,johannesburg,32396,27.9740929638,-26.2520833629,80.8818,c_md_40_100,industrial,osm_industrial_share_ge_0.03,stage1_core,False,1b85c8d672d6b52535e4bd363f73f1d6c2418759723d2de4379fb638f10b749e
jhb_full382_unified_a_merge01_c0925_fpcut_2026_06_01_t00033480,jhb_full382_unified_a_merge01_c0925_fpcut_2026_06_01_c0002560,JNB0311,johannesburg,33479,28.1349237085,-26.2500413342,60.1008,c_md_40_100,industrial,osm_industrial_share_ge_0.03,stage1_core,False,1c86f91d5b49766bf622f1118d1efe3823c3944624b40eba159696448c7b9e20
jhb_full382_unified_a_merge01_c0925_fpcut_2026_06_01_t00039778,jhb_full382_unified_a_merge01_c0925_fpcut_2026_06_01_c0015436,JNB0015,johannesburg,39777,28.0835225784,-26.1141859870,53.5304,c_md_40_100,industrial,osm_industrial_share_ge_0.03,stage1_core,False,1d5b048add08a35a81769517ab928d1c6ebc4334586204d314953acaaf27384b
jhb_full382_unified_a_merge01_c0925_fpcut_2026_06_01_t00039753,jhb_full382_unified_a_merge01_c0925_fpcut_2026_06_01_c0015498,JNB0015,johannesburg,39752,28.0834799737,-26.1125776498,42.4955,c_md_40_100,industrial,osm_industrial_share_ge_0.03,stage1_core,False,1d829b4e172d544d6badc8e976e32e9c3c54ce6c57136818e8ca2da2e3a2fa27
jhb_full382_unified_a_merge01_c0925_fpcut_2026_06_01_t00030674,jhb_full382_unified_a_merge01_c0925_fpcut_2026_06_01_c0003781,JNB0265,johannesburg,30673,28.1317757565,-26.2273214946,45.7167,c_md_40_100,industrial,osm_industrial_share_ge_0.03,stage1_core,False,1ed2f3b7ff44f045911d89a3246bc103ae7dcaa092254a25718dc80f2273baaa
jhb_full382_unified_a_merge01_c0925_fpcut_2026_06_01_t00032367,jhb_full382_unified_a_merge01_c0925_fpcut_2026_06_01_c0002426,JNB0295,johannesburg,32366,27.9745020989,-26.2512720696,40.2519,c_md_40_100,industrial,osm_industrial_share_ge_0.03,stage1_core,False,1eedcf5bc1796128187f0991c6a9e82248368a202d994d7f62905e325c57284f
jhb_full382_unified_a_merge01_c0925_fpcut_2026_06_01_t00032116,jhb_full382_unified_a_merge01_c0925_fpcut_2026_06_01_c0003405,JNB0289,johannesburg,32115,28.1355875299,-26.2357891727,50.0389,c_md_40_100,industrial,osm_industrial_share_ge_0.03,stage1_core,False,1f9ef5a87153c49fb8f02800dccb69c7631bbb9f83650755b27c2e84a377a252
jhb_full382_unified_a_merge01_c0925_fpcut_2026_06_01_t00033598,jhb_full382_unified_a_merge01_c0925_fpcut_2026_06_01_c0002286,JNB0315,johannesburg,33597,27.9759548557,-26.2530689636,40.2997,c_md_40_100,industrial,osm_industrial_share_ge_0.03,stage1_core,False,20233086d8ebe672933f26a9d955f92398a58e2ba27a41cdd47d19e0f0dbf76f
jhb_full382_unified_a_merge01_c0925_fpcut_2026_06_01_t00029187,jhb_full382_unified_a_merge01_c0925_fpcut_2026_06_01_c0004195,JNB0218,johannesburg,29186,28.1487223118,-26.2108462912,47.4309,c_md_40_100,industrial,osm_industrial_share_ge_0.03,stage1_core,False,205c70880fd8d1af3f9af240fcc4aca76683b6aee0e81d174035f0b52ee0e009
jhb_full382_unified_a_merge01_c0925_fpcut_2026_06_01_t00033719,jhb_full382_unified_a_merge01_c0925_fpcut_2026_06_01_c0002089,JNB0315,johannesburg,33718,27.9764726887,-26.2561417410,69.7425,c_md_40_100,industrial,osm_industrial_share_ge_0.03,stage1_core,False,21d2e9f0cde4435991c4e72d5fbfc987d07ca3860a0e620acf1d3211248e95b7
jhb_full382_unified_a_merge01_c0925_fpcut_2026_06_01_t00032387,jhb_full382_unified_a_merge01_c0925_fpcut_2026_06_01_c0002424,JNB0295,johannesburg,32386,27.9736778857,-26.2517501656,80.8376,c_md_40_100,industrial,osm_industrial_share_ge_0.03,stage1_core,False,230476c59d7f888fb5c458465345aba4e77d22c3b7d2b9fe35f8ba5ada2ad881
jhb_full382_unified_a_merge01_c0925_fpcut_2026_06_01_t00033064,jhb_full382_unified_a_merge01_c0925_fpcut_2026_06_01_c0002722,JNB0307,johannesburg,33063,28.0962619764,-26.2474067936,59.839,c_md_40_100,industrial,osm_industrial_share_ge_0.03,stage1_core,False,238bb1a1ff432036270770b1287f383d31cf6f1a832552b8808b94b0bfe01677
jhb_full382_unified_a_merge01_c0925_fpcut_2026_06_01_t00033632,jhb_full382_unified_a_merge01_c0925_fpcut_2026_06_01_c0002088,JNB0315,johannesburg,33631,27.9763174578,-26.2562911524,41.7651,c_md_40_100,industrial,osm_industrial_share_ge_0.03,stage1_core,False,23af9cb98c979c3572dc82f1e8eff6f250144813a377525ef855ffd87f2bceb4
jhb_full382_unified_a_merge01_c0925_fpcut_2026_06_01_t00032065,jhb_full382_unified_a_merge01_c0925_fpcut_2026_06_01_c0003369,JNB0288,johannesburg,32064,28.1284966521,-26.2367149432,78.7407,c_md_40_100,industrial,osm_industrial_share_ge_0.03,stage1_core,False,23cb4d72010694b48a954afa4bf1a0590ebfe8c86f894470e83c4d2ae22df53b
jhb_full382_unified_a_merge01_c0925_fpcut_2026_06_01_t00029800,jhb_full382_unified_a_merge01_c0925_fpcut_2026_06_01_c0004080,JNB0242,johannesburg,29799,28.1418165935,-26.2159587425,42.9179,c_md_40_100,industrial,osm_industrial_share_ge_0.03,stage1_core,False,2509ec78e22ef8fa1dc8ad16fdb48e529ec1cfed34f9049adfdb1044a5abc931
jhb_full382_unified_a_merge01_c0925_fpcut_2026_06_01_t00033019,jhb_full382_unified_a_merge01_c0925_fpcut_2026_06_01_c0002934,JNB0307,johannesburg,33018,28.0963110996,-26.2437686700,40.8797,c_md_40_100,industrial,osm_industrial_share_ge_0.03,stage1_core,False,252cb0b615e2a0b65b00e44ccf16138578627418c0bdda7a7fd7137289778fcb
jhb_full382_unified_a_merge01_c0925_fpcut_2026_06_01_t00030208,jhb_full382_unified_a_merge01_c0925_fpcut_2026_06_01_c0003649,JNB0255,johannesburg,30207,28.0322241846,-26.2318594124,70.4962,c_md_40_100,industrial,osm_industrial_share_ge_0.03,stage1_core,True,c4c76852ab692912acf76b9eb8d1e9344cd5cccc8c82ef6dd35dd4ff3adc2fe3
jhb_full382_unified_a_merge01_c0925_fpcut_2026_06_01_t00034888,jhb_full382_unified_a_merge01_c0925_fpcut_2026_06_01_c0001231,JNB0335,johannesburg,34887,27.9876764321,-26.2701707039,71.5056,c_md_40_100,residential,residential_fallback,stage1_core,False,00b6dda3943315d81143f0b31c67cdff372ceaa3990b93ba61a6a81c83e4373d
jhb_full382_unified_a_merge01_c0925_fpcut_2026_06_01_t00022744,jhb_full382_unified_a_merge01_c0925_fpcut_2026_06_01_c0006339,JNB0132,johannesburg,22743,28.0100133491,-26.1835607552,45.5602,c_md_40_100,residential,residential_fallback,stage1_core,False,0133b22ac1fc43940cf75b4b2c2ec630523bbc3d95b8316b93ef3c4d4c623a75
jhb_full382_unified_a_merge01_c0925_fpcut_2026_06_01_t00010586,jhb_full382_unified_a_merge01_c0925_fpcut_2026_06_01_c0009978,JNB0073,johannesburg,10585,28.0267308024,-26.1604466517,44.3274,c_md_40_100,residential,residential_fallback,stage1_core,False,01c58ce03ef076308770ec0f2fa611fe2c98cb9fb7065e17576a4371737482bb
jhb_full382_unified_a_merge01_c0925_fpcut_2026_06_01_t00007974,jhb_full382_unified_a_merge01_c0925_fpcut_2026_06_01_c0012242,JNB0063,johannesburg,7973,28.0791406953,-26.1468105202,71.7216,c_md_40_100,residential,residential_fallback,stage1_core,False,027040df8d182970eb47b0085ae68a0f86a978ee1cf935a57fc1c00cfdd06dd9
jhb_full382_unified_a_merge01_c0925_fpcut_2026_06_01_t00001171,jhb_full382_unified_a_merge01_c0925_fpcut_2026_06_01_c0014230,JNB0035,johannesburg,1170,28.0621764544,-26.1310774876,49.9606,c_md_40_100,residential,residential_fallback,stage1_core,False,0275e344e606710c9cccc5d08fae9d9a5ac8b6da83d0a7466d82db32df4dbc4e
jhb_full382_unified_a_merge01_c0925_fpcut_2026_06_01_t00031478,jhb_full382_unified_a_merge01_c0925_fpcut_2026_06_01_c0003025,JNB0278,johannesburg,31477,28.0230043715,-26.2422382815,61.6445,c_md_40_100,residential,residential_fallback,stage1_core,False,02844071d4c4e455907c2ad7c6696dd8086e05586b0921537702a25b03158402
jhb_full382_unified_a_merge01_c0925_fpcut_2026_06_01_t00022618,jhb_full382_unified_a_merge01_c0925_fpcut_2026_06_01_c0006645,JNB0132,johannesburg,22617,28.0042222184,-26.1810527700,57.0496,c_md_40_100,residential,residential_fallback,stage1_core,False,02950816e16049179be3637bea0271f30c3ced3b75d767695b2583be766225cd
jhb_full382_unified_a_merge01_c0925_fpcut_2026_06_01_t00039157,jhb_full382_unified_a_merge01_c0925_fpcut_2026_06_01_c0015707,JNB0010,johannesburg,39156,28.1190143034,-26.1050707884,73.9207,c_md_40_100,residential,residential_fallback,stage1_core,False,036a8eb3209ab7fb10437efccf87de04ae7b7e40077c91e6289ecc470f847dbd
jhb_full382_unified_a_merge01_c0925_fpcut_2026_06_01_t00004508,jhb_full382_unified_a_merge01_c0925_fpcut_2026_06_01_c0013025,JNB0051,johannesburg,4507,28.0988633089,-26.1413684472,45.957,c_md_40_100,residential,residential_fallback,stage1_core,True,036b46e054a95cb40db8698cee597944a06729af025c26844292594bb6112e51
jhb_full382_unified_a_merge01_c0925_fpcut_2026_06_01_t00021557,jhb_full382_unified_a_merge01_c0925_fpcut_2026_06_01_c0007479,JNB0123,johannesburg,21556,28.1369955118,-26.1752522934,45.4267,c_md_40_100,residential,residential_fallback,stage1_core,False,046edf6ab8f983c57601cd70e1a68e9204733e9b6a65beba281b93554811e520
jhb_full382_unified_a_merge01_c0925_fpcut_2026_06_01_t00029073,jhb_full382_unified_a_merge01_c0925_fpcut_2026_06_01_c0004352,JNB0213,johannesburg,29072,28.0962382477,-26.2093583945,56.6856,c_md_40_100,residential,residential_fallback,stage1_core,False,04b5f4ab1351c3e3c690f1912d1fe5cd37891e5f1f19623d053c56c1b44c22b5
jhb_full382_unified_a_merge01_c0925_fpcut_2026_06_01_t00031248,jhb_full382_unified_a_merge01_c0925_fpcut_2026_06_01_c0003319,JNB0277,johannesburg,31247,28.0143299761,-26.2387858569,72.397,c_md_40_100,residential,residential_fallback,stage1_core,False,05817130f9cee94f509a49800e640b1ea8f1e1364d32da2c81f221bc77441ee9
jhb_full382_unified_a_merge01_c0925_fpcut_2026_06_01_t00026187,jhb_full382_unified_a_merge01_c0925_fpcut_2026_06_01_c0005780,JNB0168,johannesburg,26186,28.1230512904,-26.1886642860,78.3225,c_md_40_100,residential,residential_fallback,stage1_core,False,05cc2a30b17dfa5d06164798ea9fb52d395a5c7bfdf9b8ab125c8d448717cda1
jhb_full382_unified_a_merge01_c0925_fpcut_2026_06_01_t00036174,jhb_full382_unified_a_merge01_c0925_fpcut_2026_06_01_c0000964,JNB0351,johannesburg,36173,27.9754364577,-26.2732656605,42.8277,c_md_40_100,residential,residential_fallback,stage1_core,False,064b0d880b951efd15e39fc140b1e0d1affbeda9207ef73d1d89b02cfe14ccf5
jhb_full382_unified_a_merge01_c0925_fpcut_2026_06_01_t00039029,jhb_full382_unified_a_merge01_c0925_fpcut_2026_06_01_c0015832,JNB0004,johannesburg,39028,28.1074876275,-26.0934170700,41.9193,c_md_40_100,residential,residential_fallback,stage1_core,False,06668e768631a5e5f21f1358a4d5866607f52f60c67f5553c5234f11e9a2b5fa
jhb_full382_unified_a_merge01_c0925_fpcut_2026_06_01_t00031312,jhb_full382_unified_a_merge01_c0925_fpcut_2026_06_01_c0003197,JNB0277,johannesburg,31311,28.0128717389,-26.2398569578,52.049,c_md_40_100,residential,residential_fallback,stage1_core,False,0698efdfa6e36eabfc687218135f2bb72360e03e72b378ea3f04ea4d920bd04b
jhb_full382_unified_a_merge01_c0925_fpcut_2026_06_01_t00015468,jhb_full382_unified_a_merge01_c0925_fpcut_2026_06_01_c0009252,JNB0091,johannesburg,15467,28.0289386633,-26.1649433008,65.5993,c_md_40_100,residential,residential_fallback,stage1_core,False,06ccd5888e6d0265840780d000bcb5fa352858374731def637de948a3fdf897a
jhb_full382_unified_a_merge01_c0925_fpcut_2026_06_01_t00015746,jhb_full382_unified_a_merge01_c0925_fpcut_2026_06_01_c0009398,JNB0093,johannesburg,15745,28.0434434564,-26.1630232475,42.2617,c_md_40_100,residential,residential_fallback,stage1_core,False,0744c1837329d1ae4b7afb7761a755963c6d0854e1643ffabb486bd200a2a5b2
jhb_full382_unified_a_merge01_c0925_fpcut_2026_06_01_t00003071,jhb_full382_unified_a_merge01_c0925_fpcut_2026_06_01_c0013095,JNB0046,johannesburg,3070,28.0430981285,-26.1412367531,53.3394,c_md_40_100,residential,residential_fallback,stage1_core,False,0798f8e1b433807f5686bdabd510ea4ad28480949801e21c9c4563502fac892e
jhb_full382_unified_a_merge01_c0925_fpcut_2026_06_01_t00019333,jhb_full382_unified_a_merge01_c0925_fpcut_2026_06_01_c0008056,JNB0112,johannesburg,19332,28.0211514264,-26.1724094019,51.6176,c_md_40_100,residential,residential_fallback,stage1_core,False,07ac141ef13dce7cd922068c946ddfd9bbaf22973639cd3a685ad22a7ef66ece
jhb_full382_unified_a_merge01_c0925_fpcut_2026_06_01_t00020853,jhb_full382_unified_a_merge01_c0925_fpcut_2026_06_01_c0008131,JNB0121,johannesburg,20852,28.1118860501,-26.1712205541,40.5419,c_md_40_100,residential,residential_fallback,stage1_core,False,07e4cc9b776c6165013915a747fc4767d6b1f19d8a69a34a59efb2b848e1fa07
jhb_full382_unified_a_merge01_c0925_fpcut_2026_06_01_t00004348,jhb_full382_unified_a_merge01_c0925_fpcut_2026_06_01_c0013894,JNB0051,johannesburg,4347,28.0956947911,-26.1344947842,45.4795,c_md_40_100,residential,residential_fallback,stage1_core,False,07eba632d5b64d117a094f2dc7b575e62cc4bfc96f1ba22659ba764a7c205ad1
jhb_full382_unified_a_merge01_c0925_fpcut_2026_06_01_t00001959,jhb_full382_unified_a_merge01_c0925_fpcut_2026_06_01_c0014563,JNB0039,johannesburg,1958,28.1007867794,-26.1269694052,55.5401,c_md_40_100,residential,residential_fallback,stage1_core,False,088eaa8dbc0d99a62d76b62794a0f5ceeaf9f12ab2fee1c0dbe18da98f3ab5ae
jhb_full382_unified_a_merge01_c0925_fpcut_2026_06_01_t00038933,jhb_full382_unified_a_merge01_c0925_fpcut_2026_06_01_c0000096,JNB0377,johannesburg,38932,28.0845490018,-26.2860229349,41.2959,c_md_40_100,residential,residential_fallback,stage1_core,False,089471326565f03fbbf2f7a5f2936967eec90cb5eba50085e5ff7de620f1feb9
jhb_full382_unified_a_merge01_c0925_fpcut_2026_06_01_t00000831,jhb_full382_unified_a_merge01_c0925_fpcut_2026_06_01_c0013938,JNB0033,johannesburg,830,28.0486411748,-26.1343350020,48.6611,c_md_40_100,residential,residential_fallback,stage1_core,False,09039d365d4767fac6784f53e9453a23cd4d28dc7aeb3d62ad702bfc96a7f79b
jhb_full382_unified_a_merge01_c0925_fpcut_2026_06_01_t00039210,jhb_full382_unified_a_merge01_c0925_fpcut_2026_06_01_c0015716,JNB0011,johannesburg,39209,28.1206890029,-26.1047940166,40.6682,c_md_40_100,residential,residential_fallback,stage1_core,False,0c2c2a4e03dc97cd2fefafbc96bd366f2cc6d4946588afd7ec40ad0ecaf2de95
jhb_full382_unified_a_merge01_c0925_fpcut_2026_06_01_t00030901,jhb_full382_unified_a_merge01_c0925_fpcut_2026_06_01_c0003538,JNB0275,johannesburg,30900,27.9961481738,-26.2342873299,44.4273,c_md_40_100,residential,residential_fallback,stage1_core,True,2ef2fee14207fac2e7a6a14b0fbbfb063c5e379f0fb91a41edc6d1edd27f73f2
jhb_full382_unified_a_merge01_c0925_fpcut_2026_06_01_t00005029,jhb_full382_unified_a_merge01_c0925_fpcut_2026_06_01_c0013044,JNB0052,johannesburg,5028,28.1076855193,-26.1417454272,40.9643,c_md_40_100,residential,residential_fallback,stage1_core,True,7f044c39e3f8848dbd25cefaa27e76b674008907ad70d81b8911f6bc876c23ac
jhb_full382_unified_a_merge01_c0925_fpcut_2026_06_01_t00004974,jhb_full382_unified_a_merge01_c0925_fpcut_2026_06_01_c0013160,JNB0052,johannesburg,4973,28.1082606298,-26.1408208000,41.9796,c_md_40_100,residential,residential_fallback,stage1_core,True,8d6c3c79065f199ee101e8bfafabcbd2a7cc48b7348fb99a06ae6d46fb962ddb
jhb_full382_unified_a_merge01_c0925_fpcut_2026_06_01_t00019208,jhb_full382_unified_a_merge01_c0925_fpcut_2026_06_01_c0007905,JNB0111,johannesburg,19207,28.0178841561,-26.1737526396,43.3121,c_md_40_100,residential,residential_fallback,stage1_core,True,8d91819165efd2122a358b8f4f5b7605019005d584cb7324bc67f51f7885ab2c
jhb_full382_unified_a_merge01_c0925_fpcut_2026_06_01_t00012925,jhb_full382_unified_a_merge01_c0925_fpcut_2026_06_01_c0011094,JNB0080,johannesburg,12924,28.0992613234,-26.1541057600,43.6233,c_md_40_100,residential,residential_fallback,stage1_core,True,9580a9f3a6fb55317737092c395df1b58073f4381e69dfc50e9375dcb45443d3
jhb_full382_unified_a_merge01_c0925_fpcut_2026_06_01_t00026647,jhb_full382_unified_a_merge01_c0925_fpcut_2026_06_01_c0005813,JNB0170,johannesburg,26646,28.1426563398,-26.1884231724,44.0813,c_md_40_100,residential,residential_fallback,stage1_core,True,bb7e22701d1542e6ebe392d31081321fce3686df2ea5da608f9045bb85fc479a
jhb_full382_unified_a_merge01_c0925_fpcut_2026_06_01_t00024719,jhb_full382_unified_a_merge01_c0925_fpcut_2026_06_01_c0006121,JNB0146,johannesburg,24718,28.1439129841,-26.1857169390,71.7885,c_md_40_100,residential,residential_fallback,stage1_core,True,c548f09513fd35ace7c4f5fd39305af0068785572815154c0b9138852221eeef
jhb_full382_unified_a_merge01_c0925_fpcut_2026_06_01_t00023422,jhb_full382_unified_a_merge01_c0925_fpcut_2026_06_01_c0005855,JNB0137,johannesburg,23421,28.0556700053,-26.1882661129,121.1624,d_lg_ge100,cbd,cbd25_spatial_crosswalk,stage1_core,False,0113edbd321344bab83e81bcaf582e075dfc6b057e9b72c5c70560598945001c
jhb_full382_unified_a_merge01_c0925_fpcut_2026_06_01_t00029428,jhb_full382_unified_a_merge01_c0925_fpcut_2026_06_01_c0004042,JNB0231,johannesburg,29427,28.0333651448,-26.2164965780,231.0597,d_lg_ge100,cbd,cbd25_spatial_crosswalk,stage1_core,False,0388bdf16ed0684a78384da3842c067b727d8b95edfafff5ba0cff768e953133
jhb_full382_unified_a_merge01_c0925_fpcut_2026_06_01_t00023136,jhb_full382_unified_a_merge01_c0925_fpcut_2026_06_01_c0006073,JNB0134,johannesburg,23135,28.0270306471,-26.1862716268,198.0483,d_lg_ge100,cbd,cbd25_spatial_crosswalk,stage1_core,False,04ba5add2d00ac049e661ed94e7f29812cc9340a18c7e74d213b1dd55e00acce
jhb_full382_unified_a_merge01_c0925_fpcut_2026_06_01_t00022809,jhb_full382_unified_a_merge01_c0925_fpcut_2026_06_01_c0006448,JNB0133,johannesburg,22808,28.0145804266,-26.1830193208,1480.6987,d_lg_ge100,cbd,cbd25_spatial_crosswalk,stage1_core,False,065d1945ec278d539c2a75af722c8817e7e0c0e783132eb28bd229e4280c1d1c
jhb_full382_unified_a_merge01_c0925_fpcut_2026_06_01_t00028691,jhb_full382_unified_a_merge01_c0925_fpcut_2026_06_01_c0004163,JNB0207,johannesburg,28690,28.0399228090,-26.2132933214,247.4785,d_lg_ge100,cbd,cbd25_spatial_crosswalk,stage1_core,False,079de3bc4526f89f91f27a8691a5d9aae92c61a8497ba25d7544814f53c98127
jhb_full382_unified_a_merge01_c0925_fpcut_2026_06_01_t00027501,jhb_full382_unified_a_merge01_c0925_fpcut_2026_06_01_c0004795,JNB0182,johannesburg,27500,28.0305905748,-26.2012351755,843.4966,d_lg_ge100,cbd,cbd25_spatial_crosswalk,stage1_core,False,0800c8355589f879bb2f002e53df335e2ea237918a35af07f6b4f784b57b7060
jhb_full382_unified_a_merge01_c0925_fpcut_2026_06_01_t00028649,jhb_full382_unified_a_merge01_c0925_fpcut_2026_06_01_c0004284,JNB0207,johannesburg,28648,28.0403902466,-26.2106086146,132.8833,d_lg_ge100,cbd,cbd25_spatial_crosswalk,stage1_core,False,0813e491070432748d334ea140ce3df2fb83f5ba3fc18a9e9517c975fdf6aba4
jhb_full382_unified_a_merge01_c0925_fpcut_2026_06_01_t00029415,jhb_full382_unified_a_merge01_c0925_fpcut_2026_06_01_c0004045,JNB0231,johannesburg,29414,28.0342874517,-26.2161699694,195.1719,d_lg_ge100,cbd,cbd25_spatial_crosswalk,stage1_core,False,10c8782a75e5e3a5f473b9da58500a19a229e0793d68f957a05f10c6c812069f
jhb_full382_unified_a_merge01_c0925_fpcut_2026_06_01_t00022837,jhb_full382_unified_a_merge01_c0925_fpcut_2026_06_01_c0006000,JNB0133,johannesburg,22836,28.0139901661,-26.1869698625,247.5369,d_lg_ge100,cbd,cbd25_spatial_crosswalk,stage1_core,False,11f7bd1c7eb33904752069a75c25963cc22e347e6b72b3e979685cebcd56c112
jhb_full382_unified_a_merge01_c0925_fpcut_2026_06_01_t00022836,jhb_full382_unified_a_merge01_c0925_fpcut_2026_06_01_c0005999,JNB0133,johannesburg,22835,28.0135753194,-26.1868711080,506.7441,d_lg_ge100,cbd,cbd25_spatial_crosswalk,stage1_core,False,128f1e00a52c8ca65401c8baa66a7640b2df2ed6e82e54e3249c392c2c419c0a
jhb_full382_unified_a_merge01_c0925_fpcut_2026_06_01_t00022796,jhb_full382_unified_a_merge01_c0925_fpcut_2026_06_01_c0006550,JNB0133,johannesburg,22795,28.0155228084,-26.1817176770,643.4876,d_lg_ge100,cbd,cbd25_spatial_crosswalk,stage1_core,False,142fbe73b178ddd21b074fba43215d3af66c60719dcf4bb82398d61ac907c578
jhb_full382_unified_a_merge01_c0925_fpcut_2026_06_01_t00028632,jhb_full382_unified_a_merge01_c0925_fpcut_2026_06_01_c0004330,JNB0207,johannesburg,28631,28.0397483722,-26.2094053535,432.5245,d_lg_ge100,cbd,cbd25_spatial_crosswalk,stage1_core,False,158acdf26b8de4801ece85e2257b9263390312de8da01ffa80052ce5a78dfe87
jhb_full382_unified_a_merge01_c0925_fpcut_2026_06_01_t00022834,jhb_full382_unified_a_merge01_c0925_fpcut_2026_06_01_c0006001,JNB0133,johannesburg,22833,28.0146990976,-26.1866923545,275.0176,d_lg_ge100,cbd,cbd25_spatial_crosswalk,stage1_core,False,17d114945ff6832e0458e138b4a37d386c37e742c25740f0c51cb435b5839128
jhb_full382_unified_a_merge01_c0925_fpcut_2026_06_01_t00027522,jhb_full382_unified_a_merge01_c0925_fpcut_2026_06_01_c0004970,JNB0183,johannesburg,27521,28.0318891408,-26.1990058560,163.0128,d_lg_ge100,cbd,cbd25_spatial_crosswalk,stage1_core,False,18b81715d7f6f05084c4a6ffa4b028d4dd703499deb25cdca12e2d3366774325
jhb_full382_unified_a_merge01_c0925_fpcut_2026_06_01_t00025380,jhb_full382_unified_a_merge01_c0925_fpcut_2026_06_01_c0005597,JNB0159,johannesburg,25379,28.0351116223,-26.1913794243,152.9461,d_lg_ge100,cbd,cbd25_spatial_crosswalk,stage1_core,False,18f20ccc6cd049a485569ed41bb04fbc8dc06c78306e7148fc25c8228127dc5d
jhb_full382_unified_a_merge01_c0925_fpcut_2026_06_01_t00028788,jhb_full382_unified_a_merge01_c0925_fpcut_2026_06_01_c0004183,JNB0208,johannesburg,28787,28.0483453345,-26.2123798235,132.0227,d_lg_ge100,cbd,cbd25_spatial_crosswalk,stage1_core,False,1a6b09f50d72aa50e549a7042b30bed99cd40db83a701458d81cd82ae1dabd12
jhb_full382_unified_a_merge01_c0925_fpcut_2026_06_01_t00025351,jhb_full382_unified_a_merge01_c0925_fpcut_2026_06_01_c0005664,JNB0159,johannesburg,25350,28.0339530063,-26.1903347602,463.4773,d_lg_ge100,cbd,cbd25_spatial_crosswalk,stage1_core,False,1c112c28795b8b736bb00c24085cd61646489adfc797251ba864af38c5e81e79
jhb_full382_unified_a_merge01_c0925_fpcut_2026_06_01_t00028570,jhb_full382_unified_a_merge01_c0925_fpcut_2026_06_01_c0004157,JNB0207,johannesburg,28569,28.0328474622,-26.2133168712,109.4181,d_lg_ge100,cbd,cbd25_spatial_crosswalk,stage1_core,False,1e11e15b8a938572db569f373a5d5f86d16adda0ddb447dba21e4779acdf1b74
jhb_full382_unified_a_merge01_c0925_fpcut_2026_06_01_t00027701,jhb_full382_unified_a_merge01_c0925_fpcut_2026_06_01_c0005036,JNB0184,johannesburg,27700,28.0480834703,-26.1983371694,244.1712,d_lg_ge100,cbd,cbd25_spatial_crosswalk,stage1_core,False,1e8524de01eb02ba24fe4e2566f1b106e04745b45b1b1979777f9bd64cd3b95f
jhb_full382_unified_a_merge01_c0925_fpcut_2026_06_01_t00028486,jhb_full382_unified_a_merge01_c0925_fpcut_2026_06_01_c0004323,JNB0205,johannesburg,28485,28.0195339082,-26.2100231515,110.5262,d_lg_ge100,cbd,cbd25_spatial_crosswalk,stage1_core,False,20591025b4ad4ce3ab3865f9d73b44c43cc6902cf66ec7afc0884bbd404ffe73
jhb_full382_unified_a_merge01_c0925_fpcut_2026_06_01_t00028584,jhb_full382_unified_a_merge01_c0925_fpcut_2026_06_01_c0004118,JNB0207,johannesburg,28583,28.0324860744,-26.2143409189,146.8688,d_lg_ge100,cbd,cbd25_spatial_crosswalk,stage1_core,False,20e99bb6b3c82ea055b2c15817eca2dcc27d4ad96980236462cbbcce752a9a43
jhb_full382_unified_a_merge01_c0925_fpcut_2026_06_01_t00028598,jhb_full382_unified_a_merge01_c0925_fpcut_2026_06_01_c0004119,JNB0207,johannesburg,28597,28.0327339566,-26.2148336220,144.2652,d_lg_ge100,cbd,cbd25_spatial_crosswalk,stage1_core,False,24b21faaf0a8c6b74fad7c2629907daf90a811c65af014b99928c3fc71853b32
jhb_full382_unified_a_merge01_c0925_fpcut_2026_06_01_t00029353,jhb_full382_unified_a_merge01_c0925_fpcut_2026_06_01_c0003909,JNB0229,johannesburg,29352,28.0153445725,-26.2206092804,227.4484,d_lg_ge100,cbd,cbd25_spatial_crosswalk,stage1_core,False,29707d0160b7bd484684da96b8036e6fce239e7bd0fa181e6141a73d30bd63af
jhb_full382_unified_a_merge01_c0925_fpcut_2026_06_01_t00027385,jhb_full382_unified_a_merge01_c0925_fpcut_2026_06_01_c0004574,JNB0181,johannesburg,27384,28.0134379311,-26.2045906251,338.1846,d_lg_ge100,cbd,cbd25_spatial_crosswalk,stage1_core,False,298cc08da8ffc3c74acdcec70bfd8003358b5fe1a2d1afad050cb52a3deb238d
jhb_full382_unified_a_merge01_c0925_fpcut_2026_06_01_t00027687,jhb_full382_unified_a_merge01_c0925_fpcut_2026_06_01_c0005030,JNB0184,johannesburg,27686,28.0474213416,-26.1981647611,106.1786,d_lg_ge100,cbd,cbd25_spatial_crosswalk,stage1_core,False,2fb57b6a5e4ea5033be7ae7df0df608f2bbe7d042be0d945588564c6cd5db780
jhb_full382_unified_a_merge01_c0925_fpcut_2026_06_01_t00028585,jhb_full382_unified_a_merge01_c0925_fpcut_2026_06_01_c0004117,JNB0207,johannesburg,28584,28.0324477561,-26.2144791166,146.373,d_lg_ge100,cbd,cbd25_spatial_crosswalk,stage1_core,False,31dad9b1066731571aac1edb3809872571f28019aa6a557409c9819148f29f8d
jhb_full382_unified_a_merge01_c0925_fpcut_2026_06_01_t00027710,jhb_full382_unified_a_merge01_c0925_fpcut_2026_06_01_c0005034,JNB0184,johannesburg,27709,28.0477662585,-26.1984470345,163.7435,d_lg_ge100,cbd,cbd25_spatial_crosswalk,stage1_core,False,34b09263e691aa12f22a9f0a7d3f7257774fa572a2c804217323c488c7497f24
jhb_full382_unified_a_merge01_c0925_fpcut_2026_06_01_t00027657,jhb_full382_unified_a_merge01_c0925_fpcut_2026_06_01_c0004620,JNB0183,johannesburg,27656,28.0398876357,-26.2030599994,304.8813,d_lg_ge100,cbd,cbd25_spatial_crosswalk,stage1_core,False,3a1ce4c97745939aa645dcb78294585bcee847d324cf23fa4b9655ca1cae2511
jhb_full382_unified_a_merge01_c0925_fpcut_2026_06_01_t00027581,jhb_full382_unified_a_merge01_c0925_fpcut_2026_06_01_c0004798,JNB0183,johannesburg,27580,28.0313000106,-26.2006926600,188.2889,d_lg_ge100,cbd,cbd25_spatial_crosswalk,stage1_core,False,3dd2bfead7c2e34032a2e3ffaf8559766ce6d8f8157cf28cef5920b4172e4795
jhb_full382_unified_a_merge01_c0925_fpcut_2026_06_01_t00023007,jhb_full382_unified_a_merge01_c0925_fpcut_2026_06_01_c0006347,JNB0134,johannesburg,23006,28.0255559672,-26.1839956550,156.417,d_lg_ge100,cbd,cbd25_spatial_crosswalk,stage1_core,False,3ffee883345e7043feb50914902e745d0bee57e7441d3952a380753752a2096e
jhb_full382_unified_a_merge01_c0925_fpcut_2026_06_01_t00028690,jhb_full382_unified_a_merge01_c0925_fpcut_2026_06_01_c0004163,JNB0207,johannesburg,28689,28.0399440252,-26.2133703801,238.6126,d_lg_ge100,cbd,cbd25_spatial_crosswalk,stage1_core,False,42f041b710f330d63e2c96b379282574ce0f8e0db7ebc222803aef6a5ab3907a
jhb_full382_unified_a_merge01_c0925_fpcut_2026_06_01_t00028488,jhb_full382_unified_a_merge01_c0925_fpcut_2026_06_01_c0004321,JNB0205,johannesburg,28487,28.0197331023,-26.2100014354,137.4948,d_lg_ge100,cbd,cbd25_spatial_crosswalk,stage1_core,False,42f09a174b8483fb0b4b0f1a661711ea8c75343d992e097402877fe97eb53b15
jhb_full382_unified_a_merge01_c0925_fpcut_2026_06_01_t00023408,jhb_full382_unified_a_merge01_c0925_fpcut_2026_06_01_c0005936,JNB0136,johannesburg,23407,28.0483710562,-26.1875877815,109.6008,d_lg_ge100,cbd,cbd25_spatial_crosswalk,stage1_core,False,441f538ed958f752cc841867239f5683a2e2c9d576d0a61791b4d633e66f141e
jhb_full382_unified_a_merge01_c0925_fpcut_2026_06_01_t00033287,jhb_full382_unified_a_merge01_c0925_fpcut_2026_06_01_c0002545,JNB0308,johannesburg,33286,28.1059450597,-26.2497774458,137.9523,d_lg_ge100,industrial,osm_industrial_share_ge_0.03,stage1_core,False,0058862237be36c936ffd935e79f41e667804af2a8c50bf3764ae25d058a8fa6
jhb_full382_unified_a_merge01_c0925_fpcut_2026_06_01_t00030706,jhb_full382_unified_a_merge01_c0925_fpcut_2026_06_01_c0003823,JNB0267,johannesburg,30705,28.1525894558,-26.2240573307,308.2503,d_lg_ge100,industrial,osm_industrial_share_ge_0.03,stage1_core,False,01b45bd918b00f2159936672c5ed694bb525a24757fa9990af547e8dc76bc3f2
jhb_full382_unified_a_merge01_c0925_fpcut_2026_06_01_t00039818,jhb_full382_unified_a_merge01_c0925_fpcut_2026_06_01_c0015639,JNB0015,johannesburg,39817,28.0862753041,-26.1076158813,118.3473,d_lg_ge100,industrial,osm_industrial_share_ge_0.03,stage1_core,False,021c31f3e036d6f640702d878a4971f61779ba52faa8821b386bce2cafa2cc89
jhb_full382_unified_a_merge01_c0925_fpcut_2026_06_01_t00027163,jhb_full382_unified_a_merge01_c0925_fpcut_2026_06_01_c0004647,JNB0177,johannesburg,27162,27.9779627412,-26.2028093935,145.2953,d_lg_ge100,industrial,coj_zoning_industrial_n3_purity_ge_0.70,stage1_core,False,0297264d9f17585b3d022fcdc45a6fd2cd082346cd319085b66b10fadf64538d
jhb_full382_unified_a_merge01_c0925_fpcut_2026_06_01_t00026841,jhb_full382_unified_a_merge01_c0925_fpcut_2026_06_01_c0004513,JNB0174,johannesburg,26840,27.9500334106,-26.2052902075,322.4106,d_lg_ge100,industrial,coj_zoning_industrial_n3_purity_ge_0.70,stage1_core,False,032a7e8ab7c350467df92bd2600d90da758c558afbeae57b48297761adffdcb4
jhb_full382_unified_a_merge01_c0925_fpcut_2026_06_01_t00029896,jhb_full382_unified_a_merge01_c0925_fpcut_2026_06_01_c0003919,JNB0243,johannesburg,29895,28.1536685752,-26.2201274816,192.4708,d_lg_ge100,industrial,osm_industrial_share_ge_0.03,stage1_core,False,03e63f975ee275b6a3ddbcf057b7870dfbe4c3fac719f5cf91c2abcb68d6d2e8
jhb_full382_unified_a_merge01_c0925_fpcut_2026_06_01_t00029937,jhb_full382_unified_a_merge01_c0925_fpcut_2026_06_01_c0003852,JNB0243,johannesburg,29936,28.1525315181,-26.2237595381,246.9585,d_lg_ge100,industrial,osm_industrial_share_ge_0.03,stage1_core,False,0422ac81eb73d37d279471cec0c7e78b57b477ae0f3639cb83bccc481b7c3bd9
jhb_full382_unified_a_merge01_c0925_fpcut_2026_06_01_t00026876,jhb_full382_unified_a_merge01_c0925_fpcut_2026_06_01_c0004836,JNB0176,johannesburg,26875,27.9615717946,-26.2007602837,144.9599,d_lg_ge100,industrial,osm_industrial_share_ge_0.03,stage1_core,False,05cc6fbfc8d5f389ae670391712eabc293e376f78b25b5604e22f66e53d4dac5
jhb_full382_unified_a_merge01_c0925_fpcut_2026_06_01_t00029882,jhb_full382_unified_a_merge01_c0925_fpcut_2026_06_01_c0003942,JNB0243,johannesburg,29881,28.1517058269,-26.2187967255,691.2232,d_lg_ge100,industrial,osm_industrial_share_ge_0.03,stage1_core,False,05f4b833f8216de5f0c1294876667bbb933f5781b2cd7c298ed998aad944b45d
jhb_full382_unified_a_merge01_c0925_fpcut_2026_06_01_t00026946,jhb_full382_unified_a_merge01_c0925_fpcut_2026_06_01_c0004848,JNB0176,johannesburg,26945,27.9679348587,-26.2002336728,167.8353,d_lg_ge100,industrial,osm_industrial_share_ge_0.03,stage1_core,False,091add58ba1ff71231656f3189de10b121a52973e95acd08c0a6aafec64e4611
jhb_full382_unified_a_merge01_c0925_fpcut_2026_06_01_t00028220,jhb_full382_unified_a_merge01_c0925_fpcut_2026_06_01_c0004463,JNB0192,johannesburg,28219,28.1212800340,-26.2061228565,108.9232,d_lg_ge100,industrial,osm_industrial_share_ge_0.03,stage1_core,False,0a0179cf5b14b1eccfdd7e721e728b4a6fb2e175654c1f453820e227c02024da
jhb_full382_unified_a_merge01_c0925_fpcut_2026_06_01_t00033098,jhb_full382_unified_a_merge01_c0925_fpcut_2026_06_01_c0002661,JNB0307,johannesburg,33097,28.0936268526,-26.2481609409,283.3388,d_lg_ge100,industrial,osm_industrial_share_ge_0.03,stage1_core,False,103a1d02baecddb2272e1be2b56b868e1c218049d845624a1b3383900f6045b2
jhb_full382_unified_a_merge01_c0925_fpcut_2026_06_01_t00029929,jhb_full382_unified_a_merge01_c0925_fpcut_2026_06_01_c0003851,JNB0243,johannesburg,29928,28.1524606948,-26.2235107194,325.0048,d_lg_ge100,industrial,osm_industrial_share_ge_0.03,stage1_core,False,1040ca80c7dc91958ed15a4e5221d68ebb3d3e006734455dd30af8acabb01d72
jhb_full382_unified_a_merge01_c0925_fpcut_2026_06_01_t00029714,jhb_full382_unified_a_merge01_c0925_fpcut_2026_06_01_c0004021,JNB0240,johannesburg,29713,28.1237220270,-26.2164787993,375.1203,d_lg_ge100,industrial,osm_industrial_share_ge_0.03,stage1_core,False,1083eaacb88ae649bb059cf04b9b226c4b87db0ed38e630f1662fb33d88b652f
jhb_full382_unified_a_merge01_c0925_fpcut_2026_06_01_t00027185,jhb_full382_unified_a_merge01_c0925_fpcut_2026_06_01_c0004476,JNB0177,johannesburg,27184,27.9780410366,-26.2060668725,319.415,d_lg_ge100,industrial,coj_zoning_industrial_n3_purity_ge_0.70,stage1_core,False,124923e9aeee424afd82de9a591e221a058cfa7a61555386f631a5eb0e4e2d38
jhb_full382_unified_a_merge01_c0925_fpcut_2026_06_01_t00024911,jhb_full382_unified_a_merge01_c0925_fpcut_2026_06_01_c0005485,JNB0148,johannesburg,24910,27.9294368873,-26.1927681696,152.506,d_lg_ge100,industrial,osm_industrial_share_ge_0.03,stage1_core,False,1388868730166887f746fa11ba728a13036b73d949f2af7fe9449f48c18ab9b6
jhb_full382_unified_a_merge01_c0925_fpcut_2026_06_01_t00029928,jhb_full382_unified_a_merge01_c0925_fpcut_2026_06_01_c0003851,JNB0243,johannesburg,29927,28.1523437535,-26.2235331902,318.3093,d_lg_ge100,industrial,osm_industrial_share_ge_0.03,stage1_core,False,14b0e8ac61ae5ef6c4f83627a9c4b0e7a52e419ec15cef381ff12fc9073b608f
jhb_full382_unified_a_merge01_c0925_fpcut_2026_06_01_t00024879,jhb_full382_unified_a_merge01_c0925_fpcut_2026_06_01_c0005651,JNB0148,johannesburg,24878,27.9253096058,-26.1910526739,605.8074,d_lg_ge100,industrial,osm_industrial_share_ge_0.03,stage1_core,False,19422baebc0f6b1e56ae94223186f1285f2145dde6739dc4ba24ddbd04a76e8b
jhb_full382_unified_a_merge01_c0925_fpcut_2026_06_01_t00033193,jhb_full382_unified_a_merge01_c0925_fpcut_2026_06_01_c0002792,JNB0307,johannesburg,33192,28.0967650350,-26.2465065344,157.2025,d_lg_ge100,industrial,osm_industrial_share_ge_0.03,stage1_core,False,1a91da693681767cb15d98d2834caf547adb01a30ae31abbc557ef5e0dca1104
jhb_full382_unified_a_merge01_c0925_fpcut_2026_06_01_t00002365,jhb_full382_unified_a_merge01_c0925_fpcut_2026_06_01_c0014578,JNB0043,johannesburg,2364,28.1431044923,-26.1266134379,197.2105,d_lg_ge100,industrial,osm_industrial_share_ge_0.03,stage1_core,False,1aa7ebc076b9c9ed932f54304ae8cd5e19db8d2da6b8c44ad361319e8da6a433
jhb_full382_unified_a_merge01_c0925_fpcut_2026_06_01_t00026872,jhb_full382_unified_a_merge01_c0925_fpcut_2026_06_01_c0004842,JNB0176,johannesburg,26871,27.9628098928,-26.2005708334,288.6618,d_lg_ge100,industrial,osm_industrial_share_ge_0.03,stage1_core,False,1ba5beaebb27cefa564d5d95ad68349c3527832a56c0f947160a59cf65d37d61
jhb_full382_unified_a_merge01_c0925_fpcut_2026_06_01_t00032356,jhb_full382_unified_a_merge01_c0925_fpcut_2026_06_01_c0002500,JNB0295,johannesburg,32355,27.9757593119,-26.2508326469,107.7526,d_lg_ge100,industrial,osm_industrial_share_ge_0.03,stage1_core,False,1cd5bffec02d0b65bdc866ec1e3ce6410dfad9958dd223eb872cef2f363509ce
jhb_full382_unified_a_merge01_c0925_fpcut_2026_06_01_t00032347,jhb_full382_unified_a_merge01_c0925_fpcut_2026_06_01_c0002496,JNB0295,johannesburg,32346,27.9753657008,-26.2506473818,109.5686,d_lg_ge100,industrial,osm_industrial_share_ge_0.03,stage1_core,False,23c623fd898642fbdc275727c796c980d4a250b72396cc0d1d98c6d88f7ae2c3
jhb_full382_unified_a_merge01_c0925_fpcut_2026_06_01_t00030175,jhb_full382_unified_a_merge01_c0925_fpcut_2026_06_01_c0003681,JNB0254,johannesburg,30174,28.0311374238,-26.2309442875,143.9533,d_lg_ge100,industrial,osm_industrial_share_ge_0.03,stage1_core,False,24fc2f219ef88098bc194e40ae81e8878a801dd66794f2e153543370a777b89a
jhb_full382_unified_a_merge01_c0925_fpcut_2026_06_01_t00033568,jhb_full382_unified_a_merge01_c0925_fpcut_2026_06_01_c0002361,JNB0315,johannesburg,33567,27.9756668061,-26.2526653815,131.0442,d_lg_ge100,industrial,osm_industrial_share_ge_0.03,stage1_core,False,26a47d30d50e7a6a7b43eecb25aec08efce78e4fa3f555f46d2e57f6822fd13a
jhb_full382_unified_a_merge01_c0925_fpcut_2026_06_01_t00027065,jhb_full382_unified_a_merge01_c0925_fpcut_2026_06_01_c0004864,JNB0177,johannesburg,27064,27.9740729558,-26.2003186472,118.8243,d_lg_ge100,industrial,coj_zoning_industrial_n3_purity_ge_0.70,stage1_core,False,281f105ca0755e69659ad054871a55073359552c34d5d9bd957b0bafaafdd265
jhb_full382_unified_a_merge01_c0925_fpcut_2026_06_01_t00026827,jhb_full382_unified_a_merge01_c0925_fpcut_2026_06_01_c0004467,JNB0174,johannesburg,26826,27.9455298622,-26.2067101584,435.0556,d_lg_ge100,industrial,coj_zoning_industrial_n3_purity_ge_0.70,stage1_core,False,288930785e4f1a3c02accbd54cbad2ff055d14a66518f482f7d2bb0699cd95ff
jhb_full382_unified_a_merge01_c0925_fpcut_2026_06_01_t00030195,jhb_full382_unified_a_merge01_c0925_fpcut_2026_06_01_c0003681,JNB0255,johannesburg,30194,28.0312297179,-26.2309606374,100.1251,d_lg_ge100,industrial,osm_industrial_share_ge_0.03,stage1_core,False,29a6b2aacacd50925626e5b3e2a2dd5dc561b96fe48ce89ec67fefc39472fbd9
jhb_full382_unified_a_merge01_c0925_fpcut_2026_06_01_t00026851,jhb_full382_unified_a_merge01_c0925_fpcut_2026_06_01_c0004513,JNB0174,johannesburg,26850,27.9502435555,-26.2057866330,417.545,d_lg_ge100,industrial,coj_zoning_industrial_n3_purity_ge_0.70,stage1_core,False,2ab8b99fe7d96621e3305da255861651c0e0ef744a388916f1b5e544928c58d0
jhb_full382_unified_a_merge01_c0925_fpcut_2026_06_01_t00029711,jhb_full382_unified_a_merge01_c0925_fpcut_2026_06_01_c0003874,JNB0239,johannesburg,29710,28.1208817240,-26.2231587685,202.1208,d_lg_ge100,industrial,osm_industrial_share_ge_0.03,stage1_core,False,2be74dab4ee1d63a424101bf7272e361e66b4db1e47ffb0a984d7036d724df58
jhb_full382_unified_a_merge01_c0925_fpcut_2026_06_01_t00027066,jhb_full382_unified_a_merge01_c0925_fpcut_2026_06_01_c0004864,JNB0177,johannesburg,27065,27.9740536763,-26.2004229956,125.325,d_lg_ge100,industrial,coj_zoning_industrial_n3_purity_ge_0.70,stage1_core,False,2ef784f1fb728aed980bc14582cdb99829d713b191d5d7c837c8baed6ba1a2e4
jhb_full382_unified_a_merge01_c0925_fpcut_2026_06_01_t00030204,jhb_full382_unified_a_merge01_c0925_fpcut_2026_06_01_c0003649,JNB0255,johannesburg,30203,28.0319947792,-26.2318136702,345.4481,d_lg_ge100,industrial,osm_industrial_share_ge_0.03,stage1_core,True,5289baa7c0fc1bb637bcf8dc4954ab36203cc0ee840ae0d2f1d3ec0c6338f365
jhb_full382_unified_a_merge01_c0925_fpcut_2026_06_01_t00033656,jhb_full382_unified_a_merge01_c0925_fpcut_2026_06_01_c0001921,JNB0315,johannesburg,33655,27.9756077834,-26.2585597631,299.8824,d_lg_ge100,industrial,osm_industrial_share_ge_0.03,stage1_core,True,63a824dcb99c9fb55e394253e49130b189daf5b2f73b4125fc064df19259942a
jhb_full382_unified_a_merge01_c0925_fpcut_2026_06_01_t00039340,jhb_full382_unified_a_merge01_c0925_fpcut_2026_06_01_c0015680,JNB0012,johannesburg,39339,28.1389539151,-26.1065636918,305.567,d_lg_ge100,residential,residential_fallback,stage1_core,False,00553c679223838666e462bb5f9a216e1586c8f91e238ddf26729f9c4c629931
jhb_full382_unified_a_merge01_c0925_fpcut_2026_06_01_t00031527,jhb_full382_unified_a_merge01_c0925_fpcut_2026_06_01_c0003424,JNB0278,johannesburg,31526,28.0267148981,-26.2355139168,126.8064,d_lg_ge100,residential,residential_fallback,stage1_core,False,0078dac951ee9e0172fba18c30cac8d10fb429790eb948304e7d6f4198a71624
jhb_full382_unified_a_merge01_c0925_fpcut_2026_06_01_t00022531,jhb_full382_unified_a_merge01_c0925_fpcut_2026_06_01_c0006334,JNB0130,johannesburg,22530,27.9819997011,-26.1838208321,101.6276,d_lg_ge100,residential,residential_fallback,stage1_core,False,01bf3a0866f3081eebb4f6ab6a6d67619c309a30900b1673b41f9ab343662577
jhb_full382_unified_a_merge01_c0925_fpcut_2026_06_01_t00031458,jhb_full382_unified_a_merge01_c0925_fpcut_2026_06_01_c0003083,JNB0278,johannesburg,31457,28.0227248676,-26.2417875656,156.9012,d_lg_ge100,residential,residential_fallback,stage1_core,False,01c18789f21bda882343c22e24b8506586adf68bcbb39e51edf046a114a4104b
jhb_full382_unified_a_merge01_c0925_fpcut_2026_06_01_t00029102,jhb_full382_unified_a_merge01_c0925_fpcut_2026_06_01_c0004357,JNB0214,johannesburg,29101,28.1041328313,-26.2091617605,134.5518,d_lg_ge100,residential,residential_fallback,stage1_core,False,01db1e17da3876af30f402b1ab63d961280f815c6ecec40326e3d215c109452d
jhb_full382_unified_a_merge01_c0925_fpcut_2026_06_01_t00031444,jhb_full382_unified_a_merge01_c0925_fpcut_2026_06_01_c0003082,JNB0278,johannesburg,31443,28.0227672151,-26.2412975529,175.4818,d_lg_ge100,residential,residential_fallback,stage1_core,False,026988d1581a3198f77ed5407fb103916809c66dfbfa5cb56cc61e74449a32d4
jhb_full382_unified_a_merge01_c0925_fpcut_2026_06_01_t00001471,jhb_full382_unified_a_merge01_c0925_fpcut_2026_06_01_c0013961,JNB0035,johannesburg,1470,28.0673598691,-26.1340280839,119.4643,d_lg_ge100,residential,residential_fallback,stage1_core,False,02e425695595009eeb247a379caf715bcffcab370d0c8997890a4f42935a761c
jhb_full382_unified_a_merge01_c0925_fpcut_2026_06_01_t00016090,jhb_full382_unified_a_merge01_c0925_fpcut_2026_06_01_c0009550,JNB0094,johannesburg,16089,28.0572523579,-26.1626401372,354.3525,d_lg_ge100,residential,residential_fallback,stage1_core,False,03d0d88e68157efd7a885e2c2e13bc40402b9a94e9e8546aaf10c1be1619795f
jhb_full382_unified_a_merge01_c0925_fpcut_2026_06_01_t00000361,jhb_full382_unified_a_merge01_c0925_fpcut_2026_06_01_c0015059,JNB0031,johannesburg,360,28.1415196784,-26.1201545106,306.3825,d_lg_ge100,residential,residential_fallback,stage1_core,False,04140b357ae395ad725bfa81a545e9cc07eac949a9dabce2387c996e359474f1
jhb_full382_unified_a_merge01_c0925_fpcut_2026_06_01_t00034865,jhb_full382_unified_a_merge01_c0925_fpcut_2026_06_01_c0001334,JNB0335,johannesburg,34864,27.9823622817,-26.2674482188,734.5676,d_lg_ge100,residential,residential_fallback,stage1_core,False,04c4852e2ea11add7b76922792f9c2b0f6253e875efb5b5502b0edf2675c58d0
jhb_full382_unified_a_merge01_c0925_fpcut_2026_06_01_t00020074,jhb_full382_unified_a_merge01_c0925_fpcut_2026_06_01_c0007429,JNB0115,johannesburg,20073,28.0587018157,-26.1751428823,153.1197,d_lg_ge100,residential,residential_fallback,stage1_core,False,0534523ca382b2e8476d3ac92ffd70554ea87c65b5d42722225a7c33ef759568
jhb_full382_unified_a_merge01_c0925_fpcut_2026_06_01_t00040176,jhb_full382_unified_a_merge01_c0925_fpcut_2026_06_01_c0015652,JNB0020,johannesburg,40175,28.1387358658,-26.1071865187,316.5925,d_lg_ge100,residential,residential_fallback,stage1_core,False,054604255838e2ac3085c5ca0f6551879632992435f928ba5fbfaab733694b64
jhb_full382_unified_a_merge01_c0925_fpcut_2026_06_01_t00036698,jhb_full382_unified_a_merge01_c0925_fpcut_2026_06_01_c0000995,JNB0356,johannesburg,36697,28.0287723812,-26.2727444565,262.8974,d_lg_ge100,residential,residential_fallback,stage1_core,False,055ad4c360283214b62affc0b880bed14832848ded6a5253c2b18177e9463257
jhb_full382_unified_a_merge01_c0925_fpcut_2026_06_01_t00020995,jhb_full382_unified_a_merge01_c0925_fpcut_2026_06_01_c0006921,JNB0121,johannesburg,20994,28.1174062860,-26.1781776864,609.3443,d_lg_ge100,residential,residential_fallback,stage1_core,False,05ce632f6ec51ec184e268cf8005cc45ee6aa1951dd8e819f5d24c1ed999f595
jhb_full382_unified_a_merge01_c0925_fpcut_2026_06_01_t00008001,jhb_full382_unified_a_merge01_c0925_fpcut_2026_06_01_c0012102,JNB0063,johannesburg,8000,28.0794006659,-26.1476715796,695.2176,d_lg_ge100,residential,residential_fallback,stage1_core,False,063cbd17bc1774f85315901b3e21ca327931a4a8be86358f7fb52252921398b9
jhb_full382_unified_a_merge01_c0925_fpcut_2026_06_01_t00025144,jhb_full382_unified_a_merge01_c0925_fpcut_2026_06_01_c0005280,JNB0155,johannesburg,25143,27.9997238494,-26.1948174890,534.7103,d_lg_ge100,residential,residential_fallback,stage1_core,False,065afcf7b8e4654bb26f7de1b3ee1c0ba7f7c68b0c5fd490be009d68d43633af
jhb_full382_unified_a_merge01_c0925_fpcut_2026_06_01_t00016543,jhb_full382_unified_a_merge01_c0925_fpcut_2026_06_01_c0009568,JNB0096,johannesburg,16542,28.0715013731,-26.1626773097,299.649,d_lg_ge100,residential,residential_fallback,stage1_core,False,07596e50330fcbf7617ac760309d1029d65cb02c6c1e7cc20e9fbe0cab3c6819
jhb_full382_unified_a_merge01_c0925_fpcut_2026_06_01_t00041203,jhb_full382_unified_a_merge01_c0925_fpcut_2026_06_01_c0014902,JNB0024,johannesburg,41202,28.0780415552,-26.1224290244,195.0937,d_lg_ge100,residential,residential_fallback,stage1_core,False,07d8676b739f233bce1236fed35d6b181514edaf1d4ac428258a05f96440c23c
jhb_full382_unified_a_merge01_c0925_fpcut_2026_06_01_t00003056,jhb_full382_unified_a_merge01_c0925_fpcut_2026_06_01_c0013090,JNB0046,johannesburg,3055,28.0423491077,-26.1411930694,107.0632,d_lg_ge100,residential,residential_fallback,stage1_core,False,087ce405ce8b548f1c2f15f3ce94897d533b74a75c6c766a52d3a862ee883933
jhb_full382_unified_a_merge01_c0925_fpcut_2026_06_01_t00008060,jhb_full382_unified_a_merge01_c0925_fpcut_2026_06_01_c0011977,JNB0063,johannesburg,8059,28.0798615161,-26.1484914733,383.3521,d_lg_ge100,residential,residential_fallback,stage1_core,False,09cbc18874e154da86e93e2a3baf0159d61e2390272ea91984a01eb7b25bf00f
jhb_full382_unified_a_merge01_c0925_fpcut_2026_06_01_t00031157,jhb_full382_unified_a_merge01_c0925_fpcut_2026_06_01_c0003064,JNB0276,johannesburg,31156,28.0053817256,-26.2416248936,238.6901,d_lg_ge100,residential,residential_fallback,stage1_core,False,0a63bee8afe9215ac1882d97a34c25c1186df163159a71a6ee4aa969eab7b2f0
jhb_full382_unified_a_merge01_c0925_fpcut_2026_06_01_t00030899,jhb_full382_unified_a_merge01_c0925_fpcut_2026_06_01_c0003495,JNB0274,johannesburg,30898,27.9834619229,-26.2348546862,544.36,d_lg_ge100,residential,residential_fallback,stage1_core,False,0c5419ca48422b01e49118dd1b31926a344c42050e9dccc5a43254818741735c
jhb_full382_unified_a_merge01_c0925_fpcut_2026_06_01_t00029107,jhb_full382_unified_a_merge01_c0925_fpcut_2026_06_01_c0004358,JNB0214,johannesburg,29106,28.1102156148,-26.2090893755,106.399,d_lg_ge100,residential,residential_fallback,stage1_core,False,0db5bc1ce72afe007c8e11f37064d72cef76a6f21fe5400b19b8bc3eaa736777
jhb_full382_unified_a_merge01_c0925_fpcut_2026_06_01_t00015900,jhb_full382_unified_a_merge01_c0925_fpcut_2026_06_01_c0009148,JNB0093,johannesburg,15899,28.0487183384,-26.1651107727,184.3164,d_lg_ge100,residential,residential_fallback,stage1_core,False,0de6e988c2714dbd89594c0b683effca5f8b462e857c3cd36bfe89e257b7a480
jhb_full382_unified_a_merge01_c0925_fpcut_2026_06_01_t00008012,jhb_full382_unified_a_merge01_c0925_fpcut_2026_06_01_c0012106,JNB0063,johannesburg,8011,28.0800850259,-26.1477170735,459.8597,d_lg_ge100,residential,residential_fallback,stage1_core,False,0e153d7b2c838f0807024822e7d9cd997e0a90545a336d3e5a9740849455e196
jhb_full382_unified_a_merge01_c0925_fpcut_2026_06_01_t00028886,jhb_full382_unified_a_merge01_c0925_fpcut_2026_06_01_c0004235,JNB0210,johannesburg,28885,28.0645254385,-26.2109634801,242.679,d_lg_ge100,residential,residential_fallback,stage1_core,False,0efd9ea6ade6757bd4219ac51cf63248673c8695225e4ab6e14e6291dfd445cd
jhb_full382_unified_a_merge01_c0925_fpcut_2026_06_01_t00021342,jhb_full382_unified_a_merge01_c0925_fpcut_2026_06_01_c0007181,JNB0123,johannesburg,21341,28.1339245761,-26.1765307589,115.867,d_lg_ge100,residential,residential_fallback,stage1_core,False,0fea46fec9f6033b07284335598b5d568f7d08226792746fc31fe6c83a1d9a64
jhb_full382_unified_a_merge01_c0925_fpcut_2026_06_01_t00006437,jhb_full382_unified_a_merge01_c0925_fpcut_2026_06_01_c0012704,JNB0059,johannesburg,6436,28.0362560724,-26.1438238196,687.5869,d_lg_ge100,residential,residential_fallback,stage1_core,False,1034825a4cc8edd257e0c021f2a6b947a938b0aca79da368c1d60e89d29cd040
jhb_full382_unified_a_merge01_c0925_fpcut_2026_06_01_t00024253,jhb_full382_unified_a_merge01_c0925_fpcut_2026_06_01_c0006705,JNB0145,johannesburg,24252,28.1344851902,-26.1806964202,101.458,d_lg_ge100,residential,residential_fallback,stage1_core,False,10458b44b3afd292fcd557f8bdb64b42bc41666b60179bcb7ea03cdd230f6e81
jhb_full382_unified_a_merge01_c0925_fpcut_2026_06_01_t00040000,jhb_full382_unified_a_merge01_c0925_fpcut_2026_06_01_c0015612,JNB0020,johannesburg,39999,28.1316987608,-26.1093976861,178.846,d_lg_ge100,residential,residential_fallback,stage1_core,False,105a25aab534748a043489e70b24dc54aa0ec0de5ce7d3416457d75c8cb8d4b2
jhb_full382_unified_a_merge01_c0925_fpcut_2026_06_01_t00030557,jhb_full382_unified_a_merge01_c0925_fpcut_2026_06_01_c0003663,JNB0261,johannesburg,30556,28.0928914021,-26.2313230158,104.0371,d_lg_ge100,residential,residential_fallback,stage1_core,False,11a36bd646d70c536e07a3c349be58a27f6b683e2f5d2a0896edd22923ea7d9f
jhb_full382_unified_a_merge01_c0925_fpcut_2026_06_01_t00034871,jhb_full382_unified_a_merge01_c0925_fpcut_2026_06_01_c0001334,JNB0335,johannesburg,34870,27.9824863942,-26.2675880921,322.6135,d_lg_ge100,residential,residential_fallback,stage1_core,False,11b839ea833de44bd9699b14ee91c72c2e60ff8d0d2380dc3075ba16b2ff58e4
jhb_full382_unified_a_merge01_c0925_fpcut_2026_06_01_t00007979,jhb_full382_unified_a_merge01_c0925_fpcut_2026_06_01_c0012245,JNB0063,johannesburg,7978,28.0794159696,-26.1470290902,361.6324,d_lg_ge100,residential,residential_fallback,stage1_core,True,dfc135043ea1efdac35d394fabbdcdd84f790489644ce37ae3d35a99aa303420
jhb_full382_unified_a_merge01_c0925_fpcut_2026_06_01_t00027392,jhb_full382_unified_a_merge01_c0925_fpcut_2026_06_01_c0004572,JNB0181,johannesburg,27391,28.0132791974,-26.2046453857,5.112,a_xs_lt15,cbd,cbd25_spatial_crosswalk,stage2_precision,False,009a448b287baeed8da49e83b8382b5edfa58d7362cb9b44a7e970cd3e8f5875
jhb_full382_unified_a_merge01_c0925_fpcut_2026_06_01_t00022920,jhb_full382_unified_a_merge01_c0925_fpcut_2026_06_01_c0006002,JNB0133,johannesburg,22919,28.0203702340,-26.1876109129,4.2203,a_xs_lt15,cbd,cbd25_spatial_crosswalk,stage2_precision,False,013c2fec8180643010b7f39af28aa9f05ba54bb62e988e4aa8f4750cb64737f5
jhb_full382_unified_a_merge01_c0925_fpcut_2026_06_01_t00027425,jhb_full382_unified_a_merge01_c0925_fpcut_2026_06_01_c0004482,JNB0181,johannesburg,27424,28.0201080014,-26.2064649149,11.956,a_xs_lt15,cbd,cbd25_spatial_crosswalk,stage2_precision,False,01612455ed5e857c34587dd9afc57c8b29112eaeb08545b8b0a6cab1d8559ee0
jhb_full382_unified_a_merge01_c0925_fpcut_2026_06_01_t00022956,jhb_full382_unified_a_merge01_c0925_fpcut_2026_06_01_c0006554,JNB0134,johannesburg,22955,28.0234007107,-26.1815809239,7.5617,a_xs_lt15,cbd,cbd25_spatial_crosswalk,stage2_precision,False,01a21953fc165ee3f4e413b6a0b2ff02b312b8c4dc8a4912fb41a5f507e4780e
jhb_full382_unified_a_merge01_c0925_fpcut_2026_06_01_t00023188,jhb_full382_unified_a_merge01_c0925_fpcut_2026_06_01_c0006359,JNB0135,johannesburg,23187,28.0338979042,-26.1836554951,9.7231,a_xs_lt15,cbd,cbd25_spatial_crosswalk,stage2_precision,False,0289eeed9348ea64e32fd7d37c9f36d354dd624ad6547fd1f49c77d4c4883d9b
jhb_full382_unified_a_merge01_c0925_fpcut_2026_06_01_t00027424,jhb_full382_unified_a_merge01_c0925_fpcut_2026_06_01_c0004483,JNB0181,johannesburg,27423,28.0201616966,-26.2064722435,5.8932,a_xs_lt15,cbd,cbd25_spatial_crosswalk,stage2_precision,False,02bf0cdf4a577f99991914252fc38b3f0480420a835310ea84a0e48798a35843
jhb_full382_unified_a_merge01_c0925_fpcut_2026_06_01_t00023083,jhb_full382_unified_a_merge01_c0925_fpcut_2026_06_01_c0006248,JNB0134,johannesburg,23082,28.0302026818,-26.1841259288,12.9834,a_xs_lt15,cbd,cbd25_spatial_crosswalk,stage2_precision,False,034762a6c49b9d9915370ca053713fdf53447e31eb9b2951a9db44a41763ff1c
jhb_full382_unified_a_merge01_c0925_fpcut_2026_06_01_t00028534,jhb_full382_unified_a_merge01_c0925_fpcut_2026_06_01_c0004409,JNB0206,johannesburg,28533,28.0225002201,-26.2076870555,10.6388,a_xs_lt15,cbd,cbd25_spatial_crosswalk,stage2_precision,False,0367f9ef9f2806c70e8213678045399a776557f4ca2cb223b91d7fca55056476
jhb_full382_unified_a_merge01_c0925_fpcut_2026_06_01_t00027663,jhb_full382_unified_a_merge01_c0925_fpcut_2026_06_01_c0004621,JNB0183,johannesburg,27662,28.0401267759,-26.2035590800,10.8271,a_xs_lt15,cbd,cbd25_spatial_crosswalk,stage2_precision,False,0385293dd8e5f5bc063698da456fb54674662396495e93a71c688b982f62fced
jhb_full382_unified_a_merge01_c0925_fpcut_2026_06_01_t00027576,jhb_full382_unified_a_merge01_c0925_fpcut_2026_06_01_c0004901,JNB0183,johannesburg,27575,28.0326644543,-26.2003380605,9.6311,a_xs_lt15,cbd,cbd25_spatial_crosswalk,stage2_precision,False,0394007ddc0e3ef061e1d294eda382405b765a8fb6d97423b3a9fa9a9ef924f0
jhb_full382_unified_a_merge01_c0925_fpcut_2026_06_01_t00027574,jhb_full382_unified_a_merge01_c0925_fpcut_2026_06_01_c0004897,JNB0183,johannesburg,27573,28.0325723888,-26.2003202393,11.4528,a_xs_lt15,cbd,cbd25_spatial_crosswalk,stage2_precision,False,043dc048bf33d299eada27aa6e79ed15595a9ea3cb42e3015aa7d3dc1455bbba
jhb_full382_unified_a_merge01_c0925_fpcut_2026_06_01_t00027846,jhb_full382_unified_a_merge01_c0925_fpcut_2026_06_01_c0004673,JNB0185,johannesburg,27845,28.0605960472,-26.2027670740,10.6533,a_xs_lt15,cbd,cbd25_spatial_crosswalk,stage2_precision,False,04e838957243c326a1f6961c7dd21245447d4500f2d487d86837f9d50a9bdfc8
jhb_full382_unified_a_merge01_c0925_fpcut_2026_06_01_t00028777,jhb_full382_unified_a_merge01_c0925_fpcut_2026_06_01_c0004380,JNB0208,johannesburg,28776,28.0505127924,-26.2090181708,9.1252,a_xs_lt15,cbd,cbd25_spatial_crosswalk,stage2_precision,False,05fd0077730fce42d1709fa2f5f46046a9414fd8c877558f9cac8ad4eaa0719d
jhb_full382_unified_a_merge01_c0925_fpcut_2026_06_01_t00029478,jhb_full382_unified_a_merge01_c0925_fpcut_2026_06_01_c0004056,JNB0231,johannesburg,29477,28.0348373049,-26.2166711944,4.7272,a_xs_lt15,cbd,cbd25_spatial_crosswalk,stage2_precision,False,05fd07e630074de2fdbb5c638a4cbcbb179f3e770db65e3506b1e0b3c8c09f19
jhb_full382_unified_a_merge01_c0925_fpcut_2026_06_01_t00027368,jhb_full382_unified_a_merge01_c0925_fpcut_2026_06_01_c0004786,JNB0181,johannesburg,27367,28.0111521452,-26.2008701408,14.7923,a_xs_lt15,cbd,cbd25_spatial_crosswalk,stage2_precision,False,06f8b6536994733ca7b914e953bae1fe4ef9170a91cc39ba04de6bef65d22896
jhb_full382_unified_a_merge01_c0925_fpcut_2026_06_01_t00027620,jhb_full382_unified_a_merge01_c0925_fpcut_2026_06_01_c0004490,JNB0183,johannesburg,27619,28.0348548323,-26.2058744118,14.7868,a_xs_lt15,cbd,cbd25_spatial_crosswalk,stage2_precision,False,071a1a4fb065af8e50f4cfc65c1d9b78f4352fdd4346b33dfea2cd77a359c0ed
jhb_full382_unified_a_merge01_c0925_fpcut_2026_06_01_t00027543,jhb_full382_unified_a_merge01_c0925_fpcut_2026_06_01_c0004900,JNB0183,johannesburg,27542,28.0326277319,-26.1999724494,9.6267,a_xs_lt15,cbd,cbd25_spatial_crosswalk,stage2_precision,False,07973c5029d5a387f09148c294dc600d992984fbc6a35f7781b954ee089878f5
jhb_full382_unified_a_merge01_c0925_fpcut_2026_06_01_t00028803,jhb_full382_unified_a_merge01_c0925_fpcut_2026_06_01_c0004387,JNB0209,johannesburg,28802,28.0550244786,-26.2079984740,4.9333,a_xs_lt15,cbd,cbd25_spatial_crosswalk,stage2_precision,False,0799fa9923e0f9a20ec658ca4e81a962a1f3bb5c4060d4309c2603c05502f96d
jhb_full382_unified_a_merge01_c0925_fpcut_2026_06_01_t00027588,jhb_full382_unified_a_merge01_c0925_fpcut_2026_06_01_c0004802,JNB0183,johannesburg,27587,28.0326982066,-26.2005971389,9.6935,a_xs_lt15,cbd,cbd25_spatial_crosswalk,stage2_precision,False,085e69aacd286cea84c6af45a6f503e69700152900821a632d8cf949240a02d3
jhb_full382_unified_a_merge01_c0925_fpcut_2026_06_01_t00027636,jhb_full382_unified_a_merge01_c0925_fpcut_2026_06_01_c0004738,JNB0183,johannesburg,27635,28.0369535860,-26.2017932648,5.8089,a_xs_lt15,cbd,cbd25_spatial_crosswalk,stage2_precision,False,091e5008c25bd9740c6d0462ebc995de4b176a94bc14e1f94a110ca3d4e907b8
jhb_full382_unified_a_merge01_c0925_fpcut_2026_06_01_t00023359,jhb_full382_unified_a_merge01_c0925_fpcut_2026_06_01_c0006464,JNB0135,johannesburg,23358,28.0384443212,-26.1830962134,4.4931,a_xs_lt15,cbd,cbd25_spatial_crosswalk,stage2_precision,False,0a002009f39c2a904f473bb5816150113e45df752fbd07a1b143a333d9e02bc0
jhb_full382_unified_a_merge01_c0925_fpcut_2026_06_01_t00028662,jhb_full382_unified_a_merge01_c0925_fpcut_2026_06_01_c0004215,JNB0207,johannesburg,28661,28.0392481380,-26.2112888839,6.7052,a_xs_lt15,cbd,cbd25_spatial_crosswalk,stage2_precision,False,0a15ff2060b84881658b397dc8f8ef96cb18da33bd0304f486bf8e7a48982c3d
jhb_full382_unified_a_merge01_c0925_fpcut_2026_06_01_t00027408,jhb_full382_unified_a_merge01_c0925_fpcut_2026_06_01_c0004658,JNB0181,johannesburg,27407,28.0195787247,-26.2030570981,14.1489,a_xs_lt15,cbd,cbd25_spatial_crosswalk,stage2_precision,False,0a2bbe6c144407df5a05c4c9f3a60158d22a5a4ebeb2959d49c7a6366228ee7b
jhb_full382_unified_a_merge01_c0925_fpcut_2026_06_01_t00023365,jhb_full382_unified_a_merge01_c0925_fpcut_2026_06_01_c0006465,JNB0135,johannesburg,23364,28.0382267499,-26.1831296762,7.1551,a_xs_lt15,cbd,cbd25_spatial_crosswalk,stage2_precision,False,0b33986944395291a8e95d5d771c8c80c658f99aafa16fa79b6a9b14f69dc62d
jhb_full382_unified_a_merge01_c0925_fpcut_2026_06_01_t00027644,jhb_full382_unified_a_merge01_c0925_fpcut_2026_06_01_c0004740,JNB0183,johannesburg,27643,28.0369615981,-26.2021018784,3.9738,a_xs_lt15,cbd,cbd25_spatial_crosswalk,stage2_precision,False,0b41b9c2dc39a79927180b66836835590eee60c433bd99bf675130310dcbc46b
jhb_full382_unified_a_merge01_c0925_fpcut_2026_06_01_t00022817,jhb_full382_unified_a_merge01_c0925_fpcut_2026_06_01_c0006230,JNB0133,johannesburg,22816,28.0130073154,-26.1842487338,12.2329,a_xs_lt15,cbd,cbd25_spatial_crosswalk,stage2_precision,False,0b4a895b7132a9642b52c85478ba056086d4b4b25d958c00ea40651edf7ca281
jhb_full382_unified_a_merge01_c0925_fpcut_2026_06_01_t00029362,jhb_full382_unified_a_merge01_c0925_fpcut_2026_06_01_c0003979,JNB0229,johannesburg,29361,28.0198182334,-26.2180934548,7.1909,a_xs_lt15,cbd,cbd25_spatial_crosswalk,stage2_precision,False,0bda75eee79af4629955a65494a5e75c7856ec94bbd79bd911bee612950baa5e
jhb_full382_unified_a_merge01_c0925_fpcut_2026_06_01_t00025453,jhb_full382_unified_a_merge01_c0925_fpcut_2026_06_01_c0005509,JNB0160,johannesburg,25452,28.0471105058,-26.1919434290,6.8191,a_xs_lt15,cbd,cbd25_spatial_crosswalk,stage2_precision,False,0bfb720a3a7fc4432b9fe18cf8b6b1a1b7aa36280c25c1cef0bd1278e374be05
jhb_full382_unified_a_merge01_c0925_fpcut_2026_06_01_t00028748,jhb_full382_unified_a_merge01_c0925_fpcut_2026_06_01_c0004225,JNB0208,johannesburg,28747,28.0451022702,-26.2108677372,13.0222,a_xs_lt15,cbd,cbd25_spatial_crosswalk,stage2_precision,False,0bfba5955be0f731602e92994f892c59a0f3466e7a14b29e6ebca671caf71aa5
jhb_full382_unified_a_merge01_c0925_fpcut_2026_06_01_t00028847,jhb_full382_unified_a_merge01_c0925_fpcut_2026_06_01_c0004234,JNB0209,johannesburg,28846,28.0542564310,-26.2115086351,13.5132,a_xs_lt15,cbd,cbd25_spatial_crosswalk,stage2_precision,False,0c159eecc54150c32f0309c86ae1e8aad9636b827b546da5afaec199cae24c69
jhb_full382_unified_a_merge01_c0925_fpcut_2026_06_01_t00029460,jhb_full382_unified_a_merge01_c0925_fpcut_2026_06_01_c0004057,JNB0231,johannesburg,29459,28.0352053934,-26.2164715504,4.7673,a_xs_lt15,cbd,cbd25_spatial_crosswalk,stage2_precision,False,0c33a12ea83a555b4e07e0f3e37c4dfee59e7011ead3f6c57ef20a520c46d8d6
jhb_full382_unified_a_merge01_c0925_fpcut_2026_06_01_t00022845,jhb_full382_unified_a_merge01_c0925_fpcut_2026_06_01_c0005932,JNB0133,johannesburg,22844,28.0128249748,-26.1879782791,14.7599,a_xs_lt15,cbd,cbd25_spatial_crosswalk,stage2_precision,False,0ca2ee2452e0735a43ffab489ce86e18fc8f56f985df66be61f99874e5b900ab
jhb_full382_unified_a_merge01_c0925_fpcut_2026_06_01_t00023018,jhb_full382_unified_a_merge01_c0925_fpcut_2026_06_01_c0006778,JNB0134,johannesburg,23017,28.0272851386,-26.1804543583,12.8234,a_xs_lt15,cbd,cbd25_spatial_crosswalk,stage2_precision,False,0cad89165d6970d1f9ca6a8e7134b58436570ffee43d48a19a372b23f0b9a061
jhb_full382_unified_a_merge01_c0925_fpcut_2026_06_01_t00022895,jhb_full382_unified_a_merge01_c0925_fpcut_2026_06_01_c0006234,JNB0133,johannesburg,22894,28.0192838028,-26.1843868169,5.5828,a_xs_lt15,cbd,cbd25_spatial_crosswalk,stage2_precision,False,0cad8bde102c6abe186e0f9820702c2f849f1c3614dd6de7a7edeee4a9961d3c
jhb_full382_unified_a_merge01_c0925_fpcut_2026_06_01_t00028783,jhb_full382_unified_a_merge01_c0925_fpcut_2026_06_01_c0004379,JNB0208,johannesburg,28782,28.0506712546,-26.2089578265,10.9512,a_xs_lt15,cbd,cbd25_spatial_crosswalk,stage2_precision,False,0cf785a5c63671055bc5087548084bb13659ea85e178de7f2b2ec429c322e618
jhb_full382_unified_a_merge01_c0925_fpcut_2026_06_01_t00023320,jhb_full382_unified_a_merge01_c0925_fpcut_2026_06_01_c0006172,JNB0135,johannesburg,23319,28.0319609544,-26.1854147964,10.5089,a_xs_lt15,cbd,cbd25_spatial_crosswalk,stage2_precision,False,0e3ae6cc580869f83db9f6c6b88add19732d1de3de1eaec5948d3526c9b39178
jhb_full382_unified_a_merge01_c0925_fpcut_2026_06_01_t00022954,jhb_full382_unified_a_merge01_c0925_fpcut_2026_06_01_c0006555,JNB0134,johannesburg,22953,28.0244495407,-26.1812746233,9.5895,a_xs_lt15,cbd,cbd25_spatial_crosswalk,stage2_precision,False,0eb3c3144e31cc686040d49b0822a74fb775e683ef454f69892d2922b238ebf0
jhb_full382_unified_a_merge01_c0925_fpcut_2026_06_01_t00025283,jhb_full382_unified_a_merge01_c0925_fpcut_2026_06_01_c0005593,JNB0158,johannesburg,25282,28.0262781245,-26.1912532722,6.252,a_xs_lt15,cbd,cbd25_spatial_crosswalk,stage2_precision,False,0f52eb6d5c76451e2717831f32a90e324a44762d7e84cad5bfbdfd85f8c4d623
jhb_full382_unified_a_merge01_c0925_fpcut_2026_06_01_t00028791,jhb_full382_unified_a_merge01_c0925_fpcut_2026_06_01_c0004166,JNB0208,johannesburg,28790,28.0494471472,-26.2126611708,14.8075,a_xs_lt15,cbd,cbd25_spatial_crosswalk,stage2_precision,False,0f97a09d2a8998c250aacace6dc7af32d6ec53dc54efdbd15014a776b1709ece
jhb_full382_unified_a_merge01_c0925_fpcut_2026_06_01_t00027430,jhb_full382_unified_a_merge01_c0925_fpcut_2026_06_01_c0004438,JNB0181,johannesburg,27429,28.0201031745,-26.2066522719,10.5809,a_xs_lt15,cbd,cbd25_spatial_crosswalk,stage2_precision,False,0fadb5d61d7f610405f6c4e58b88801ff78eb7803e53abdefa008cc0c0d8a72f
jhb_full382_unified_a_merge01_c0925_fpcut_2026_06_01_t00027471,jhb_full382_unified_a_merge01_c0925_fpcut_2026_06_01_c0004486,JNB0182,johannesburg,27470,28.0218169062,-26.2065894924,9.9291,a_xs_lt15,cbd,cbd25_spatial_crosswalk,stage2_precision,False,0fca8249cc5b359a8888ace47ad47e6df01edc891e7b205e337ed4938c957b03
jhb_full382_unified_a_merge01_c0925_fpcut_2026_06_01_t00023297,jhb_full382_unified_a_merge01_c0925_fpcut_2026_06_01_c0006169,JNB0135,johannesburg,23296,28.0319436849,-26.1852966564,7.6148,a_xs_lt15,cbd,cbd25_spatial_crosswalk,stage2_precision,False,0febed3529b3ba427851c27dbb2b979a1cff67de434e41570e8dd8c8ecb6b290
jhb_full382_unified_a_merge01_c0925_fpcut_2026_06_01_t00029514,jhb_full382_unified_a_merge01_c0925_fpcut_2026_06_01_c0004067,JNB0231,johannesburg,29513,28.0408425928,-26.2161684939,5.7405,a_xs_lt15,cbd,cbd25_spatial_crosswalk,stage2_precision,False,10a8aae5257823bf28f49352c9010a4fcfb033eccaebeb026936203eb59dc378
jhb_full382_unified_a_merge01_c0925_fpcut_2026_06_01_t00027812,jhb_full382_unified_a_merge01_c0925_fpcut_2026_06_01_c0005041,JNB0185,johannesburg,27811,28.0559144137,-26.1981076431,8.7117,a_xs_lt15,cbd,cbd25_spatial_crosswalk,stage2_precision,False,10fe08b9ea6dcf7bd769d867948bde8198a20a7b1bd4f51ec1648944e0fe915f
jhb_full382_unified_a_merge01_c0925_fpcut_2026_06_01_t00022934,jhb_full382_unified_a_merge01_c0925_fpcut_2026_06_01_c0006774,JNB0134,johannesburg,22933,28.0219403070,-26.1801918457,9.2234,a_xs_lt15,cbd,cbd25_spatial_crosswalk,stage2_precision,False,11001485c26a67b85faf61d127461aa4d5ff8965f759a00d57202bc6e5a18130
jhb_full382_unified_a_merge01_c0925_fpcut_2026_06_01_t00027525,jhb_full382_unified_a_merge01_c0925_fpcut_2026_06_01_c0004970,JNB0183,johannesburg,27524,28.0321672245,-26.1990152934,12.3103,a_xs_lt15,cbd,cbd25_spatial_crosswalk,stage2_precision,False,115a5c403db645fdb2479f8c77a7b8528d22b6a4087257517b6fd799b40b64f8
jhb_full382_unified_a_merge01_c0925_fpcut_2026_06_01_t00028660,jhb_full382_unified_a_merge01_c0925_fpcut_2026_06_01_c0004216,JNB0207,johannesburg,28659,28.0392897053,-26.2112723105,6.7633,a_xs_lt15,cbd,cbd25_spatial_crosswalk,stage2_precision,False,11a855d5bf72b527b49b1672914564b94bf06902791611aa0cc70290718c0679
jhb_full382_unified_a_merge01_c0925_fpcut_2026_06_01_t00027662,jhb_full382_unified_a_merge01_c0925_fpcut_2026_06_01_c0004620,JNB0183,johannesburg,27661,28.0396258068,-26.2032163813,4.1701,a_xs_lt15,cbd,cbd25_spatial_crosswalk,stage2_precision,False,11d7645e026388ad2b155a2029ed10c1721c970b96209939be87ee4d187988b0
jhb_full382_unified_a_merge01_c0925_fpcut_2026_06_01_t00028701,jhb_full382_unified_a_merge01_c0925_fpcut_2026_06_01_c0004124,JNB0207,johannesburg,28700,28.0406765955,-26.2143558521,9.2895,a_xs_lt15,cbd,cbd25_spatial_crosswalk,stage2_precision,False,11d909b64672bb6a32a1944f509ae37e83ce43f612420f3fcc3a56379eadcd0d
jhb_full382_unified_a_merge01_c0925_fpcut_2026_06_01_t00025431,jhb_full382_unified_a_merge01_c0925_fpcut_2026_06_01_c0005288,JNB0159,johannesburg,25430,28.0365396295,-26.1953157822,13.0435,a_xs_lt15,cbd,cbd25_spatial_crosswalk,stage2_precision,False,1274ca900ee81a4ad72690aba9b1c6bec6f1bcf9485bcf1b6e71493ff22f81cd
jhb_full382_unified_a_merge01_c0925_fpcut_2026_06_01_t00022974,jhb_full382_unified_a_merge01_c0925_fpcut_2026_06_01_c0006452,JNB0134,johannesburg,22973,28.0235502319,-26.1825571547,5.1274,a_xs_lt15,cbd,cbd25_spatial_crosswalk,stage2_precision,False,134deb3db71fd7f1d477213709b893b6a80418fb01a2e1ee9aa1d07dee4afa2b
jhb_full382_unified_a_merge01_c0925_fpcut_2026_06_01_t00029449,jhb_full382_unified_a_merge01_c0925_fpcut_2026_06_01_c0004048,JNB0231,johannesburg,29448,28.0346579477,-26.2165608179,10.3114,a_xs_lt15,cbd,cbd25_spatial_crosswalk,stage2_precision,False,137a85535b06e3f5a1cb01948016a86e5a1478243e5f049e702bb76867a07543
jhb_full382_unified_a_merge01_c0925_fpcut_2026_06_01_t00027745,jhb_full382_unified_a_merge01_c0925_fpcut_2026_06_01_c0004624,JNB0184,johannesburg,27744,28.0484887314,-26.2038201168,11.0638,a_xs_lt15,cbd,cbd25_spatial_crosswalk,stage2_precision,False,139f73da6da05f94af578ec1677b2967dc306e2ce4c22907cc9447a70f01b728
jhb_full382_unified_a_merge01_c0925_fpcut_2026_06_01_t00023123,jhb_full382_unified_a_merge01_c0925_fpcut_2026_06_01_c0006155,JNB0134,johannesburg,23122,28.0304186607,-26.1852352056,9.3522,a_xs_lt15,cbd,cbd25_spatial_crosswalk,stage2_precision,False,13c8ebe1d95f24626e9e5cf170a40fd48e5dae3ae7c5a9f8884c394d3656b134
jhb_full382_unified_a_merge01_c0925_fpcut_2026_06_01_t00027723,jhb_full382_unified_a_merge01_c0925_fpcut_2026_06_01_c0004804,JNB0184,johannesburg,27722,28.0470394375,-26.2008587442,8.3273,a_xs_lt15,cbd,cbd25_spatial_crosswalk,stage2_precision,False,1455894a8e95f830e798d791e24fda865523045bbe069db6bd3ff3f4690b1f72
jhb_full382_unified_a_merge01_c0925_fpcut_2026_06_01_t00028676,jhb_full382_unified_a_merge01_c0925_fpcut_2026_06_01_c0004218,JNB0207,johannesburg,28675,28.0388895430,-26.2116309867,5.5043,a_xs_lt15,cbd,cbd25_spatial_crosswalk,stage2_precision,False,145c205f9a625ecd3f931d69c341464dd01e49bde45734261ebb2310c3a33bb7
jhb_full382_unified_a_merge01_c0925_fpcut_2026_06_01_t00027519,jhb_full382_unified_a_merge01_c0925_fpcut_2026_06_01_c0004530,JNB0182,johannesburg,27518,28.0292989910,-26.2050585115,7.139,a_xs_lt15,cbd,cbd25_spatial_crosswalk,stage2_precision,False,158cf04c2867cbbfce87a74a999a59da1d4fde58ca2cfddc210017a4907af876
jhb_full382_unified_a_merge01_c0925_fpcut_2026_06_01_t00027593,jhb_full382_unified_a_merge01_c0925_fpcut_2026_06_01_c0004800,JNB0183,johannesburg,27592,28.0320842445,-26.2006738867,5.6393,a_xs_lt15,cbd,cbd25_spatial_crosswalk,stage2_precision,False,15bc17af63aafbeabd8a225791d3c3a23fbc00d75cfe2e5fbc5afd2704073bb9
jhb_full382_unified_a_merge01_c0925_fpcut_2026_06_01_t00023251,jhb_full382_unified_a_merge01_c0925_fpcut_2026_06_01_c0006252,JNB0135,johannesburg,23250,28.0331513054,-26.1844797690,12.7422,a_xs_lt15,cbd,cbd25_spatial_crosswalk,stage2_precision,True,35348ee37f6879b9dfea81865098b166125be58f665c9d239c87992a43f53197
jhb_full382_unified_a_merge01_c0925_fpcut_2026_06_01_t00028838,jhb_full382_unified_a_merge01_c0925_fpcut_2026_06_01_c0004232,JNB0209,johannesburg,28837,28.0535120530,-26.2113337575,13.2275,a_xs_lt15,cbd,cbd25_spatial_crosswalk,stage2_precision,True,5104f822e388d87c4538ffae79b54c665117874bcdec114db31a1b671c799f37
jhb_full382_unified_a_merge01_c0925_fpcut_2026_06_01_t00023353,jhb_full382_unified_a_merge01_c0925_fpcut_2026_06_01_c0006462,JNB0135,johannesburg,23352,28.0380459776,-26.1830917068,4.2118,a_xs_lt15,cbd,cbd25_spatial_crosswalk,stage2_precision,True,5135c23ca1c5d2a77088d81cdf3a7a9001ed5aeff3447b5e5dea5871e6e174f0
jhb_full382_unified_a_merge01_c0925_fpcut_2026_06_01_t00023282,jhb_full382_unified_a_merge01_c0925_fpcut_2026_06_01_c0006162,JNB0135,johannesburg,23281,28.0315563192,-26.1850209559,9.3031,a_xs_lt15,cbd,cbd25_spatial_crosswalk,stage2_precision,True,5806c3eb8ea7a6059bcee571958342cdd7979e4e74109b4becf0fe3b81efd32a
jhb_full382_unified_a_merge01_c0925_fpcut_2026_06_01_t00027367,jhb_full382_unified_a_merge01_c0925_fpcut_2026_06_01_c0004885,JNB0181,johannesburg,27366,28.0121859786,-26.2005941676,4.4248,a_xs_lt15,cbd,cbd25_spatial_crosswalk,stage2_precision,True,6628a6ac6579dfb3b0da179998a0fc6008d80ea2e0fdd616d56f9090bd55ffb1
jhb_full382_unified_a_merge01_c0925_fpcut_2026_06_01_t00025276,jhb_full382_unified_a_merge01_c0925_fpcut_2026_06_01_c0005663,JNB0158,johannesburg,25275,28.0289856355,-26.1903759696,8.3957,a_xs_lt15,cbd,cbd25_spatial_crosswalk,stage2_precision,True,9272de6b8ad28fac767df73526cd659687a9e6515e6046265760f33023a16ab8
jhb_full382_unified_a_merge01_c0925_fpcut_2026_06_01_t00023227,jhb_full382_unified_a_merge01_c0925_fpcut_2026_06_01_c0006252,JNB0135,johannesburg,23226,28.0331592748,-26.1844588209,9.6694,a_xs_lt15,cbd,cbd25_spatial_crosswalk,stage2_precision,True,d457c2412f0d438e0481802ab865ff5a6ce9eddd109063da351c40e0e75a6350
jhb_full382_unified_a_merge01_c0925_fpcut_2026_06_01_t00028837,jhb_full382_unified_a_merge01_c0925_fpcut_2026_06_01_c0004232,JNB0209,johannesburg,28836,28.0535115205,-26.2112888792,11.491,a_xs_lt15,cbd,cbd25_spatial_crosswalk,stage2_precision,True,f8ebe061fe7aa73171b527b5fd4d5264d8e05f735c4d457862234765ce0be1b1
jhb_full382_unified_a_merge01_c0925_fpcut_2026_06_01_t00027023,jhb_full382_unified_a_merge01_c0925_fpcut_2026_06_01_c0004779,JNB0176,johannesburg,27022,27.9694091010,-26.2009753520,13.0998,a_xs_lt15,industrial,osm_industrial_share_ge_0.03,stage2_precision,False,0042047f4e13c6c31012512f43797dcb13c4ee90862891c6bb8c52c86df9bcd9
jhb_full382_unified_a_merge01_c0925_fpcut_2026_06_01_t00033253,jhb_full382_unified_a_merge01_c0925_fpcut_2026_06_01_c0002607,JNB0308,johannesburg,33252,28.1016846103,-26.2493104281,13.5004,a_xs_lt15,industrial,osm_industrial_share_ge_0.03,stage2_precision,False,004db1d511029121abb99100b76f82fdd394af170e3dd8f165791aeb30949696
jhb_full382_unified_a_merge01_c0925_fpcut_2026_06_01_t00002498,jhb_full382_unified_a_merge01_c0925_fpcut_2026_06_01_c0014218,JNB0043,johannesburg,2497,28.1454482834,-26.1318310886,7.8144,a_xs_lt15,industrial,osm_industrial_share_ge_0.03,stage2_precision,False,0085231f8fe2591ecfedf39cce70a63ae87c1e65e548d871ec575e31621afce1
jhb_full382_unified_a_merge01_c0925_fpcut_2026_06_01_t00032147,jhb_full382_unified_a_merge01_c0925_fpcut_2026_06_01_c0003108,JNB0289,johannesburg,32146,28.1370473273,-26.2408135435,8.2328,a_xs_lt15,industrial,osm_industrial_share_ge_0.03,stage2_precision,False,00992e0fa73eeff0010dcad5073f92b039b7f373feaa03f5fc970cdf368f3494
jhb_full382_unified_a_merge01_c0925_fpcut_2026_06_01_t00022464,jhb_full382_unified_a_merge01_c0925_fpcut_2026_06_01_c0005821,JNB0127,johannesburg,22463,27.9554427959,-26.1891038421,14.3483,a_xs_lt15,industrial,osm_industrial_share_ge_0.03,stage2_precision,False,00ae7e05df73ed465a4b4cc22cd1cbbe851fb9da6be190f40068099770a12ec9
jhb_full382_unified_a_merge01_c0925_fpcut_2026_06_01_t00030710,jhb_full382_unified_a_merge01_c0925_fpcut_2026_06_01_c0003823,JNB0267,johannesburg,30709,28.1527525117,-26.2241540187,9.7706,a_xs_lt15,industrial,osm_industrial_share_ge_0.03,stage2_precision,False,00d5bedfcfa060df495090d26046ce05602df0ca30feba8900de004c71f1a934
jhb_full382_unified_a_merge01_c0925_fpcut_2026_06_01_t00032510,jhb_full382_unified_a_merge01_c0925_fpcut_2026_06_01_c0002581,JNB0296,johannesburg,32509,27.9856112911,-26.2500409115,14.1597,a_xs_lt15,industrial,osm_industrial_share_ge_0.03,stage2_precision,False,00db8d5861e221b8b7289b46dba89ac1d590e4c31cf474b3bb4df5956d4f86e0
jhb_full382_unified_a_merge01_c0925_fpcut_2026_06_01_t00032515,jhb_full382_unified_a_merge01_c0925_fpcut_2026_06_01_c0002512,JNB0296,johannesburg,32514,27.9861399927,-26.2507892823,13.4056,a_xs_lt15,industrial,osm_industrial_share_ge_0.03,stage2_precision,False,0113eca67eb5097fb4942aa725ea99ffec389d5e17edd0d550204e072f6084c8
jhb_full382_unified_a_merge01_c0925_fpcut_2026_06_01_t00000041,jhb_full382_unified_a_merge01_c0925_fpcut_2026_06_01_c0014917,JNB0026,johannesburg,40,28.0988320844,-26.1222345870,5.723,a_xs_lt15,industrial,osm_industrial_share_ge_0.03,stage2_precision,False,0145d47fa35ddf8a1d0cac71f89f608725b991fafe63d357c369e15bd0d21523
jhb_full382_unified_a_merge01_c0925_fpcut_2026_06_01_t00034039,jhb_full382_unified_a_merge01_c0925_fpcut_2026_06_01_c0001985,JNB0319,johannesburg,34038,28.0133409045,-26.2578603436,6.3519,a_xs_lt15,industrial,osm_industrial_share_ge_0.03,stage2_precision,True,01b505468955d199b48048bb2e455c2112d8ffeb29791af7805d90359f67edf7
jhb_full382_unified_a_merge01_c0925_fpcut_2026_06_01_t00032541,jhb_full382_unified_a_merge01_c0925_fpcut_2026_06_01_c0002371,JNB0296,johannesburg,32540,27.9863416475,-26.2520057023,5.3354,a_xs_lt15,industrial,osm_industrial_share_ge_0.03,stage2_precision,False,02188c3c0b7790bbb26c702fb6fdfba5d7f9f3fbb1428997e7288ae57eeca7af
jhb_full382_unified_a_merge01_c0925_fpcut_2026_06_01_t00002370,jhb_full382_unified_a_merge01_c0925_fpcut_2026_06_01_c0014575,JNB0043,johannesburg,2369,28.1408423785,-26.1268004724,14.0609,a_xs_lt15,industrial,osm_industrial_share_ge_0.03,stage2_precision,False,021b7db296488e4e67ea7ab827e85d91cf69ffcef8ce73d865ef537b7de3f338
jhb_full382_unified_a_merge01_c0925_fpcut_2026_06_01_t00029203,jhb_full382_unified_a_merge01_c0925_fpcut_2026_06_01_c0004424,JNB0219,johannesburg,29202,28.1569458902,-26.2067375248,7.4786,a_xs_lt15,industrial,osm_industrial_share_ge_0.03,stage2_precision,False,022e9faded3439c601779cb9afe7a9f7ea1560edb339870bd3e748e1dd69005d
jhb_full382_unified_a_merge01_c0925_fpcut_2026_06_01_t00033221,jhb_full382_unified_a_merge01_c0925_fpcut_2026_06_01_c0002734,JNB0307,johannesburg,33220,28.0972231628,-26.2476172481,4.7248,a_xs_lt15,industrial,osm_industrial_share_ge_0.03,stage2_precision,False,02cb4f5ded09321d3fee72797ee616040ef8ef964fedfbe732ebcf17ae57c088
jhb_full382_unified_a_merge01_c0925_fpcut_2026_06_01_t00032137,jhb_full382_unified_a_merge01_c0925_fpcut_2026_06_01_c0003575,JNB0289,johannesburg,32136,28.1364594159,-26.2332843762,7.9482,a_xs_lt15,industrial,osm_industrial_share_ge_0.03,stage2_precision,False,0376fcfe16e6a8d0ad2a3f9b05dad5cdf1de437b0852c2b7b041a840dbf4bbfe
jhb_full382_unified_a_merge01_c0925_fpcut_2026_06_01_t00032400,jhb_full382_unified_a_merge01_c0925_fpcut_2026_06_01_c0002688,JNB0295,johannesburg,32399,27.9811621939,-26.2476592454,14.2182,a_xs_lt15,industrial,osm_industrial_share_ge_0.03,stage2_precision,False,038a2134a2295cc89897b0f08c0a268aa71bcf7338f349aa52f6391215e6dea7
jhb_full382_unified_a_merge01_c0925_fpcut_2026_06_01_t00032792,jhb_full382_unified_a_merge01_c0925_fpcut_2026_06_01_c0002967,JNB0299,johannesburg,32791,28.0167640616,-26.2435129443,8.1382,a_xs_lt15,industrial,osm_industrial_share_ge_0.03,stage2_precision,False,03a843e8c3582ffa8f35475de66f0e1dbf00632e68c984f04215d8372595a53b
jhb_full382_unified_a_merge01_c0925_fpcut_2026_06_01_t00022420,jhb_full382_unified_a_merge01_c0925_fpcut_2026_06_01_c0006419,JNB0126,johannesburg,22419,27.9463191952,-26.1833060361,4.618,a_xs_lt15,industrial,osm_industrial_share_ge_0.03,stage2_precision,False,03c4b22b511704b58027e1276ac4318f616952093f12f46f30b1bfc772cda597
jhb_full382_unified_a_merge01_c0925_fpcut_2026_06_01_t00041383,jhb_full382_unified_a_merge01_c0925_fpcut_2026_06_01_c0014787,JNB0025,johannesburg,41382,28.0880176147,-26.1240588505,10.3905,a_xs_lt15,industrial,osm_industrial_share_ge_0.03,stage2_precision,False,03efbf89504c92ec466a2edd72620cb615918ebe52d5c3bf12cc1b6b119d674e
jhb_full382_unified_a_merge01_c0925_fpcut_2026_06_01_t00030147,jhb_full382_unified_a_merge01_c0925_fpcut_2026_06_01_c0003793,JNB0254,johannesburg,30146,28.0277136794,-26.2264837129,6.574,a_xs_lt15,industrial,osm_industrial_share_ge_0.03,stage2_precision,False,04397e6e42dc158ab13b18cd5b50b15e952e2126a0fac2b3a5fc0a39e4f60699
jhb_full382_unified_a_merge01_c0925_fpcut_2026_06_01_t00002526,jhb_full382_unified_a_merge01_c0925_fpcut_2026_06_01_c0014506,JNB0044,johannesburg,2525,28.1525318720,-26.1268889360,10.52,a_xs_lt15,industrial,osm_industrial_share_ge_0.03,stage2_precision,False,046d6c6b3035fbd4c1b1654946cd90449a75557732d56afb1e44999007196071
jhb_full382_unified_a_merge01_c0925_fpcut_2026_06_01_t00031973,jhb_full382_unified_a_merge01_c0925_fpcut_2026_06_01_c0003222,JNB0285,johannesburg,31972,28.1005733634,-26.2398279416,9.5714,a_xs_lt15,industrial,osm_industrial_share_ge_0.03,stage2_precision,False,04eed80ec72a4f248a47be0b76453306fbf626b675d641be55b466900e9cd045
jhb_full382_unified_a_merge01_c0925_fpcut_2026_06_01_t00029195,jhb_full382_unified_a_merge01_c0925_fpcut_2026_06_01_c0004267,JNB0219,johannesburg,29194,28.1538114151,-26.2105666842,4.5003,a_xs_lt15,industrial,osm_industrial_share_ge_0.03,stage2_precision,False,05869a6af831c7b1347625974261e79406896d488a074519f34d9346fd2cc619
jhb_full382_unified_a_merge01_c0925_fpcut_2026_06_01_t00029149,jhb_full382_unified_a_merge01_c0925_fpcut_2026_06_01_c0004464,JNB0216,johannesburg,29148,28.1213692246,-26.2062898267,4.7327,a_xs_lt15,industrial,osm_industrial_share_ge_0.03,stage2_precision,False,05b4bdbee547576d63446114bc947718647d338b30b30613930421d1b1ef7b66
jhb_full382_unified_a_merge01_c0925_fpcut_2026_06_01_t00002550,jhb_full382_unified_a_merge01_c0925_fpcut_2026_06_01_c0014222,JNB0044,johannesburg,2549,28.1521305638,-26.1317600291,8.6236,a_xs_lt15,industrial,osm_industrial_share_ge_0.03,stage2_precision,False,061ee50f55d7ef984bd24817e939d8cbe4dec4da6750be357860fd3337819f3b
jhb_full382_unified_a_merge01_c0925_fpcut_2026_06_01_t00033471,jhb_full382_unified_a_merge01_c0925_fpcut_2026_06_01_c0002996,JNB0311,johannesburg,33470,28.1354598005,-26.2422798225,13.8012,a_xs_lt15,industrial,osm_industrial_share_ge_0.03,stage2_precision,False,0661845d4d12b434c293c9c1e5698937873f65265fc51ca0a166cdba49686ad3
jhb_full382_unified_a_merge01_c0925_fpcut_2026_06_01_t00033245,jhb_full382_unified_a_merge01_c0925_fpcut_2026_06_01_c0002605,JNB0308,johannesburg,33244,28.1018092160,-26.2485846420,6.1926,a_xs_lt15,industrial,osm_industrial_share_ge_0.03,stage2_precision,False,06679609e33f2b40de983cdb8538d0694863ffda3a27e2d0c127c863967a3031
jhb_full382_unified_a_merge01_c0925_fpcut_2026_06_01_t00032056,jhb_full382_unified_a_merge01_c0925_fpcut_2026_06_01_c0003479,JNB0288,johannesburg,32055,28.1283538179,-26.2349857704,5.4176,a_xs_lt15,industrial,osm_industrial_share_ge_0.03,stage2_precision,False,0726ea3ee3ec966f1ebf9174f49f7d29674bdd36649a46419b34b1251cedefff
jhb_full382_unified_a_merge01_c0925_fpcut_2026_06_01_t00039524,jhb_full382_unified_a_merge01_c0925_fpcut_2026_06_01_c0015619,JNB0014,johannesburg,39523,28.0729630710,-26.1091119620,11.4216,a_xs_lt15,industrial,osm_industrial_share_ge_0.03,stage2_precision,False,074e733b8dd495e8353fe55853383648b5900daef189c22fd282654a86d70853
jhb_full382_unified_a_merge01_c0925_fpcut_2026_06_01_t00033104,jhb_full382_unified_a_merge01_c0925_fpcut_2026_06_01_c0002536,JNB0307,johannesburg,33103,28.0915298951,-26.2500676680,12.6079,a_xs_lt15,industrial,osm_industrial_share_ge_0.03,stage2_precision,False,074e8e528a8db905e75784a9bd0be078cde08fc80f1b957b46620b62e579a648
jhb_full382_unified_a_merge01_c0925_fpcut_2026_06_01_t00034117,jhb_full382_unified_a_merge01_c0925_fpcut_2026_06_01_c0002172,JNB0320,johannesburg,34116,28.0304896069,-26.2544495582,13.1062,a_xs_lt15,industrial,osm_industrial_share_ge_0.03,stage2_precision,False,0821abfefc2d183d9dcbd04257ea246a96c11cdee06cd8f182048f8018f1110d
jhb_full382_unified_a_merge01_c0925_fpcut_2026_06_01_t00033392,jhb_full382_unified_a_merge01_c0925_fpcut_2026_06_01_c0002553,JNB0310,johannesburg,33391,28.1259383816,-26.2497499446,13.1391,a_xs_lt15,industrial,osm_industrial_share_ge_0.03,stage2_precision,False,08d2484d54b83a4c4316186a7c2756f068fdc3cfbc5d30f46c37f49d05a90d2f
jhb_full382_unified_a_merge01_c0925_fpcut_2026_06_01_t00039887,jhb_full382_unified_a_merge01_c0925_fpcut_2026_06_01_c0015404,JNB0016,johannesburg,39886,28.0925598926,-26.1149187549,6.2514,a_xs_lt15,industrial,osm_industrial_share_ge_0.03,stage2_precision,False,097ba7d7b3014e0ba78cab9986b53d4f6c892ee71fedd3fce81c2814eeb19cbf
jhb_full382_unified_a_merge01_c0925_fpcut_2026_06_01_t00032100,jhb_full382_unified_a_merge01_c0925_fpcut_2026_06_01_c0003532,JNB0289,johannesburg,32099,28.1359331449,-26.2336819282,3.8112,a_xs_lt15,industrial,osm_industrial_share_ge_0.03,stage2_precision,False,09d9fdf2a05e29e916ac7b102df848d375ad9bc6fe6d2183bfc14b695ad1ac43
jhb_full382_unified_a_merge01_c0925_fpcut_2026_06_01_t00039743,jhb_full382_unified_a_merge01_c0925_fpcut_2026_06_01_c0015461,JNB0015,johannesburg,39742,28.0823275993,-26.1126495240,14.4662,a_xs_lt15,industrial,osm_industrial_share_ge_0.03,stage2_precision,False,0a2bdef0e9e9ae684eae7d2f92d5ad78409333c62c4a8f1639844ac0372ecae1
jhb_full382_unified_a_merge01_c0925_fpcut_2026_06_01_t00032765,jhb_full382_unified_a_merge01_c0925_fpcut_2026_06_01_c0002700,JNB0299,johannesburg,32764,28.0134670656,-26.2482183674,9.3376,a_xs_lt15,industrial,osm_industrial_share_ge_0.03,stage2_precision,False,0a355f56718ad473d0e7c3a50225993a85a0d0253f6475bbf1046438716a08cd
jhb_full382_unified_a_merge01_c0925_fpcut_2026_06_01_t00039772,jhb_full382_unified_a_merge01_c0925_fpcut_2026_06_01_c0015437,JNB0015,johannesburg,39771,28.0840120407,-26.1134558920,4.6685,a_xs_lt15,industrial,osm_industrial_share_ge_0.03,stage2_precision,False,0a8e923da20506fc533b1240b3d5f68e6ffa0bcbeccd26353cadee8de3885ca8
jhb_full382_unified_a_merge01_c0925_fpcut_2026_06_01_t00030146,jhb_full382_unified_a_merge01_c0925_fpcut_2026_06_01_c0003793,JNB0254,johannesburg,30145,28.0276963496,-26.2264404708,6.5874,a_xs_lt15,industrial,osm_industrial_share_ge_0.03,stage2_precision,False,0aee6fa977169275717830b496a802146694e55ab9b24af7317b8621769096f4
jhb_full382_unified_a_merge01_c0925_fpcut_2026_06_01_t00026823,jhb_full382_unified_a_merge01_c0925_fpcut_2026_06_01_c0004563,JNB0174,johannesburg,26822,27.9448927372,-26.2050204544,13.8622,a_xs_lt15,industrial,coj_zoning_industrial_n3_purity_ge_0.70,stage2_precision,False,0b0d55b6739e98a445f003d96be04be489df65fdac5dca5ed09cf09fd0c242f7
jhb_full382_unified_a_merge01_c0925_fpcut_2026_06_01_t00028291,jhb_full382_unified_a_merge01_c0925_fpcut_2026_06_01_c0004688,JNB0193,johannesburg,28290,28.1379667761,-26.2014940823,11.7122,a_xs_lt15,industrial,osm_industrial_share_ge_0.03,stage2_precision,False,0bf96d0f8ee2a8db46e66b1bd58a2063e38f2b49159777965287b29d2b347c59
jhb_full382_unified_a_merge01_c0925_fpcut_2026_06_01_t00029639,jhb_full382_unified_a_merge01_c0925_fpcut_2026_06_01_c0003860,JNB0235,johannesburg,29638,28.0727020076,-26.2230489921,10.2703,a_xs_lt15,industrial,coj_zoning_industrial_n3_purity_ge_0.70,stage2_precision,False,0c1072f42b08cea4fcee407ef235481d8a21546c4dbe9e9164182a30043ddc7a
jhb_full382_unified_a_merge01_c0925_fpcut_2026_06_01_t00034051,jhb_full382_unified_a_merge01_c0925_fpcut_2026_06_01_c0001897,JNB0319,johannesburg,34050,28.0138216314,-26.2590301386,14.7866,a_xs_lt15,industrial,osm_industrial_share_ge_0.03,stage2_precision,False,0c29534a6af9271bb96d943d1e1af4c7e5deaa6b68d69bd6663ebbd4b81720d4
jhb_full382_unified_a_merge01_c0925_fpcut_2026_06_01_t00030174,jhb_full382_unified_a_merge01_c0925_fpcut_2026_06_01_c0003680,JNB0254,johannesburg,30173,28.0310615962,-26.2309451387,8.073,a_xs_lt15,industrial,osm_industrial_share_ge_0.03,stage2_precision,False,0c9c35fd86afd84545327900b9d6c128d8292f6c12004bcd798debf72fd55e21
jhb_full382_unified_a_merge01_c0925_fpcut_2026_06_01_t00029921,jhb_full382_unified_a_merge01_c0925_fpcut_2026_06_01_c0003844,JNB0243,johannesburg,29920,28.1520246607,-26.2234687083,9.6457,a_xs_lt15,industrial,osm_industrial_share_ge_0.03,stage2_precision,False,0cd597474ab1d205752676f8f5132c43dad0fb8aafcb0d2d35a335125be1f5ed
jhb_full382_unified_a_merge01_c0925_fpcut_2026_06_01_t00026977,jhb_full382_unified_a_merge01_c0925_fpcut_2026_06_01_c0004856,JNB0176,johannesburg,26976,27.9676022897,-26.2005969885,12.4793,a_xs_lt15,industrial,osm_industrial_share_ge_0.03,stage2_precision,False,0d11b0ce37f07c97cddcea140e3b7062f6db27e89b211d69b280816bb2d7a1af
jhb_full382_unified_a_merge01_c0925_fpcut_2026_06_01_t00032828,jhb_full382_unified_a_merge01_c0925_fpcut_2026_06_01_c0002773,JNB0299,johannesburg,32827,28.0185395125,-26.2470365511,5.2154,a_xs_lt15,industrial,osm_industrial_share_ge_0.03,stage2_precision,False,0d5201b4e25d6c111ef23c48a8b78a2d1e7eccba8004cedc8247696bab508255
jhb_full382_unified_a_merge01_c0925_fpcut_2026_06_01_t00032819,jhb_full382_unified_a_merge01_c0925_fpcut_2026_06_01_c0002775,JNB0299,johannesburg,32818,28.0197567355,-26.2465503969,6.5405,a_xs_lt15,industrial,osm_industrial_share_ge_0.03,stage2_precision,False,0d7eb7291fdd858657c16452df8fdfb2c1f6776e62ba0176fb72e57c03ecf7e4
jhb_full382_unified_a_merge01_c0925_fpcut_2026_06_01_t00002515,jhb_full382_unified_a_merge01_c0925_fpcut_2026_06_01_c0014665,JNB0044,johannesburg,2514,28.1519939732,-26.1255694446,4.8018,a_xs_lt15,industrial,osm_industrial_share_ge_0.03,stage2_precision,False,0e41b2936f0a57350126625cfa5e2befca652dad2191b9217965c113cef5639d
jhb_full382_unified_a_merge01_c0925_fpcut_2026_06_01_t00030144,jhb_full382_unified_a_merge01_c0925_fpcut_2026_06_01_c0003785,JNB0254,johannesburg,30143,28.0277142508,-26.2265637222,6.5919,a_xs_lt15,industrial,osm_industrial_share_ge_0.03,stage2_precision,False,0e7a04a58bfd2181d3e31f97fe2bd7e77ef9bdf40bae3ce0c975aac9b6034db9
jhb_full382_unified_a_merge01_c0925_fpcut_2026_06_01_t00029199,jhb_full382_unified_a_merge01_c0925_fpcut_2026_06_01_c0004197,JNB0219,johannesburg,29198,28.1538358487,-26.2113097748,8.1075,a_xs_lt15,industrial,osm_industrial_share_ge_0.03,stage2_precision,False,0ef53c317987a4caa8a4a4305254b4e479d42ebcdee964ee758ab4fdc17a81b4
jhb_full382_unified_a_merge01_c0925_fpcut_2026_06_01_t00032125,jhb_full382_unified_a_merge01_c0925_fpcut_2026_06_01_c0003155,JNB0289,johannesburg,32124,28.1360824204,-26.2399119963,10.4997,a_xs_lt15,industrial,osm_industrial_share_ge_0.03,stage2_precision,False,0f0f32f5516af48de6eb42c647f8948cd6d55d975a7443c85e6b045f8442ab29
jhb_full382_unified_a_merge01_c0925_fpcut_2026_06_01_t00030214,jhb_full382_unified_a_merge01_c0925_fpcut_2026_06_01_c0003776,JNB0256,johannesburg,30213,28.0438113052,-26.2278087484,6.7837,a_xs_lt15,industrial,coj_zoning_industrial_n3_purity_ge_0.70,stage2_precision,False,0f59d44b21e5410ccbfba59c1ad32d14cc2dea4c66f875812d0f138c0b9d1e17
jhb_full382_unified_a_merge01_c0925_fpcut_2026_06_01_t00032505,jhb_full382_unified_a_merge01_c0925_fpcut_2026_06_01_c0002641,JNB0296,johannesburg,32504,27.9861363761,-26.2492148193,8.1239,a_xs_lt15,industrial,osm_industrial_share_ge_0.03,stage2_precision,False,0f85eaa3158b952811af289f044d1127723c9bc94e9d7bd15e2e06ae11aef4c9
jhb_full382_unified_a_merge01_c0925_fpcut_2026_06_01_t00032514,jhb_full382_unified_a_merge01_c0925_fpcut_2026_06_01_c0002510,JNB0296,johannesburg,32513,27.9815133802,-26.2508281068,6.4819,a_xs_lt15,industrial,osm_industrial_share_ge_0.03,stage2_precision,False,0fc68cb9395b43182a86c542ddbe49b11a7b88f1e50436ca6f2cb396851aefeb
jhb_full382_unified_a_merge01_c0925_fpcut_2026_06_01_t00031963,jhb_full382_unified_a_merge01_c0925_fpcut_2026_06_01_c0003290,JNB0285,johannesburg,31962,28.0934708125,-26.2387400038,8.9111,a_xs_lt15,industrial,osm_industrial_share_ge_0.03,stage2_precision,False,0ff030828e91b1569adc058531b99345ffb1bc1799ac2abd28cbdccd01a3c428
jhb_full382_unified_a_merge01_c0925_fpcut_2026_06_01_t00027158,jhb_full382_unified_a_merge01_c0925_fpcut_2026_06_01_c0004642,JNB0177,johannesburg,27157,27.9769566664,-26.2027327133,11.7735,a_xs_lt15,industrial,coj_zoning_industrial_n3_purity_ge_0.70,stage2_precision,False,0ff04a3f5cd7b011462fb4644ccd69a3bb8d0b2e0353ea47ef6ca4f5f141eebd
jhb_full382_unified_a_merge01_c0925_fpcut_2026_06_01_t00022423,jhb_full382_unified_a_merge01_c0925_fpcut_2026_06_01_c0006327,JNB0126,johannesburg,22422,27.9481561523,-26.1845764847,8.0657,a_xs_lt15,industrial,osm_industrial_share_ge_0.03,stage2_precision,False,106c565a00905cd2c66ab8a0daee170efb32ed7d195d69819f3f1d34f086f145
jhb_full382_unified_a_merge01_c0925_fpcut_2026_06_01_t00022412,jhb_full382_unified_a_merge01_c0925_fpcut_2026_06_01_c0006633,JNB0126,johannesburg,22411,27.9494702773,-26.1817604591,4.7342,a_xs_lt15,industrial,osm_industrial_share_ge_0.03,stage2_precision,False,10fafe4e16c4f15f16a8fb7cff72caff84e5433e7c2e7cef77f9a8064e8d4fb3
jhb_full382_unified_a_merge01_c0925_fpcut_2026_06_01_t00032725,jhb_full382_unified_a_merge01_c0925_fpcut_2026_06_01_c0002863,JNB0299,johannesburg,32724,28.0125978556,-26.2448821892,11.3146,a_xs_lt15,industrial,osm_industrial_share_ge_0.03,stage2_precision,False,11aca1cf8db2ed311876a05a0f6ddc70beddf33f39cd7906cbeaaf7bb5da072b
jhb_full382_unified_a_merge01_c0925_fpcut_2026_06_01_t00000010,jhb_full382_unified_a_merge01_c0925_fpcut_2026_06_01_c0015039,JNB0026,johannesburg,9,28.0944529230,-26.1205314989,12.819,a_xs_lt15,industrial,osm_industrial_share_ge_0.03,stage2_precision,True,367064722280753c598780eba56a648cf157181f22dead08bb82331245f0ff63
jhb_full382_unified_a_merge01_c0925_fpcut_2026_06_01_t00000044,jhb_full382_unified_a_merge01_c0925_fpcut_2026_06_01_c0014791,JNB0026,johannesburg,43,28.0974925027,-26.1241396608,6.9613,a_xs_lt15,industrial,osm_industrial_share_ge_0.03,stage2_precision,True,633c27dbd2f89b976958ddaa7894586cf71daa1ff083f6771c857556c98d4865
jhb_full382_unified_a_merge01_c0925_fpcut_2026_06_01_t00034038,jhb_full382_unified_a_merge01_c0925_fpcut_2026_06_01_c0001985,JNB0319,johannesburg,34037,28.0133891694,-26.2578680429,12.7395,a_xs_lt15,industrial,osm_industrial_share_ge_0.03,stage2_precision,True,76ae886f0a1f742d600caff5ddb2e878de0af0c4b834740c5cce24be1c23efee
jhb_full382_unified_a_merge01_c0925_fpcut_2026_06_01_t00000045,jhb_full382_unified_a_merge01_c0925_fpcut_2026_06_01_c0014791,JNB0026,johannesburg,44,28.0970173719,-26.1243616759,10.3636,a_xs_lt15,industrial,osm_industrial_share_ge_0.03,stage2_precision,True,a41237d0c845e766ba59960cb0a7502572cbffc4858434ec62575eb7e2a090c9
jhb_full382_unified_a_merge01_c0925_fpcut_2026_06_01_t00039556,jhb_full382_unified_a_merge01_c0925_fpcut_2026_06_01_c0015454,JNB0014,johannesburg,39555,28.0728009794,-26.1132516915,6.1441,a_xs_lt15,industrial,osm_industrial_share_ge_0.03,stage2_precision,True,ab90f7edac53fd0df71828ae56fcdcd128527b209bbd6d12583d21ecf24cb3eb
jhb_full382_unified_a_merge01_c0925_fpcut_2026_06_01_t00039726,jhb_full382_unified_a_merge01_c0925_fpcut_2026_06_01_c0015497,JNB0015,johannesburg,39725,28.0833769880,-26.1124353448,14.3232,a_xs_lt15,industrial,osm_industrial_share_ge_0.03,stage2_precision,True,e9057ea096c5928c0e0aa73f27d1eca45567980be3188fecf49c786a5fa38d5f
jhb_full382_unified_a_merge01_c0925_fpcut_2026_06_01_t00041256,jhb_full382_unified_a_merge01_c0925_fpcut_2026_06_01_c0015227,JNB0025,johannesburg,41255,28.0823894727,-26.1183749306,14.3665,a_xs_lt15,industrial,osm_industrial_share_ge_0.03,stage2_precision,True,fbf9ebdf26bc1ebc2e76367c2bd36f6a2af1365f84a2c040ea29c7f62aa0ac7f
jhb_full382_unified_a_merge01_c0925_fpcut_2026_06_01_t00012357,jhb_full382_unified_a_merge01_c0925_fpcut_2026_06_01_c0010167,JNB0078,johannesburg,12356,28.0739518639,-26.1591703109,7.8552,a_xs_lt15,residential,residential_fallback,stage2_precision,False,00155f616c49f961635f56fa487bd29fab0d82d76bbd81c500c2908b71fd7fc7
jhb_full382_unified_a_merge01_c0925_fpcut_2026_06_01_t00014218,jhb_full382_unified_a_merge01_c0925_fpcut_2026_06_01_c0009944,JNB0085,johannesburg,14217,28.1469766289,-26.1597147298,6.716,a_xs_lt15,residential,residential_fallback,stage2_precision,False,001bb79f072ba822db65e501678a225e8dc629edc577a73b00a09b11368f44f8
jhb_full382_unified_a_merge01_c0925_fpcut_2026_06_01_t00016140,jhb_full382_unified_a_merge01_c0925_fpcut_2026_06_01_c0009034,JNB0094,johannesburg,16139,28.0595985299,-26.1659834711,6.6613,a_xs_lt15,residential,residential_fallback,stage2_precision,False,001cdc331debcb2df03c0dc4656b6294701be47b2cc17d9859b54a56c811819b
jhb_full382_unified_a_merge01_c0925_fpcut_2026_06_01_t00026295,jhb_full382_unified_a_merge01_c0925_fpcut_2026_06_01_c0005789,JNB0168,johannesburg,26294,28.1290426762,-26.1892619693,3.9346,a_xs_lt15,residential,residential_fallback,stage2_precision,False,001d0d4c44b08209257416aa0a64a27153520a42bd36372142027a3ae41f6d48
jhb_full382_unified_a_merge01_c0925_fpcut_2026_06_01_t00016962,jhb_full382_unified_a_merge01_c0925_fpcut_2026_06_01_c0009174,JNB0098,johannesburg,16961,28.0930146654,-26.1649366106,9.6997,a_xs_lt15,residential,residential_fallback,stage2_precision,False,0021ecad8360d8f9168629c186f58240d49e9a292f2b4d457935adbe47250915
jhb_full382_unified_a_merge01_c0925_fpcut_2026_06_01_t00036283,jhb_full382_unified_a_merge01_c0925_fpcut_2026_06_01_c0000746,JNB0352,johannesburg,36282,27.9910876553,-26.2754703315,7.2998,a_xs_lt15,residential,residential_fallback,stage2_precision,False,0024213aa96f92da745b821d99b6c75eb729de1e9cd7280fe6660061a95d32d6
jhb_full382_unified_a_merge01_c0925_fpcut_2026_06_01_t00001595,jhb_full382_unified_a_merge01_c0925_fpcut_2026_06_01_c0014071,JNB0036,johannesburg,1594,28.0728848589,-26.1332507408,13.2631,a_xs_lt15,residential,residential_fallback,stage2_precision,False,0026cb19a0ef913576a9de4685a34280768b2c63b168ea5c50fc65e448a4124b
jhb_full382_unified_a_merge01_c0925_fpcut_2026_06_01_t00035473,jhb_full382_unified_a_merge01_c0925_fpcut_2026_06_01_c0001618,JNB0341,johannesburg,35472,28.0511134002,-26.2652253946,5.8205,a_xs_lt15,residential,residential_fallback,stage2_precision,False,002bd183fcc0d1c1038b2cf0649c4e78b6b514ee63d287dc7249a73a13d892d2
jhb_full382_unified_a_merge01_c0925_fpcut_2026_06_01_t00010346,jhb_full382_unified_a_merge01_c0925_fpcut_2026_06_01_c0010405,JNB0073,johannesburg,10345,28.0211544943,-26.1581157264,4.1956,a_xs_lt15,residential,residential_fallback,stage2_precision,False,002cc85a0df53d19d1b6b8c7d700e5b96ab51c92a716234fedd7f341232ebe64
jhb_full382_unified_a_merge01_c0925_fpcut_2026_06_01_t00016027,jhb_full382_unified_a_merge01_c0925_fpcut_2026_06_01_c0009269,JNB0094,johannesburg,16026,28.0518551310,-26.1641557040,7.0681,a_xs_lt15,residential,residential_fallback,stage2_precision,False,00304cd16c538eafa33a6d35823147d8002bcb775504a16e5f7a93d7db24ca16
jhb_full382_unified_a_merge01_c0925_fpcut_2026_06_01_t00035926,jhb_full382_unified_a_merge01_c0925_fpcut_2026_06_01_c0001472,JNB0347,johannesburg,35925,28.1086785597,-26.2661729524,4.371,a_xs_lt15,residential,residential_fallback,stage2_precision,False,003266a9bfcc62e33d4fb1073a16d46c1ffad38dce8fd9713a7b9c2a4ffd2cb2
jhb_full382_unified_a_merge01_c0925_fpcut_2026_06_01_t00024968,jhb_full382_unified_a_merge01_c0925_fpcut_2026_06_01_c0005574,JNB0152,johannesburg,24967,27.9614837952,-26.1921720265,12.9008,a_xs_lt15,residential,residential_fallback,stage2_precision,False,003d71b6e8ae66ccd816b69c9e89e2bf12c3d70678c1530344f3de5f96ce25fb
jhb_full382_unified_a_merge01_c0925_fpcut_2026_06_01_t00029269,jhb_full382_unified_a_merge01_c0925_fpcut_2026_06_01_c0003948,JNB0228,johannesburg,29268,28.0035004706,-26.2191144463,5.6241,a_xs_lt15,residential,residential_fallback,stage2_precision,False,003dcbc4b82f1c585ced464e22134cf8482dca391afecf518a0040e161c7f667
jhb_full382_unified_a_merge01_c0925_fpcut_2026_06_01_t00017580,jhb_full382_unified_a_merge01_c0925_fpcut_2026_06_01_c0009335,JNB0101,johannesburg,17579,28.1255476276,-26.1637314794,12.4345,a_xs_lt15,residential,residential_fallback,stage2_precision,False,003df2a35a4627da377d997cf16ee5f713e35a46530b8aa7908790afdf44ecee
jhb_full382_unified_a_merge01_c0925_fpcut_2026_06_01_t00035015,jhb_full382_unified_a_merge01_c0925_fpcut_2026_06_01_c0001278,JNB0336,johannesburg,35014,28.0001763840,-26.2686589413,7.7199,a_xs_lt15,residential,residential_fallback,stage2_precision,False,003e7f254611af05971a676f57678db1e12163ca7442be51fbb88a66fb67b11a
jhb_full382_unified_a_merge01_c0925_fpcut_2026_06_01_t00025004,jhb_full382_unified_a_merge01_c0925_fpcut_2026_06_01_c0005731,JNB0154,johannesburg,25003,27.9820734398,-26.1900853692,9.9898,a_xs_lt15,residential,residential_fallback,stage2_precision,False,003f94f230bfd02e38a31723afbe26933e499a38ded54444d61436ca39b012a6
jhb_full382_unified_a_merge01_c0925_fpcut_2026_06_01_t00012627,jhb_full382_unified_a_merge01_c0925_fpcut_2026_06_01_c0011241,JNB0079,johannesburg,12626,28.0827784627,-26.1528605648,14.653,a_xs_lt15,residential,residential_fallback,stage2_precision,False,00476c6884708d1a0d9978af30ab76228555764c1394446a2b8b9472143170a5
jhb_full382_unified_a_merge01_c0925_fpcut_2026_06_01_t00010873,jhb_full382_unified_a_merge01_c0925_fpcut_2026_06_01_c0010699,JNB0074,johannesburg,10872,28.0364865691,-26.1556652065,14.0621,a_xs_lt15,residential,residential_fallback,stage2_precision,False,00592cd530fe560c16168d5eaf28c1f2c84b8b252a383a520a79d654773fbaf3
jhb_full382_unified_a_merge01_c0925_fpcut_2026_06_01_t00020008,jhb_full382_unified_a_merge01_c0925_fpcut_2026_06_01_c0008246,JNB0115,johannesburg,20007,28.0561300950,-26.1715463651,14.7777,a_xs_lt15,residential,residential_fallback,stage2_precision,False,005d7557fd6f77f9018ac6389a13720a9fc24597f95f9c360d2adf1702b191ea
jhb_full382_unified_a_merge01_c0925_fpcut_2026_06_01_t00006063,jhb_full382_unified_a_merge01_c0925_fpcut_2026_06_01_c0012058,JNB0058,johannesburg,6062,28.0295009669,-26.1481849560,4.8086,a_xs_lt15,residential,residential_fallback,stage2_precision,False,005e5c929c8c8be22dc598586ecf55eae03eede3b33cf59b1ab8483fb36c45aa
jhb_full382_unified_a_merge01_c0925_fpcut_2026_06_01_t00008855,jhb_full382_unified_a_merge01_c0925_fpcut_2026_06_01_c0011424,JNB0066,johannesburg,8854,28.1052376691,-26.1514943882,9.0987,a_xs_lt15,residential,residential_fallback,stage2_precision,False,005ea6ff46a68e588088b66b650e3b8962d7972cf87f55e374db9bcd115d1335
jhb_full382_unified_a_merge01_c0925_fpcut_2026_06_01_t00020975,jhb_full382_unified_a_merge01_c0925_fpcut_2026_06_01_c0007471,JNB0121,johannesburg,20974,28.1183586724,-26.1752669743,14.7103,a_xs_lt15,residential,residential_fallback,stage2_precision,False,005f0c20a8be22b46641c620b2ffd2adb4f6c700571a783bd938bcbdfa5dcaf6
jhb_full382_unified_a_merge01_c0925_fpcut_2026_06_01_t00004126,jhb_full382_unified_a_merge01_c0925_fpcut_2026_06_01_c0013474,JNB0050,johannesburg,4125,28.0811956685,-26.1380082577,11.6529,a_xs_lt15,residential,residential_fallback,stage2_precision,False,006560d3bb5f0034ceff36084caef4e3b8880ddf9af1c00b8fc7ccb7901240db
jhb_full382_unified_a_merge01_c0925_fpcut_2026_06_01_t00021982,jhb_full382_unified_a_merge01_c0925_fpcut_2026_06_01_c0008013,JNB0124,johannesburg,21981,28.1460828766,-26.1726528162,12.5221,a_xs_lt15,residential,residential_fallback,stage2_precision,False,006a225469bccdd7769bb9e6371bc648f68041349e643365a82757b1e87aa718
jhb_full382_unified_a_merge01_c0925_fpcut_2026_06_01_t00023596,jhb_full382_unified_a_merge01_c0925_fpcut_2026_06_01_c0006085,JNB0141,johannesburg,23595,28.0965391827,-26.1861215316,8.6601,a_xs_lt15,residential,residential_fallback,stage2_precision,False,006f8e88d08236637d9f3a61a3060704498fbac105e4a5e827a18a3852181376
jhb_full382_unified_a_merge01_c0925_fpcut_2026_06_01_t00037653,jhb_full382_unified_a_merge01_c0925_fpcut_2026_06_01_c0000656,JNB0361,johannesburg,37652,28.0809295024,-26.2768208201,12.1606,a_xs_lt15,residential,residential_fallback,stage2_precision,False,00752a8babc5677aadbd55b29f93d22aac51aaec496430c404a55ce136e19b60
jhb_full382_unified_a_merge01_c0925_fpcut_2026_06_01_t00000336,jhb_full382_unified_a_merge01_c0925_fpcut_2026_06_01_c0015176,JNB0031,johannesburg,335,28.1415805817,-26.1186358595,6.6133,a_xs_lt15,residential,residential_fallback,stage2_precision,False,00868e7e79171655f4078e77ac520da28b047c7501bf967c5f42d2d1bca8d83b
jhb_full382_unified_a_merge01_c0925_fpcut_2026_06_01_t00005319,jhb_full382_unified_a_merge01_c0925_fpcut_2026_06_01_c0013744,JNB0055,johannesburg,5318,28.1372629175,-26.1357229157,6.0839,a_xs_lt15,residential,residential_fallback,stage2_precision,False,0086c73d37a3b8759ec3e5407eb4378b0e06e1f48d901318c22822d6c469b832
jhb_full382_unified_a_merge01_c0925_fpcut_2026_06_01_t00006018,jhb_full382_unified_a_merge01_c0925_fpcut_2026_06_01_c0012054,JNB0058,johannesburg,6017,28.0279597386,-26.1474237752,9.0587,a_xs_lt15,residential,residential_fallback,stage2_precision,False,0089ffa69990f15543c9c3fe97f83a83fdc81c23e9160f84ba8c4759164dfd9e
jhb_full382_unified_a_merge01_c0925_fpcut_2026_06_01_t00037617,jhb_full382_unified_a_merge01_c0925_fpcut_2026_06_01_c0000643,JNB0361,johannesburg,37616,28.0783241558,-26.2765409094,5.543,a_xs_lt15,residential,residential_fallback,stage2_precision,False,0092634e715e3ef89500f838d8b93f7ed954bde3712f2a5fc4615ea85bcab7c9
jhb_full382_unified_a_merge01_c0925_fpcut_2026_06_01_t00029961,jhb_full382_unified_a_merge01_c0925_fpcut_2026_06_01_c0003633,JNB0246,johannesburg,29960,27.9460177708,-26.2329395158,4.0295,a_xs_lt15,residential,residential_fallback,stage2_precision,False,00939d94cfa52664a4c5bec44d498bd6ed60d8ab90dc44049d6b0a70c12c9b73
jhb_full382_unified_a_merge01_c0925_fpcut_2026_06_01_t00015774,jhb_full382_unified_a_merge01_c0925_fpcut_2026_06_01_c0009023,JNB0093,johannesburg,15773,28.0445626822,-26.1657107780,13.345,a_xs_lt15,residential,residential_fallback,stage2_precision,False,009770252fb4005a4dd3e151ff8125f4dd334012f644e827f1d8d7179dd9e20c
jhb_full382_unified_a_merge01_c0925_fpcut_2026_06_01_t00013764,jhb_full382_unified_a_merge01_c0925_fpcut_2026_06_01_c0011107,JNB0084,johannesburg,13763,28.1367007669,-26.1531190076,6.6631,a_xs_lt15,residential,residential_fallback,stage2_precision,False,00986c52b84df28181058eb9f481825e788fe8d7ca038b4c6e67f31e153e8359
jhb_full382_unified_a_merge01_c0925_fpcut_2026_06_01_t00035272,jhb_full382_unified_a_merge01_c0925_fpcut_2026_06_01_c0001291,JNB0339,johannesburg,35271,28.0242656177,-26.2686472132,13.482,a_xs_lt15,residential,residential_fallback,stage2_precision,False,0099d417ff4a6fa4e00a8d74d623d4b31d683f3d2c9cbef5bdc8c95735f78bde
jhb_full382_unified_a_merge01_c0925_fpcut_2026_06_01_t00004462,jhb_full382_unified_a_merge01_c0925_fpcut_2026_06_01_c0013245,JNB0051,johannesburg,4461,28.0960334112,-26.1402250334,8.5774,a_xs_lt15,residential,residential_fallback,stage2_precision,False,009a6baca9d737a0f04d194cad8dd90dfd2ad9baae59bd221e15b435b45f21f0
jhb_full382_unified_a_merge01_c0925_fpcut_2026_06_01_t00009625,jhb_full382_unified_a_merge01_c0925_fpcut_2026_06_01_c0012433,JNB0070,johannesburg,9624,28.1421084502,-26.1455786119,6.6639,a_xs_lt15,residential,residential_fallback,stage2_precision,False,009cf0d80834672ada7c2e368124833d9401656857c6c7aaed9e51769f69b3c4
jhb_full382_unified_a_merge01_c0925_fpcut_2026_06_01_t00037090,jhb_full382_unified_a_merge01_c0925_fpcut_2026_06_01_c0001103,JNB0359,johannesburg,37089,28.0553382799,-26.2720266058,5.7931,a_xs_lt15,residential,residential_fallback,stage2_precision,False,00a7d5224b292ea5a8adf4b8e9ff940f44f3a77e2be23ad8a0945373d5121e7d
jhb_full382_unified_a_merge01_c0925_fpcut_2026_06_01_t00000823,jhb_full382_unified_a_merge01_c0925_fpcut_2026_06_01_c0013940,JNB0033,johannesburg,822,28.0499452165,-26.1337026305,4.108,a_xs_lt15,residential,residential_fallback,stage2_precision,False,00a90db65a40fb0aae14ff14d2cc89a251330a7004744dda825b474a08d3133b
jhb_full382_unified_a_merge01_c0925_fpcut_2026_06_01_t00038122,jhb_full382_unified_a_merge01_c0925_fpcut_2026_06_01_c0000229,JNB0373,johannesburg,38121,28.0491307670,-26.2829993450,4.4989,a_xs_lt15,residential,residential_fallback,stage2_precision,False,00c7029b8a955bd061e3b867446e355dd8adeebf7642b0ceb22d554d203e087d
jhb_full382_unified_a_merge01_c0925_fpcut_2026_06_01_t00009527,jhb_full382_unified_a_merge01_c0925_fpcut_2026_06_01_c0011436,JNB0069,johannesburg,9526,28.1355303326,-26.1514542323,9.2016,a_xs_lt15,residential,residential_fallback,stage2_precision,False,00c9207c5676192391c6be1341d73b271fb0e649a4e0012c1b974aa8e088beba
jhb_full382_unified_a_merge01_c0925_fpcut_2026_06_01_t00010733,jhb_full382_unified_a_merge01_c0925_fpcut_2026_06_01_c0010116,JNB0074,johannesburg,10732,28.0335440586,-26.1592547011,7.0552,a_xs_lt15,residential,residential_fallback,stage2_precision,False,00cec8618d709c30cb06e0e96a4b6af3bbcc857efd6a48df6d3f1ade82cec477
jhb_full382_unified_a_merge01_c0925_fpcut_2026_06_01_t00037387,jhb_full382_unified_a_merge01_c0925_fpcut_2026_06_01_c0000708,JNB0361,johannesburg,37386,28.0747238829,-26.2756028152,6.1049,a_xs_lt15,residential,residential_fallback,stage2_precision,False,00d3ed5a575c0d76520a8273c858cc751001b548761ec064ae44905ff2ba9025
jhb_full382_unified_a_merge01_c0925_fpcut_2026_06_01_t00026576,jhb_full382_unified_a_merge01_c0925_fpcut_2026_06_01_c0005636,JNB0169,johannesburg,26575,28.1380799839,-26.1904243966,6.382,a_xs_lt15,residential,residential_fallback,stage2_precision,False,00d8cde77f457dd45216b311da8c501062ef4fe57f305b54ebaeac3bc1d7cd7e
jhb_full382_unified_a_merge01_c0925_fpcut_2026_06_01_t00025666,jhb_full382_unified_a_merge01_c0925_fpcut_2026_06_01_c0005115,JNB0165,johannesburg,25665,28.0950380854,-26.1969505168,8.4441,a_xs_lt15,residential,residential_fallback,stage2_precision,True,113dc0e0f533b429c7b2e23df60d9af25c35d1850a5d89aef367cedc1eac02e4
jhb_full382_unified_a_merge01_c0925_fpcut_2026_06_01_t00014997,jhb_full382_unified_a_merge01_c0925_fpcut_2026_06_01_c0008483,JNB0090,johannesburg,14996,28.0173934635,-26.1697498474,10.1587,a_xs_lt15,residential,residential_fallback,stage2_precision,True,3b41d02d4c1d2d4d18b34f6aaef0dfd3ae1e6af090ec4e43ee634cd6f2c060f7
jhb_full382_unified_a_merge01_c0925_fpcut_2026_06_01_t00017830,jhb_full382_unified_a_merge01_c0925_fpcut_2026_06_01_c0008705,JNB0102,johannesburg,17829,28.1404723542,-26.1678186903,5.6204,a_xs_lt15,residential,residential_fallback,stage2_precision,True,5310adb34a5374b709141b09ba10dac803ace0b89ccceb206aebe6aac61c66fa
jhb_full382_unified_a_merge01_c0925_fpcut_2026_06_01_t00011793,jhb_full382_unified_a_merge01_c0925_fpcut_2026_06_01_c0010729,JNB0077,johannesburg,11792,28.0630451167,-26.1552589989,6.5062,a_xs_lt15,residential,residential_fallback,stage2_precision,True,533a1ed46168f0a6763d71cb2fb3c1163b64c94960c2c9cd788808b407628629
jhb_full382_unified_a_merge01_c0925_fpcut_2026_06_01_t00021094,jhb_full382_unified_a_merge01_c0925_fpcut_2026_06_01_c0007664,JNB0122,johannesburg,21093,28.1225353606,-26.1739071360,5.6064,a_xs_lt15,residential,residential_fallback,stage2_precision,True,56c0d81d22071eef898d3b87f556375b4e69e7079c32d506f9b52e45ea4c6f17
jhb_full382_unified_a_merge01_c0925_fpcut_2026_06_01_t00022357,jhb_full382_unified_a_merge01_c0925_fpcut_2026_06_01_c0007514,JNB0125,johannesburg,22356,28.1553898978,-26.1746615052,10.5472,a_xs_lt15,residential,residential_fallback,stage2_precision,True,58863bbe00298b0e3e95a8e576b589cc7c6eee5e473a16633d75befa1d670976
jhb_full382_unified_a_merge01_c0925_fpcut_2026_06_01_t00014502,jhb_full382_unified_a_merge01_c0925_fpcut_2026_06_01_c0009361,JNB0089,johannesburg,14501,28.0077076172,-26.1635220223,10.3205,a_xs_lt15,residential,residential_fallback,stage2_precision,True,6490b99dfe031fbbf12be3de2d3ff2cf771d1165fea90b95b3309ec1a0eabdf6
jhb_full382_unified_a_merge01_c0925_fpcut_2026_06_01_t00003277,jhb_full382_unified_a_merge01_c0925_fpcut_2026_06_01_c0012843,JNB0046,johannesburg,3276,28.0472559715,-26.1430234099,7.3879,a_xs_lt15,residential,residential_fallback,stage2_precision,True,6c996d1c5c122a09352c23b2f717a059a3da7acfc0f87514b07e358feecb8d6a
jhb_full382_unified_a_merge01_c0925_fpcut_2026_06_01_t00001783,jhb_full382_unified_a_merge01_c0925_fpcut_2026_06_01_c0014435,JNB0037,johannesburg,1782,28.0815336831,-26.1286962575,4.2605,a_xs_lt15,residential,residential_fallback,stage2_precision,True,6d11b87d58196c2ec647a95edd6f0f944b22e81fb256a6939387d4d6894de34b
jhb_full382_unified_a_merge01_c0925_fpcut_2026_06_01_t00019210,jhb_full382_unified_a_merge01_c0925_fpcut_2026_06_01_c0007905,JNB0111,johannesburg,19209,28.0182505429,-26.1737235531,13.9907,a_xs_lt15,residential,residential_fallback,stage2_precision,True,85e30b9d425442e153cc93b2f300fa8fe7fbee0384e8a75b9b9c64777dccbd85
jhb_full382_unified_a_merge01_c0925_fpcut_2026_06_01_t00011461,jhb_full382_unified_a_merge01_c0925_fpcut_2026_06_01_c0011199,JNB0076,johannesburg,11460,28.0529011690,-26.1528429697,6.7834,a_xs_lt15,residential,residential_fallback,stage2_precision,True,93351200148e179785ac9dcaf5973e2b3e8858d08c3f01d6433380cf71d21394
jhb_full382_unified_a_merge01_c0925_fpcut_2026_06_01_t00004717,jhb_full382_unified_a_merge01_c0925_fpcut_2026_06_01_c0013262,JNB0052,johannesburg,4716,28.1053398633,-26.1400381391,8.6088,a_xs_lt15,residential,residential_fallback,stage2_precision,True,b435c03958645c3e19ce888aae147857466283011ee784c01f3829ffd6bc566d
jhb_full382_unified_a_merge01_c0925_fpcut_2026_06_01_t00025673,jhb_full382_unified_a_merge01_c0925_fpcut_2026_06_01_c0005115,JNB0165,johannesburg,25672,28.0954700001,-26.1972284241,7.7252,a_xs_lt15,residential,residential_fallback,stage2_precision,True,b9db6d933790b8732c4ce6a5ef39d2cb6968f4c209a0abbd503d83d06a2da4bc
jhb_full382_unified_a_merge01_c0925_fpcut_2026_06_01_t00033765,jhb_full382_unified_a_merge01_c0925_fpcut_2026_06_01_c0002377,JNB0317,johannesburg,33764,27.9918638015,-26.2522799874,4.9695,a_xs_lt15,residential,residential_fallback,stage2_precision,True,c22873d454ab30496ca7282cb64195aaf2911a7b1aff4ab0e73d9edefddc469c
jhb_full382_unified_a_merge01_c0925_fpcut_2026_06_01_t00037138,jhb_full382_unified_a_merge01_c0925_fpcut_2026_06_01_c0000481,JNB0359,johannesburg,37137,28.0531536114,-26.2785776866,8.5615,a_xs_lt15,residential,residential_fallback,stage2_precision,True,d57ed09c83e8f72e30deeb08312b5135320c4a50ecf825a22ffba92ab7e0b977
jhb_full382_unified_a_merge01_c0925_fpcut_2026_06_01_t00034516,jhb_full382_unified_a_merge01_c0925_fpcut_2026_06_01_c0001872,JNB0328,johannesburg,34515,28.1108390751,-26.2588282480,4.7507,a_xs_lt15,residential,residential_fallback,stage2_precision,True,d9ab6d230038735fae25e876d86e437641e79b7c4b7ea8bdef13cdd340a09d07
jhb_full382_unified_a_merge01_c0925_fpcut_2026_06_01_t00040695,jhb_full382_unified_a_merge01_c0925_fpcut_2026_06_01_c0014759,JNB0022,johannesburg,40694,28.0573915943,-26.1249249295,13.162,a_xs_lt15,residential,residential_fallback,stage2_precision,True,da234ad682ef037d39fc04e8c2e1e28d7e5c0ef68c74b02d86689ff7d30d4ba5
jhb_full382_unified_a_merge01_c0925_fpcut_2026_06_01_t00018616,jhb_full382_unified_a_merge01_c0925_fpcut_2026_06_01_c0007543,JNB0109,johannesburg,18615,27.9971406144,-26.1751478061,11.5826,a_xs_lt15,residential,residential_fallback,stage2_precision,True,e30a49d78b643c5113e6242a2a838d2739c349ef1f28273a57d8be275f893ecb
jhb_full382_unified_a_merge01_c0925_fpcut_2026_06_01_t00013607,jhb_full382_unified_a_merge01_c0925_fpcut_2026_06_01_c0010052,JNB0083,johannesburg,13606,28.1257243669,-26.1597643915,11.1083,a_xs_lt15,residential,residential_fallback,stage2_precision,True,e94196d3f5b8d1a26c7d76172b666600305d66434042a61ef40d4530a4a8c7a2
jhb_full382_unified_a_merge01_c0925_fpcut_2026_06_01_t00004081,jhb_full382_unified_a_merge01_c0925_fpcut_2026_06_01_c0013802,JNB0050,johannesburg,4080,28.0830729423,-26.1355674424,12.7218,a_xs_lt15,residential,residential_fallback,stage2_precision,True,ebfac099b2d0d7f196d853b77e4ef8aeaa8d73cbf46d555df4737d06111975c0
jhb_full382_unified_a_merge01_c0925_fpcut_2026_06_01_t00016459,jhb_full382_unified_a_merge01_c0925_fpcut_2026_06_01_c0008678,JNB0095,johannesburg,16458,28.0692825594,-26.1682301595,5.8212,a_xs_lt15,residential,residential_fallback,stage2_precision,True,f2a68647c4f2f7631ee6481857ab4c82794fab604e5222bf9e5465236c37d421
jhb_full382_unified_a_merge01_c0925_fpcut_2026_06_01_t00018518,jhb_full382_unified_a_merge01_c0925_fpcut_2026_06_01_c0007222,JNB0108,johannesburg,18517,27.9896988820,-26.1768762826,5.6236,a_xs_lt15,residential,residential_fallback,stage2_precision,True,fcf94244e985260947c10fea1eee8bbac8c976ad54a8d41d96ad39ec8c02c5b0
jhb_full382_unified_a_merge01_c0925_fpcut_2026_06_01_t00040128,jhb_full382_unified_a_merge01_c0925_fpcut_2026_06_01_c0015524,JNB0020,johannesburg,40127,28.1340005747,-26.1110742704,7.6472,a_xs_lt15,residential,residential_fallback,stage2_precision,True,ffdaf5d979d31bb05db77e93175abf7b8bf8f1e2f2dde5cfb8fe8dd89dc8e616
jhb_full382_unified_a_merge01_c0925_fpcut_2026_06_01_t00023055,jhb_full382_unified_a_merge01_c0925_fpcut_2026_06_01_c0006457,JNB0134,johannesburg,23054,28.0283439971,-26.1825947312,24.9536,b_sm_15_40,cbd,cbd25_spatial_crosswalk,stage2_precision,False,00852c8da9ffef416fd4504b693c9b78bbb2d9ab19ceafe0091de0cccbc1c706
jhb_full382_unified_a_merge01_c0925_fpcut_2026_06_01_t00023347,jhb_full382_unified_a_merge01_c0925_fpcut_2026_06_01_c0006570,JNB0135,johannesburg,23346,28.0388572738,-26.1817831757,35.1822,b_sm_15_40,cbd,cbd25_spatial_crosswalk,stage2_precision,False,00bf9f5024df95ddac03b71820101100b59b947747add4eec00dbbdebb12a548
jhb_full382_unified_a_merge01_c0925_fpcut_2026_06_01_t00023070,jhb_full382_unified_a_merge01_c0925_fpcut_2026_06_01_c0006347,JNB0134,johannesburg,23069,28.0259532021,-26.1838932984,39.4817,b_sm_15_40,cbd,cbd25_spatial_crosswalk,stage2_precision,False,024caee0e0f3e9517850eb87147034b42597b2de0035c457b09f8e4909a34234
jhb_full382_unified_a_merge01_c0925_fpcut_2026_06_01_t00029507,jhb_full382_unified_a_merge01_c0925_fpcut_2026_06_01_c0003858,JNB0231,johannesburg,29506,28.0313676378,-26.2238871677,17.9958,b_sm_15_40,cbd,cbd25_spatial_crosswalk,stage2_precision,False,0265d24e7ebedf9bacbb1ad4034072f31d92860db1ef9df93eed2b9237af133d
jhb_full382_unified_a_merge01_c0925_fpcut_2026_06_01_t00029398,jhb_full382_unified_a_merge01_c0925_fpcut_2026_06_01_c0003832,JNB0230,johannesburg,29397,28.0281319479,-26.2240921342,38.7318,b_sm_15_40,cbd,cbd25_spatial_crosswalk,stage2_precision,False,027bfa85ce6d626db15d886fc7b8d951c3c875e57d9ba8721c8db21a9e82b6c3
jhb_full382_unified_a_merge01_c0925_fpcut_2026_06_01_t00022948,jhb_full382_unified_a_merge01_c0925_fpcut_2026_06_01_c0006659,JNB0134,johannesburg,22947,28.0244479885,-26.1811446352,20.9834,b_sm_15_40,cbd,cbd25_spatial_crosswalk,stage2_precision,False,03c7a989e686216a000be96a4a204cce2ae97ac44f21fffb553728298c196635
jhb_full382_unified_a_merge01_c0925_fpcut_2026_06_01_t00029319,jhb_full382_unified_a_merge01_c0925_fpcut_2026_06_01_c0003975,JNB0229,johannesburg,29318,28.0121681244,-26.2180585766,19.0597,b_sm_15_40,cbd,cbd25_spatial_crosswalk,stage2_precision,False,049a6db0f190c4f982004744db81c63fcee28ebf7809e4144f6d32ebed287218
jhb_full382_unified_a_merge01_c0925_fpcut_2026_06_01_t00023404,jhb_full382_unified_a_merge01_c0925_fpcut_2026_06_01_c0006468,JNB0136,johannesburg,23403,28.0465026410,-26.1822543334,20.6751,b_sm_15_40,cbd,cbd25_spatial_crosswalk,stage2_precision,False,04bb745f2ae4eb71edfca4cc89179558b0256f425c486e4779eb3f23eb7cc27c
jhb_full382_unified_a_merge01_c0925_fpcut_2026_06_01_t00023424,jhb_full382_unified_a_merge01_c0925_fpcut_2026_06_01_c0006668,JNB0137,johannesburg,23423,28.0574129612,-26.1810825301,18.2726,b_sm_15_40,cbd,cbd25_spatial_crosswalk,stage2_precision,False,06a274d5f0db06f850c1220f92b1545627ec21a4108c5d13683af7d7856bff95
jhb_full382_unified_a_merge01_c0925_fpcut_2026_06_01_t00028678,jhb_full382_unified_a_merge01_c0925_fpcut_2026_06_01_c0004218,JNB0207,johannesburg,28677,28.0391318516,-26.2116470071,37.1509,b_sm_15_40,cbd,cbd25_spatial_crosswalk,stage2_precision,False,0796c4eef6ba27cc9afc39433d44896f19348247a5de3f4bc285caf3a6c08a98
jhb_full382_unified_a_merge01_c0925_fpcut_2026_06_01_t00029387,jhb_full382_unified_a_merge01_c0925_fpcut_2026_06_01_c0003855,JNB0230,johannesburg,29386,28.0245713243,-26.2236350695,15.8936,b_sm_15_40,cbd,cbd25_spatial_crosswalk,stage2_precision,False,0873aabcef131fc1160c8ed5d0b025a98077c341c1df99786192f55092638894
jhb_full382_unified_a_merge01_c0925_fpcut_2026_06_01_t00027378,jhb_full382_unified_a_merge01_c0925_fpcut_2026_06_01_c0004727,JNB0181,johannesburg,27377,28.0114266792,-26.2019576006,18.9622,b_sm_15_40,cbd,cbd25_spatial_crosswalk,stage2_precision,False,08a97a784ec820577ce2965ca02264e0b3960760c83d8aef65ca74d6edcbc742
jhb_full382_unified_a_merge01_c0925_fpcut_2026_06_01_t00023145,jhb_full382_unified_a_merge01_c0925_fpcut_2026_06_01_c0006074,JNB0134,johannesburg,23144,28.0269003833,-26.1864049297,31.5751,b_sm_15_40,cbd,cbd25_spatial_crosswalk,stage2_precision,False,099f497e4753ef7571ff2d42703143244e8b8d890e0143fa3f74386d4dd5d843
jhb_full382_unified_a_merge01_c0925_fpcut_2026_06_01_t00028849,jhb_full382_unified_a_merge01_c0925_fpcut_2026_06_01_c0004184,JNB0209,johannesburg,28848,28.0532750758,-26.2119969288,16.6961,b_sm_15_40,cbd,cbd25_spatial_crosswalk,stage2_precision,False,09c0b246aecf8454f5d26691e69818bf33240e43ec60f8d9823d97f0ef4c1dec
jhb_full382_unified_a_merge01_c0925_fpcut_2026_06_01_t00029346,jhb_full382_unified_a_merge01_c0925_fpcut_2026_06_01_c0003957,JNB0229,johannesburg,29345,28.0160693852,-26.2195101648,16.8632,b_sm_15_40,cbd,cbd25_spatial_crosswalk,stage2_precision,False,09f944cbad2f2334e5fe3d74bd0ff77e88bfbeb67306dccb850575749e5d9456
jhb_full382_unified_a_merge01_c0925_fpcut_2026_06_01_t00023053,jhb_full382_unified_a_merge01_c0925_fpcut_2026_06_01_c0006458,JNB0134,johannesburg,23052,28.0289523008,-26.1824405677,17.9146,b_sm_15_40,cbd,cbd25_spatial_crosswalk,stage2_precision,False,0a5553ed25de97f273efe4b177d1db1e6783b948904c5bd173f8ea93f20a369f
jhb_full382_unified_a_merge01_c0925_fpcut_2026_06_01_t00023100,jhb_full382_unified_a_merge01_c0925_fpcut_2026_06_01_c0006246,JNB0134,johannesburg,23099,28.0273190549,-26.1844892222,37.9852,b_sm_15_40,cbd,cbd25_spatial_crosswalk,stage2_precision,False,0a6a56609a71994afbe0851e1b087f13236f9715d09b5782d65b8e58b582fe77
jhb_full382_unified_a_merge01_c0925_fpcut_2026_06_01_t00028642,jhb_full382_unified_a_merge01_c0925_fpcut_2026_06_01_c0004328,JNB0207,johannesburg,28641,28.0392372877,-26.2096815698,30.2592,b_sm_15_40,cbd,cbd25_spatial_crosswalk,stage2_precision,False,0aeaa1660a141996625dfbf5f68a0b09d9977ad50b4c2ce8ffa9273fb367711d
jhb_full382_unified_a_merge01_c0925_fpcut_2026_06_01_t00025370,jhb_full382_unified_a_merge01_c0925_fpcut_2026_06_01_c0005668,JNB0159,johannesburg,25369,28.0349162615,-26.1904984580,28.4291,b_sm_15_40,cbd,cbd25_spatial_crosswalk,stage2_precision,False,0ccdcc018274fd409c245eb23c05283f89b9ac9af0c3caa599cd8494f4fbfc54
jhb_full382_unified_a_merge01_c0925_fpcut_2026_06_01_t00027435,jhb_full382_unified_a_merge01_c0925_fpcut_2026_06_01_c0004439,JNB0181,johannesburg,27434,28.0196599849,-26.2068968684,18.9652,b_sm_15_40,cbd,cbd25_spatial_crosswalk,stage2_precision,False,0e4350af8c11d76138052000f9650219e77b602ce7f875fb5bcaa436d9658fe0
jhb_full382_unified_a_merge01_c0925_fpcut_2026_06_01_t00023150,jhb_full382_unified_a_merge01_c0925_fpcut_2026_06_01_c0006781,JNB0135,johannesburg,23149,28.0312409704,-26.1800331878,22.3105,b_sm_15_40,cbd,cbd25_spatial_crosswalk,stage2_precision,False,0e6ae2e70317cd30d42ac78d2d9a17d4bd9fd72132645a862b4b3c4919b568a8
jhb_full382_unified_a_merge01_c0925_fpcut_2026_06_01_t00022990,jhb_full382_unified_a_merge01_c0925_fpcut_2026_06_01_c0006342,JNB0134,johannesburg,22989,28.0239193605,-26.1835372927,30.3975,b_sm_15_40,cbd,cbd25_spatial_crosswalk,stage2_precision,False,0f137ae24c3e341121c1b0378087d4a2b87346c29741d3ca71ddb82da40fe378
jhb_full382_unified_a_merge01_c0925_fpcut_2026_06_01_t00027415,jhb_full382_unified_a_merge01_c0925_fpcut_2026_06_01_c0004528,JNB0181,johannesburg,27414,28.0208007440,-26.2055578844,18.9701,b_sm_15_40,cbd,cbd25_spatial_crosswalk,stage2_precision,False,0f3f804780a8f67b0fd5733dcdd3fc2f5fffa54774c91e4c2e4c96efd6c71f2b
jhb_full382_unified_a_merge01_c0925_fpcut_2026_06_01_t00028560,jhb_full382_unified_a_merge01_c0925_fpcut_2026_06_01_c0004283,JNB0206,johannesburg,28559,28.0265538312,-26.2108893981,20.9327,b_sm_15_40,cbd,cbd25_spatial_crosswalk,stage2_precision,False,103a4bc0535be0d61fee18bdfe039a3b2c2c25cc7fbd1a09fe013434de6370b9
jhb_full382_unified_a_merge01_c0925_fpcut_2026_06_01_t00023315,jhb_full382_unified_a_merge01_c0925_fpcut_2026_06_01_c0006168,JNB0135,johannesburg,23314,28.0317911236,-26.1854462575,32.5225,b_sm_15_40,cbd,cbd25_spatial_crosswalk,stage2_precision,False,105757a8760648dabe2f0029ae96907084f40c5f847055f596aa30f1b18884a0
jhb_full382_unified_a_merge01_c0925_fpcut_2026_06_01_t00029590,jhb_full382_unified_a_merge01_c0925_fpcut_2026_06_01_c0003859,JNB0232,johannesburg,29589,28.0449196273,-26.2233458718,35.6127,b_sm_15_40,cbd,cbd25_spatial_crosswalk,stage2_precision,False,10691607cd44b974916fad88eeaf2d6d70a8052cb7c32c0f5e53e04833ee4378
jhb_full382_unified_a_merge01_c0925_fpcut_2026_06_01_t00029356,jhb_full382_unified_a_merge01_c0925_fpcut_2026_06_01_c0003929,JNB0229,johannesburg,29355,28.0159902593,-26.2205034354,34.4043,b_sm_15_40,cbd,cbd25_spatial_crosswalk,stage2_precision,False,111593058650de91d442e0b51fe6d90f828b2e7becf910309bdd9ea94ee5161c
jhb_full382_unified_a_merge01_c0925_fpcut_2026_06_01_t00027798,jhb_full382_unified_a_merge01_c0925_fpcut_2026_06_01_c0004542,JNB0184,johannesburg,27797,28.0498608549,-26.2055500770,36.905,b_sm_15_40,cbd,cbd25_spatial_crosswalk,stage2_precision,False,11ed286533d2b755492a0f85610e6f23f51df2517fdb55fb51d5a85f6b08ebf2
jhb_full382_unified_a_merge01_c0925_fpcut_2026_06_01_t00029327,jhb_full382_unified_a_merge01_c0925_fpcut_2026_06_01_c0003977,JNB0229,johannesburg,29326,28.0158251225,-26.2188019535,15.1717,b_sm_15_40,cbd,cbd25_spatial_crosswalk,stage2_precision,False,11f65e6472cc4da1d08ab37cc77b393262b55689181fc79ce585268707470cbd
jhb_full382_unified_a_merge01_c0925_fpcut_2026_06_01_t00025360,jhb_full382_unified_a_merge01_c0925_fpcut_2026_06_01_c0005669,JNB0159,johannesburg,25359,28.0350167200,-26.1904593593,32.7029,b_sm_15_40,cbd,cbd25_spatial_crosswalk,stage2_precision,False,12368e17a111625173f736b6ff4c21ee5321b78e8d5895578f1273f9adeed765
jhb_full382_unified_a_merge01_c0925_fpcut_2026_06_01_t00028399,jhb_full382_unified_a_merge01_c0925_fpcut_2026_06_01_c0004367,JNB0205,johannesburg,28398,28.0145742161,-26.2092488232,15.5224,b_sm_15_40,cbd,cbd25_spatial_crosswalk,stage2_precision,False,12522b6ecb3d38c1f00c010cd234df10e2667eafd0a2f21849ed400edcf4e44a
jhb_full382_unified_a_merge01_c0925_fpcut_2026_06_01_t00028680,jhb_full382_unified_a_merge01_c0925_fpcut_2026_06_01_c0004219,JNB0207,johannesburg,28679,28.0392772161,-26.2115477989,25.2673,b_sm_15_40,cbd,cbd25_spatial_crosswalk,stage2_precision,False,12d0aad44b4563d32074cc86dad50c42680728e3f221cd9a642ced7d6850158e
jhb_full382_unified_a_merge01_c0925_fpcut_2026_06_01_t00027832,jhb_full382_unified_a_merge01_c0925_fpcut_2026_06_01_c0004672,JNB0185,johannesburg,27831,28.0527348539,-26.2028344149,17.4041,b_sm_15_40,cbd,cbd25_spatial_crosswalk,stage2_precision,False,14697f21d93de8472072fcafd0f86590de853d59f737a0e02be69d117ee900b0
jhb_full382_unified_a_merge01_c0925_fpcut_2026_06_01_t00028516,jhb_full382_unified_a_merge01_c0925_fpcut_2026_06_01_c0004210,JNB0205,johannesburg,28515,28.0207361679,-26.2112819966,25.4413,b_sm_15_40,cbd,cbd25_spatial_crosswalk,stage2_precision,False,1477240e56ee2672558da358a0f84b1fb66b5fab4482404d310e54ae112beb9e
jhb_full382_unified_a_merge01_c0925_fpcut_2026_06_01_t00023089,jhb_full382_unified_a_merge01_c0925_fpcut_2026_06_01_c0006244,JNB0134,johannesburg,23088,28.0269221718,-26.1842165046,18.9904,b_sm_15_40,cbd,cbd25_spatial_crosswalk,stage2_precision,False,1489d213d2a11f26edf1d28ae2a7382c8265fe6f74f528512d8b6f6f15fd03e8
jhb_full382_unified_a_merge01_c0925_fpcut_2026_06_01_t00027767,jhb_full382_unified_a_merge01_c0925_fpcut_2026_06_01_c0004536,JNB0184,johannesburg,27766,28.0497097385,-26.2051860740,39.2313,b_sm_15_40,cbd,cbd25_spatial_crosswalk,stage2_precision,False,14f432b61bfecf00ffb3d05cd405899bda4fc34b3eb45eca4065ed640d5c5573
jhb_full382_unified_a_merge01_c0925_fpcut_2026_06_01_t00023381,jhb_full382_unified_a_merge01_c0925_fpcut_2026_06_01_c0006666,JNB0136,johannesburg,23380,28.0481991486,-26.1812802883,25.4368,b_sm_15_40,cbd,cbd25_spatial_crosswalk,stage2_precision,False,151a16c9cba0f6e6a05546b09f064a1410750f2cd48ef5a3e28c0225424e4ee3
jhb_full382_unified_a_merge01_c0925_fpcut_2026_06_01_t00022892,jhb_full382_unified_a_merge01_c0925_fpcut_2026_06_01_c0006234,JNB0133,johannesburg,22891,28.0192171993,-26.1843993672,28.749,b_sm_15_40,cbd,cbd25_spatial_crosswalk,stage2_precision,False,158ba818eca4a33924f6da7bce9f5d23fd980b83a1692496f5a45f7c08a0d37b
jhb_full382_unified_a_merge01_c0925_fpcut_2026_06_01_t00023340,jhb_full382_unified_a_merge01_c0925_fpcut_2026_06_01_c0006569,JNB0135,johannesburg,23339,28.0385491344,-26.1816681234,32.3952,b_sm_15_40,cbd,cbd25_spatial_crosswalk,stage2_precision,False,167ab07445ff85bbb5c0fef029697e1bb4f6d42946b71bf902ff3eed2664249d
jhb_full382_unified_a_merge01_c0925_fpcut_2026_06_01_t00025237,jhb_full382_unified_a_merge01_c0925_fpcut_2026_06_01_c0005846,JNB0157,johannesburg,25236,28.0123046640,-26.1889214109,31.8549,b_sm_15_40,cbd,cbd25_spatial_crosswalk,stage2_precision,False,18955d74c691c6165283c4996b55f4e1254ee3396465646aa6481178589f785c
jhb_full382_unified_a_merge01_c0925_fpcut_2026_06_01_t00028671,jhb_full382_unified_a_merge01_c0925_fpcut_2026_06_01_c0004216,JNB0207,johannesburg,28670,28.0392829103,-26.2114241870,19.763,b_sm_15_40,cbd,cbd25_spatial_crosswalk,stage2_precision,False,18a37b0a2ba6c444a4b3379beb2cd771d65c82c565dc09769ff6aea5ddd266f5
jhb_full382_unified_a_merge01_c0925_fpcut_2026_06_01_t00028543,jhb_full382_unified_a_merge01_c0925_fpcut_2026_06_01_c0004369,JNB0206,johannesburg,28542,28.0215480277,-26.2087474763,18.5807,b_sm_15_40,cbd,cbd25_spatial_crosswalk,stage2_precision,False,19a23804956bcaace465559002a10a713c10221abe88bb47ae424c440a7afb1c
jhb_full382_unified_a_merge01_c0925_fpcut_2026_06_01_t00028608,jhb_full382_unified_a_merge01_c0925_fpcut_2026_06_01_c0004100,JNB0207,johannesburg,28607,28.0357773585,-26.2155175887,15.4852,b_sm_15_40,cbd,cbd25_spatial_crosswalk,stage2_precision,False,1a1c0ce3defcab2afe8a09d7ad856efa3a2ff87c974e0f8daca40fc93164612a
jhb_full382_unified_a_merge01_c0925_fpcut_2026_06_01_t00029577,jhb_full382_unified_a_merge01_c0925_fpcut_2026_06_01_c0003937,JNB0232,johannesburg,29576,28.0452261418,-26.2201647264,24.9111,b_sm_15_40,cbd,cbd25_spatial_crosswalk,stage2_precision,False,1ac4fd03b7aaf6e141a3b91bcb653fa5cb4b4394d9fc1de1705ef91b2b87ee30
jhb_full382_unified_a_merge01_c0925_fpcut_2026_06_01_t00028683,jhb_full382_unified_a_merge01_c0925_fpcut_2026_06_01_c0004179,JNB0207,johannesburg,28682,28.0382469898,-26.2117873072,18.1915,b_sm_15_40,cbd,cbd25_spatial_crosswalk,stage2_precision,False,1bc93350649249c6ed85698d0fcbc330a42509c71d619d7d0462dde07c0179f9
jhb_full382_unified_a_merge01_c0925_fpcut_2026_06_01_t00025508,jhb_full382_unified_a_merge01_c0925_fpcut_2026_06_01_c0005101,JNB0161,johannesburg,25507,28.0581594062,-26.1973148244,21.054,b_sm_15_40,cbd,cbd25_spatial_crosswalk,stage2_precision,False,1c1e1407b55b3ddd2faa525e89f4728f087fc8b232146b503aab2659cf0b8416
jhb_full382_unified_a_merge01_c0925_fpcut_2026_06_01_t00022877,jhb_full382_unified_a_merge01_c0925_fpcut_2026_06_01_c0006770,JNB0133,johannesburg,22876,28.0189559720,-26.1802059776,25.6691,b_sm_15_40,cbd,cbd25_spatial_crosswalk,stage2_precision,False,1d1b28381d3a1c34ef43397b6c2b3b721316eae094beaa78eb139515f8efe8ac
jhb_full382_unified_a_merge01_c0925_fpcut_2026_06_01_t00023099,jhb_full382_unified_a_merge01_c0925_fpcut_2026_06_01_c0006245,JNB0134,johannesburg,23098,28.0271894345,-26.1844495266,18.3696,b_sm_15_40,cbd,cbd25_spatial_crosswalk,stage2_precision,False,1dacaef330b494cb8d8cf6a404e314433d0d19bf4740c7d19912fe883ac4dfc9
jhb_full382_unified_a_merge01_c0925_fpcut_2026_06_01_t00029601,jhb_full382_unified_a_merge01_c0925_fpcut_2026_06_01_c0003985,JNB0232,johannesburg,29600,28.0489398159,-26.2179130577,20.118,b_sm_15_40,cbd,cbd25_spatial_crosswalk,stage2_precision,False,1de17fa7dcca6776ae4de49638bf7c9e67652c33bcd11e2d44990aa022677b23
jhb_full382_unified_a_merge01_c0925_fpcut_2026_06_01_t00023094,jhb_full382_unified_a_merge01_c0925_fpcut_2026_06_01_c0006243,JNB0134,johannesburg,23093,28.0264722118,-26.1844294101,33.9343,b_sm_15_40,cbd,cbd25_spatial_crosswalk,stage2_precision,False,1f0ff57b01bcd3567ee7f4c4f4739808e2af8e16b14f3ca014fdeaf2c50c8c50
jhb_full382_unified_a_merge01_c0925_fpcut_2026_06_01_t00022973,jhb_full382_unified_a_merge01_c0925_fpcut_2026_06_01_c0006452,JNB0134,johannesburg,22972,28.0235803331,-26.1825782322,15.5027,b_sm_15_40,cbd,cbd25_spatial_crosswalk,stage2_precision,False,20ac881ae7e9a013245284582640a861bcdba92ac6626a278a08eeffd4259a12
jhb_full382_unified_a_merge01_c0925_fpcut_2026_06_01_t00028520,jhb_full382_unified_a_merge01_c0925_fpcut_2026_06_01_c0004208,JNB0205,johannesburg,28519,28.0172313876,-26.2114526953,19.2494,b_sm_15_40,cbd,cbd25_spatial_crosswalk,stage2_precision,False,20ae103c98eb33d2c7d0b8b6c516c395878fd4486664182585e58b6b8b7abdc5
jhb_full382_unified_a_merge01_c0925_fpcut_2026_06_01_t00028765,jhb_full382_unified_a_merge01_c0925_fpcut_2026_06_01_c0004181,JNB0208,johannesburg,28764,28.0435307658,-26.2125962843,15.3164,b_sm_15_40,cbd,cbd25_spatial_crosswalk,stage2_precision,False,21d7fb72f3f36f9bbe5ba04775eb021a4d255906781026717f5581e125ec1c61
jhb_full382_unified_a_merge01_c0925_fpcut_2026_06_01_t00029611,jhb_full382_unified_a_merge01_c0925_fpcut_2026_06_01_c0003988,JNB0232,johannesburg,29610,28.0508325269,-26.2183979945,39.7001,b_sm_15_40,cbd,cbd25_spatial_crosswalk,stage2_precision,False,2275148276ec03536fa7c3ce2e590412c793c71c34ba7cc9a53fe0cda897aca9
jhb_full382_unified_a_merge01_c0925_fpcut_2026_06_01_t00027429,jhb_full382_unified_a_merge01_c0925_fpcut_2026_06_01_c0004484,JNB0181,johannesburg,27428,28.0202843003,-26.2065468692,24.4299,b_sm_15_40,cbd,cbd25_spatial_crosswalk,stage2_precision,False,22f03d6b88497fa501911449ba9fe7005c58321f4e1e8379aec0c70d43138da5
jhb_full382_unified_a_merge01_c0925_fpcut_2026_06_01_t00027867,jhb_full382_unified_a_merge01_c0925_fpcut_2026_06_01_c0004496,JNB0185,johannesburg,27866,28.0577805537,-26.2060038106,25.9262,b_sm_15_40,cbd,cbd25_spatial_crosswalk,stage2_precision,False,23d4f0d36ff643a9a8b18e67c4b9705c030024112ba6f9a673856dbceb2e6b4b
jhb_full382_unified_a_merge01_c0925_fpcut_2026_06_01_t00029568,jhb_full382_unified_a_merge01_c0925_fpcut_2026_06_01_c0003984,JNB0232,johannesburg,29567,28.0425846234,-26.2184532796,32.4688,b_sm_15_40,cbd,cbd25_spatial_crosswalk,stage2_precision,False,23e399d434d8681f1a6f37001a5443ba109c84bc4ff329a3ae29507914b4e2a2
jhb_full382_unified_a_merge01_c0925_fpcut_2026_06_01_t00022819,jhb_full382_unified_a_merge01_c0925_fpcut_2026_06_01_c0006231,JNB0133,johannesburg,22818,28.0125175357,-26.1843531867,26.0647,b_sm_15_40,cbd,cbd25_spatial_crosswalk,stage2_precision,False,2580597bfe9f4f84bef7ea4f2963323edbbaba7ab8b3bdcc611bbff8314c631f
jhb_full382_unified_a_merge01_c0925_fpcut_2026_06_01_t00029602,jhb_full382_unified_a_merge01_c0925_fpcut_2026_06_01_c0003986,JNB0232,johannesburg,29601,28.0491259984,-26.2178616655,20.002,b_sm_15_40,cbd,cbd25_spatial_crosswalk,stage2_precision,False,25d8afb75da9f0dba4d2289c19afec577209012ebacc67635b8072086eb47695
jhb_full382_unified_a_merge01_c0925_fpcut_2026_06_01_t00028822,jhb_full382_unified_a_merge01_c0925_fpcut_2026_06_01_c0004338,JNB0209,johannesburg,28821,28.0538346777,-26.2092063638,28.3222,b_sm_15_40,cbd,cbd25_spatial_crosswalk,stage2_precision,False,265ca8be25ed582ce518a969af88406e02fcbdc9df1d27180236b9d5d05e6b80
jhb_full382_unified_a_merge01_c0925_fpcut_2026_06_01_t00028452,jhb_full382_unified_a_merge01_c0925_fpcut_2026_06_01_c0004311,JNB0205,johannesburg,28451,28.0172603342,-26.2095076592,17.5804,b_sm_15_40,cbd,cbd25_spatial_crosswalk,stage2_precision,False,26c42033eab3e02f59cfe47d88ef79d8ed5ceb521dc69d327c64ecbbbeb2e836
jhb_full382_unified_a_merge01_c0925_fpcut_2026_06_01_t00025507,jhb_full382_unified_a_merge01_c0925_fpcut_2026_06_01_c0005167,JNB0161,johannesburg,25506,28.0577305487,-26.1962362810,19.3396,b_sm_15_40,cbd,cbd25_spatial_crosswalk,stage2_precision,False,27200a3ffcf39f241f117f266b92f95e79890dd1c72502344c8049a615699c70
jhb_full382_unified_a_merge01_c0925_fpcut_2026_06_01_t00028673,jhb_full382_unified_a_merge01_c0925_fpcut_2026_06_01_c0004220,JNB0207,johannesburg,28672,28.0395381146,-26.2113303913,30.1691,b_sm_15_40,cbd,cbd25_spatial_crosswalk,stage2_precision,False,28a5cd8a715bd865fa7156ded35850f2073f7f22ab7c7503f6421b0e981debee
jhb_full382_unified_a_merge01_c0925_fpcut_2026_06_01_t00023255,jhb_full382_unified_a_merge01_c0925_fpcut_2026_06_01_c0006252,JNB0135,johannesburg,23254,28.0331305532,-26.1845224513,20.5446,b_sm_15_40,cbd,cbd25_spatial_crosswalk,stage2_precision,True,692f7bbdbf10fe0b301a2654094aadee5e1209ea5641bdc6b8c48e32b64febb2
jhb_full382_unified_a_merge01_c0925_fpcut_2026_06_01_t00023272,jhb_full382_unified_a_merge01_c0925_fpcut_2026_06_01_c0006162,JNB0135,johannesburg,23271,28.0315902286,-26.1849419786,18.8473,b_sm_15_40,cbd,cbd25_spatial_crosswalk,stage2_precision,True,93a436fdee4c37dd469daf1b55688eedeb8ffd35b48d0bdd8ddf83692ac4f00e
jhb_full382_unified_a_merge01_c0925_fpcut_2026_06_01_t00023252,jhb_full382_unified_a_merge01_c0925_fpcut_2026_06_01_c0006252,JNB0135,johannesburg,23251,28.0331390762,-26.1845012928,17.0923,b_sm_15_40,cbd,cbd25_spatial_crosswalk,stage2_precision,True,9ebcc00d92c71dd681814cb43752cda07cd4fbe145e889cc8465adb0999985dd
jhb_full382_unified_a_merge01_c0925_fpcut_2026_06_01_t00033042,jhb_full382_unified_a_merge01_c0925_fpcut_2026_06_01_c0002721,JNB0307,johannesburg,33041,28.0960695968,-26.2473909785,16.3205,b_sm_15_40,industrial,osm_industrial_share_ge_0.03,stage2_precision,False,0011715b73b0bf974b22dc4e73c740a2d11d69f7ee8c22f6908495acf2ce7563
jhb_full382_unified_a_merge01_c0925_fpcut_2026_06_01_t00030196,jhb_full382_unified_a_merge01_c0925_fpcut_2026_06_01_c0003725,JNB0255,johannesburg,30195,28.0312382175,-26.2308766993,27.9365,b_sm_15_40,industrial,osm_industrial_share_ge_0.03,stage2_precision,False,0035048f74fe0cd7e1c6c149b0158a7d1ccee239c4a3035178180aa905d33acc
jhb_full382_unified_a_merge01_c0925_fpcut_2026_06_01_t00031910,jhb_full382_unified_a_merge01_c0925_fpcut_2026_06_01_c0003466,JNB0285,johannesburg,31909,28.0932712810,-26.2348863485,23.2142,b_sm_15_40,industrial,osm_industrial_share_ge_0.03,stage2_precision,False,0049893f18449be54e1d199823819916df9d62812a9a0d92e3d304435a1923d7
jhb_full382_unified_a_merge01_c0925_fpcut_2026_06_01_t00030650,jhb_full382_unified_a_merge01_c0925_fpcut_2026_06_01_c0003764,JNB0264,johannesburg,30649,28.1289993794,-26.2280752164,32.938,b_sm_15_40,industrial,osm_industrial_share_ge_0.03,stage2_precision,False,00757285b3582e7518c3ac3e7e65cc09f6e4bf88de81d3ea031fab1b0271dc2d
jhb_full382_unified_a_merge01_c0925_fpcut_2026_06_01_t00033121,jhb_full382_unified_a_merge01_c0925_fpcut_2026_06_01_c0002936,JNB0307,johannesburg,33120,28.0966208497,-26.2437833034,15.3712,b_sm_15_40,industrial,osm_industrial_share_ge_0.03,stage2_precision,False,00b5871a2b7d7c9ce4f11df444a945e27b7f10d0d6fcd8c6996a2c69d2aada73
jhb_full382_unified_a_merge01_c0925_fpcut_2026_06_01_t00032782,jhb_full382_unified_a_merge01_c0925_fpcut_2026_06_01_c0002389,JNB0299,johannesburg,32781,28.0118824661,-26.2519123722,32.5702,b_sm_15_40,industrial,osm_industrial_share_ge_0.03,stage2_precision,False,00b8bc86f81117de241206103a5df82d64e084e95cd5ecff00956ff06c7c9643
jhb_full382_unified_a_merge01_c0925_fpcut_2026_06_01_t00039824,jhb_full382_unified_a_merge01_c0925_fpcut_2026_06_01_c0015624,JNB0015,johannesburg,39823,28.0860536692,-26.1084388481,16.0773,b_sm_15_40,industrial,osm_industrial_share_ge_0.03,stage2_precision,False,00c09ad6a136c200c7074f2131308250408cddaad7fe1fda7dae6bbeda499aa8
jhb_full382_unified_a_merge01_c0925_fpcut_2026_06_01_t00041304,jhb_full382_unified_a_merge01_c0925_fpcut_2026_06_01_c0015233,JNB0025,johannesburg,41303,28.0866873702,-26.1180172143,21.0111,b_sm_15_40,industrial,osm_industrial_share_ge_0.03,stage2_precision,False,00d0a6b2d1614b341fc58038be4c8124cc4f68251328830ee41ef06598342b6b
jhb_full382_unified_a_merge01_c0925_fpcut_2026_06_01_t00002500,jhb_full382_unified_a_merge01_c0925_fpcut_2026_06_01_c0014025,JNB0043,johannesburg,2499,28.1481467109,-26.1331886233,20.0274,b_sm_15_40,industrial,osm_industrial_share_ge_0.03,stage2_precision,False,00d2fd205798a0c6aab6895003684526718836dbb57100ce1373244e94884f8b
jhb_full382_unified_a_merge01_c0925_fpcut_2026_06_01_t00024897,jhb_full382_unified_a_merge01_c0925_fpcut_2026_06_01_c0005144,JNB0148,johannesburg,24896,27.9273545124,-26.1970404318,16.9359,b_sm_15_40,industrial,osm_industrial_share_ge_0.03,stage2_precision,False,00e8694f57cb1a5a4319f6c1d138cd21624f8f7bd696b96c78bc5fe593d334eb
jhb_full382_unified_a_merge01_c0925_fpcut_2026_06_01_t00033118,jhb_full382_unified_a_merge01_c0925_fpcut_2026_06_01_c0002935,JNB0307,johannesburg,33117,28.0965817273,-26.2437847934,15.7504,b_sm_15_40,industrial,osm_industrial_share_ge_0.03,stage2_precision,False,010881218ea6d970db57961f488b4218d2ac7a6a565dde07497258e3fed938a7
jhb_full382_unified_a_merge01_c0925_fpcut_2026_06_01_t00029826,jhb_full382_unified_a_merge01_c0925_fpcut_2026_06_01_c0004032,JNB0242,johannesburg,29825,28.1448777815,-26.2161042698,35.061,b_sm_15_40,industrial,osm_industrial_share_ge_0.03,stage2_precision,False,013abfe6c83416d8784d511483519c931123a36c20067d2c55463ef2182891e0
jhb_full382_unified_a_merge01_c0925_fpcut_2026_06_01_t00029159,jhb_full382_unified_a_merge01_c0925_fpcut_2026_06_01_c0004147,JNB0216,johannesburg,29158,28.1212914323,-26.2127969369,21.1429,b_sm_15_40,industrial,osm_industrial_share_ge_0.03,stage2_precision,False,015b0fb93eca2cb2aeb0ac7afb18e705c371eb2d67d41bde8409fd7994cd9bbd
jhb_full382_unified_a_merge01_c0925_fpcut_2026_06_01_t00027138,jhb_full382_unified_a_merge01_c0925_fpcut_2026_06_01_c0004706,JNB0177,johannesburg,27137,27.9792959239,-26.2022499495,37.4594,b_sm_15_40,industrial,coj_zoning_industrial_n3_purity_ge_0.70,stage2_precision,False,0178045825e10c9e000e56ec8d21d6dec18c8062de13f60ea6f6b943c21ae037
jhb_full382_unified_a_merge01_c0925_fpcut_2026_06_01_t00030565,jhb_full382_unified_a_merge01_c0925_fpcut_2026_06_01_c0003814,JNB0263,johannesburg,30564,28.1151251154,-26.2243607861,36.4213,b_sm_15_40,industrial,osm_industrial_share_ge_0.03,stage2_precision,False,01c863dfee85bbb5188d5c5345210ed0a38dcf64347701453378a4676575a681
jhb_full382_unified_a_merge01_c0925_fpcut_2026_06_01_t00033173,jhb_full382_unified_a_merge01_c0925_fpcut_2026_06_01_c0002790,JNB0307,johannesburg,33172,28.0972026439,-26.2462106808,21.0503,b_sm_15_40,industrial,osm_industrial_share_ge_0.03,stage2_precision,False,023ff990329e96e3050e52851b5b7d81545da6fbbf70be8f688d9a2f2b4c2209
jhb_full382_unified_a_merge01_c0925_fpcut_2026_06_01_t00032442,jhb_full382_unified_a_merge01_c0925_fpcut_2026_06_01_c0002429,JNB0295,johannesburg,32441,27.9769603996,-26.2512101080,27.6228,b_sm_15_40,industrial,osm_industrial_share_ge_0.03,stage2_precision,False,02b4f0a2f596f208cb898cf151524510d387cf0e2acffe962b010885ff91b278
jhb_full382_unified_a_merge01_c0925_fpcut_2026_06_01_t00039756,jhb_full382_unified_a_merge01_c0925_fpcut_2026_06_01_c0015459,JNB0015,johannesburg,39755,28.0822392870,-26.1128082455,21.0039,b_sm_15_40,industrial,osm_industrial_share_ge_0.03,stage2_precision,False,02cb042f9ae44e39d1d6a5494fe00b96e1a93be132ea1c2463275242ff15c130
jhb_full382_unified_a_merge01_c0925_fpcut_2026_06_01_t00026844,jhb_full382_unified_a_merge01_c0925_fpcut_2026_06_01_c0004513,JNB0174,johannesburg,26843,27.9499683465,-26.2054007315,22.3714,b_sm_15_40,industrial,coj_zoning_industrial_n3_purity_ge_0.70,stage2_precision,False,032554620815b8ecaadcdf62d484b0f49fd571b1613bcf9382ae055b378920dc
jhb_full382_unified_a_merge01_c0925_fpcut_2026_06_01_t00024938,jhb_full382_unified_a_merge01_c0925_fpcut_2026_06_01_c0005082,JNB0149,johannesburg,24937,27.9348789929,-26.1983586227,32.0852,b_sm_15_40,industrial,osm_industrial_share_ge_0.03,stage2_precision,False,036ff8c4f6c00c24b25484f52d25c9a91662147d9d297b496cbe33e11ebf6f33
jhb_full382_unified_a_merge01_c0925_fpcut_2026_06_01_t00030748,jhb_full382_unified_a_merge01_c0925_fpcut_2026_06_01_c0003791,JNB0267,johannesburg,30747,28.1526606382,-26.2254153427,30.1012,b_sm_15_40,industrial,osm_industrial_share_ge_0.03,stage2_precision,False,03dac2c8480bcdb2805c0f0453ddd168debef70b24b3be392e86d751d7581dd4
jhb_full382_unified_a_merge01_c0925_fpcut_2026_06_01_t00030607,jhb_full382_unified_a_merge01_c0925_fpcut_2026_06_01_c0003763,JNB0264,johannesburg,30606,28.1299568304,-26.2274978111,27.6807,b_sm_15_40,industrial,osm_industrial_share_ge_0.03,stage2_precision,False,03e855fb2fe44a4d60211c85f46980e0ea236cd7a7a05f103b5d92120974b0e0
jhb_full382_unified_a_merge01_c0925_fpcut_2026_06_01_t00032509,jhb_full382_unified_a_merge01_c0925_fpcut_2026_06_01_c0002580,JNB0296,johannesburg,32508,27.9827551062,-26.2499026764,21.6321,b_sm_15_40,industrial,osm_industrial_share_ge_0.03,stage2_precision,False,03fd8b8b64500efadf8ede09a0dd4bdb26152d29b48fb1cd6521ce2dddc863f3
jhb_full382_unified_a_merge01_c0925_fpcut_2026_06_01_t00031952,jhb_full382_unified_a_merge01_c0925_fpcut_2026_06_01_c0003464,JNB0285,johannesburg,31951,28.0926077302,-26.2354352985,23.0176,b_sm_15_40,industrial,osm_industrial_share_ge_0.03,stage2_precision,False,0452857c107e95950a933cc9b06971182da4d5687f53556a80c37463a9cc2d39
jhb_full382_unified_a_merge01_c0925_fpcut_2026_06_01_t00000028,jhb_full382_unified_a_merge01_c0925_fpcut_2026_06_01_c0015338,JNB0026,johannesburg,27,28.0979869085,-26.1164520083,30.1605,b_sm_15_40,industrial,osm_industrial_share_ge_0.03,stage2_precision,False,04e6f81bc4d2a723ab68b0a4582528bd877c8d4f218302c884c2af5f9b8c3bce
jhb_full382_unified_a_merge01_c0925_fpcut_2026_06_01_t00039628,jhb_full382_unified_a_merge01_c0925_fpcut_2026_06_01_c0015431,JNB0014,johannesburg,39627,28.0761886610,-26.1142107656,19.1655,b_sm_15_40,industrial,osm_industrial_share_ge_0.03,stage2_precision,False,050f8101bfb1d72911c488d8d2513ff789fc44bbac14e790eea5a9f4bcf91838
jhb_full382_unified_a_merge01_c0925_fpcut_2026_06_01_t00032700,jhb_full382_unified_a_merge01_c0925_fpcut_2026_06_01_c0002964,JNB0299,johannesburg,32699,28.0129432088,-26.2431203347,19.1408,b_sm_15_40,industrial,osm_industrial_share_ge_0.03,stage2_precision,False,052669641b85d9a5c5722695ffcbb0880f44d3f53c47644b702736c238e113d2
jhb_full382_unified_a_merge01_c0925_fpcut_2026_06_01_t00028238,jhb_full382_unified_a_merge01_c0925_fpcut_2026_06_01_c0004762,JNB0192,johannesburg,28237,28.1296703045,-26.2008158861,18.4548,b_sm_15_40,industrial,osm_industrial_share_ge_0.03,stage2_precision,False,05303c456bc9f1673553229c70610b12f35a1f2366731d5921a59176c0906aaf
jhb_full382_unified_a_merge01_c0925_fpcut_2026_06_01_t00032327,jhb_full382_unified_a_merge01_c0925_fpcut_2026_06_01_c0002575,JNB0295,johannesburg,32326,27.9735305436,-26.2500947563,35.7469,b_sm_15_40,industrial,osm_industrial_share_ge_0.03,stage2_precision,False,054bcb0d9dfd3428ba4cd97bcf15c6a50e1660ed86c50e253ad9c79c1a211e1d
jhb_full382_unified_a_merge01_c0925_fpcut_2026_06_01_t00033595,jhb_full382_unified_a_merge01_c0925_fpcut_2026_06_01_c0002285,JNB0315,johannesburg,33594,27.9757814160,-26.2530637111,19.222,b_sm_15_40,industrial,osm_industrial_share_ge_0.03,stage2_precision,False,054f5d87a418c53601a5b20dddaf9864219830afd9db4d4a029b163cbdc4c6a7
jhb_full382_unified_a_merge01_c0925_fpcut_2026_06_01_t00041381,jhb_full382_unified_a_merge01_c0925_fpcut_2026_06_01_c0014847,JNB0025,johannesburg,41380,28.0861033909,-26.1236087853,27.8184,b_sm_15_40,industrial,osm_industrial_share_ge_0.03,stage2_precision,False,05f32d093760638fafdb8781c3a98217585ece50a0c828eb1a0db4fcaf337fd3
jhb_full382_unified_a_merge01_c0925_fpcut_2026_06_01_t00029816,jhb_full382_unified_a_merge01_c0925_fpcut_2026_06_01_c0004087,JNB0242,johannesburg,29815,28.1451680782,-26.2159489333,35.695,b_sm_15_40,industrial,osm_industrial_share_ge_0.03,stage2_precision,False,061fdf3eb8e4cead877e5360f51fe65ed885ddfe4928bed4a75400678730c2c9
jhb_full382_unified_a_merge01_c0925_fpcut_2026_06_01_t00032771,jhb_full382_unified_a_merge01_c0925_fpcut_2026_06_01_c0002654,JNB0299,johannesburg,32770,28.0131791624,-26.2490768795,24.836,b_sm_15_40,industrial,osm_industrial_share_ge_0.03,stage2_precision,False,062cc1270c0e16ba8ea6791ed356139ff63ae4dae04fbf4033f9fc0ceb463142
jhb_full382_unified_a_merge01_c0925_fpcut_2026_06_01_t00039637,jhb_full382_unified_a_merge01_c0925_fpcut_2026_06_01_c0015430,JNB0014,johannesburg,39636,28.0763406092,-26.1141893192,18.1907,b_sm_15_40,industrial,osm_industrial_share_ge_0.03,stage2_precision,False,064db5f962c4a454b55461576b25e1d63c5595a272c76bbe1364f4eb162e6235
jhb_full382_unified_a_merge01_c0925_fpcut_2026_06_01_t00022440,jhb_full382_unified_a_merge01_c0925_fpcut_2026_06_01_c0006537,JNB0127,johannesburg,22439,27.9528289745,-26.1826331027,15.9398,b_sm_15_40,industrial,osm_industrial_share_ge_0.03,stage2_precision,False,0698a0be70874f08ac1051a64e3f2cb482b73dc933bf4f1ddee0cdf135c3c259
jhb_full382_unified_a_merge01_c0925_fpcut_2026_06_01_t00041366,jhb_full382_unified_a_merge01_c0925_fpcut_2026_06_01_c0014911,JNB0025,johannesburg,41365,28.0862726050,-26.1226940420,28.4224,b_sm_15_40,industrial,osm_industrial_share_ge_0.03,stage2_precision,False,0833bbd70c9b6a95149a820c2f8f66d311d50fb2bb38074726b1c42e71112b36
jhb_full382_unified_a_merge01_c0925_fpcut_2026_06_01_t00029734,jhb_full382_unified_a_merge01_c0925_fpcut_2026_06_01_c0003896,JNB0240,johannesburg,29733,28.1217422264,-26.2221913945,17.8052,b_sm_15_40,industrial,osm_industrial_share_ge_0.03,stage2_precision,False,08384272ecdc2cbc90846a7c47d4fccc787c87122fc73e058611b50bafc33268
jhb_full382_unified_a_merge01_c0925_fpcut_2026_06_01_t00026860,jhb_full382_unified_a_merge01_c0925_fpcut_2026_06_01_c0004471,JNB0174,johannesburg,26859,27.9506868111,-26.2064874032,24.4871,b_sm_15_40,industrial,coj_zoning_industrial_n3_purity_ge_0.70,stage2_precision,False,0863942b0f05c9082b1bea7577e7ac26797afaa5c54a4bb861deb7642e7b81c7
jhb_full382_unified_a_merge01_c0925_fpcut_2026_06_01_t00039846,jhb_full382_unified_a_merge01_c0925_fpcut_2026_06_01_c0015606,JNB0015,johannesburg,39845,28.0859639734,-26.1098763615,37.8108,b_sm_15_40,industrial,osm_industrial_share_ge_0.03,stage2_precision,False,08910e5af2d03d50f0be0de001ec52eecf9c8776bdf0f3a01832e44ced3fa0a8
jhb_full382_unified_a_merge01_c0925_fpcut_2026_06_01_t00032722,jhb_full382_unified_a_merge01_c0925_fpcut_2026_06_01_c0002915,JNB0299,johannesburg,32721,28.0138013723,-26.2446187923,22.4866,b_sm_15_40,industrial,osm_industrial_share_ge_0.03,stage2_precision,False,08ae9d2ac35d726662d1263578c1c47f657de7478d42d11dd6dae8032ad0ae00
jhb_full382_unified_a_merge01_c0925_fpcut_2026_06_01_t00033038,jhb_full382_unified_a_merge01_c0925_fpcut_2026_06_01_c0002716,JNB0307,johannesburg,33037,28.0960561492,-26.2472703573,38.8651,b_sm_15_40,industrial,osm_industrial_share_ge_0.03,stage2_precision,False,08bdbc4badcd73fc959445d016cba45864382928bee1052e484a33e9daf5a575
jhb_full382_unified_a_merge01_c0925_fpcut_2026_06_01_t00029850,jhb_full382_unified_a_merge01_c0925_fpcut_2026_06_01_c0004027,JNB0242,johannesburg,29849,28.1419062685,-26.2163977458,20.1374,b_sm_15_40,industrial,osm_industrial_share_ge_0.03,stage2_precision,False,08c80c740b0cc77396492e591fce03c5b806c73ca8891308fc6958f800a9cf98
jhb_full382_unified_a_merge01_c0925_fpcut_2026_06_01_t00002390,jhb_full382_unified_a_merge01_c0925_fpcut_2026_06_01_c0014416,JNB0043,johannesburg,2389,28.1448556344,-26.1292945064,31.648,b_sm_15_40,industrial,osm_industrial_share_ge_0.03,stage2_precision,False,090c9449cb5b0e8a536e67dbd18e7d1a57acc0dbad0e418dda14c31248fc8c5f
jhb_full382_unified_a_merge01_c0925_fpcut_2026_06_01_t00033059,jhb_full382_unified_a_merge01_c0925_fpcut_2026_06_01_c0002721,JNB0307,johannesburg,33058,28.0960724918,-26.2474985615,16.8961,b_sm_15_40,industrial,osm_industrial_share_ge_0.03,stage2_precision,False,09451cdf27e035625242fc674fdb1b3d1157d4f4964c505d80af82d17127fbd0
jhb_full382_unified_a_merge01_c0925_fpcut_2026_06_01_t00029165,jhb_full382_unified_a_merge01_c0925_fpcut_2026_06_01_c0004148,JNB0216,johannesburg,29164,28.1213556230,-26.2130007225,25.4598,b_sm_15_40,industrial,osm_industrial_share_ge_0.03,stage2_precision,False,09526404e5f053e98850ba5f8664e04187e90a4ff8254da02a14e010775cb4fa
jhb_full382_unified_a_merge01_c0925_fpcut_2026_06_01_t00031905,jhb_full382_unified_a_merge01_c0925_fpcut_2026_06_01_c0003465,JNB0285,johannesburg,31904,28.0928240822,-26.2349036852,23.0981,b_sm_15_40,industrial,osm_industrial_share_ge_0.03,stage2_precision,False,09cb5611569c66feea9c7d8f42a05dc4ade6771a787f580cb1688f760586118c
jhb_full382_unified_a_merge01_c0925_fpcut_2026_06_01_t00034091,jhb_full382_unified_a_merge01_c0925_fpcut_2026_06_01_c0002046,JNB0320,johannesburg,34090,28.0237937031,-26.2561252855,33.2996,b_sm_15_40,industrial,osm_industrial_share_ge_0.03,stage2_precision,False,0a6d060ab7ab8bd629be82de8f04eee6bea3f66f21d8b8c5cd0ae91ece515993
jhb_full382_unified_a_merge01_c0925_fpcut_2026_06_01_t00039544,jhb_full382_unified_a_merge01_c0925_fpcut_2026_06_01_c0015490,JNB0014,johannesburg,39543,28.0724486765,-26.1122609145,27.8324,b_sm_15_40,industrial,osm_industrial_share_ge_0.03,stage2_precision,False,0a8dfb9f45e4cf067d4c555c32218c871a9a436a3001e9cea46101a07e692cd2
jhb_full382_unified_a_merge01_c0925_fpcut_2026_06_01_t00034100,jhb_full382_unified_a_merge01_c0925_fpcut_2026_06_01_c0001900,JNB0320,johannesburg,34099,28.0216373477,-26.2592759890,24.689,b_sm_15_40,industrial,osm_industrial_share_ge_0.03,stage2_precision,False,0ae4342def85bc2c2cdd9adf98b20e5d208f86fb6c92b465c529a617bc645b66
jhb_full382_unified_a_merge01_c0925_fpcut_2026_06_01_t00024940,jhb_full382_unified_a_merge01_c0925_fpcut_2026_06_01_c0005081,JNB0149,johannesburg,24939,27.9348850668,-26.1983243722,35.0187,b_sm_15_40,industrial,osm_industrial_share_ge_0.03,stage2_precision,False,0b3b689aa6b77d29bdc90cf3afd8e1dd32ae630fae3ca7a7f6e393e537ee3fcc
jhb_full382_unified_a_merge01_c0925_fpcut_2026_06_01_t00034033,jhb_full382_unified_a_merge01_c0925_fpcut_2026_06_01_c0002044,JNB0319,johannesburg,34032,28.0135590912,-26.2565364544,24.5741,b_sm_15_40,industrial,osm_industrial_share_ge_0.03,stage2_precision,False,0b490532307d2be73ad2e98c411450e9174d97218ba581044a455d5f3014f874
jhb_full382_unified_a_merge01_c0925_fpcut_2026_06_01_t00033333,jhb_full382_unified_a_merge01_c0925_fpcut_2026_06_01_c0002548,JNB0308,johannesburg,33332,28.1069758967,-26.2500332413,31.9661,b_sm_15_40,industrial,osm_industrial_share_ge_0.03,stage2_precision,False,0b73cbd2984825e01e7817025e6822490875bdd8bf98f68886846c4798dc4bb9
jhb_full382_unified_a_merge01_c0925_fpcut_2026_06_01_t00041300,jhb_full382_unified_a_merge01_c0925_fpcut_2026_06_01_c0015232,JNB0025,johannesburg,41299,28.0876688139,-26.1178104856,29.8645,b_sm_15_40,industrial,osm_industrial_share_ge_0.03,stage2_precision,False,0ba6ea88152bfeb6e341003cae00af358e1490b15a5f9234b74b1fe11d4a133f
jhb_full382_unified_a_merge01_c0925_fpcut_2026_06_01_t00039872,jhb_full382_unified_a_merge01_c0925_fpcut_2026_06_01_c0015500,JNB0015,johannesburg,39871,28.0872328334,-26.1117213152,19.864,b_sm_15_40,industrial,osm_industrial_share_ge_0.03,stage2_precision,False,0bec52f050f7013ffdb9e8cbeb2becd498dab457b97c579fdd2a667efc9ad5b0
jhb_full382_unified_a_merge01_c0925_fpcut_2026_06_01_t00031924,jhb_full382_unified_a_merge01_c0925_fpcut_2026_06_01_c0003469,JNB0285,johannesburg,31923,28.0927395223,-26.2350892630,23.397,b_sm_15_40,industrial,osm_industrial_share_ge_0.03,stage2_precision,False,0c93321efde942e8b1577d4469bfe626c0049ada5825719340d40c8db1eb3e4d
jhb_full382_unified_a_merge01_c0925_fpcut_2026_06_01_t00028212,jhb_full382_unified_a_merge01_c0925_fpcut_2026_06_01_c0004686,JNB0192,johannesburg,28211,28.1218281567,-26.2023577022,20.7537,b_sm_15_40,industrial,osm_industrial_share_ge_0.03,stage2_precision,False,0cb7df9b3f43907fa8b0bc71349b0fb4d69ee9e08f8b74c80b5b81cd031aea2c
jhb_full382_unified_a_merge01_c0925_fpcut_2026_06_01_t00026892,jhb_full382_unified_a_merge01_c0925_fpcut_2026_06_01_c0004840,JNB0176,johannesburg,26891,27.9618778307,-26.2009895426,25.0253,b_sm_15_40,industrial,osm_industrial_share_ge_0.03,stage2_precision,False,0cc6cca44d28b6cef60019d4d29fabef39f5cc0e97d519db82b3f1d7d8d57427
jhb_full382_unified_a_merge01_c0925_fpcut_2026_06_01_t00039831,jhb_full382_unified_a_merge01_c0925_fpcut_2026_06_01_c0015601,JNB0015,johannesburg,39830,28.0862897211,-26.1096161871,18.541,b_sm_15_40,industrial,osm_industrial_share_ge_0.03,stage2_precision,False,0ccac49d24c3a6eebb8d2df5f41f8177f9c1b1a1e505dce8ed49e04b32899568
jhb_full382_unified_a_merge01_c0925_fpcut_2026_06_01_t00039830,jhb_full382_unified_a_merge01_c0925_fpcut_2026_06_01_c0015627,JNB0015,johannesburg,39829,28.0890142163,-26.1090383146,36.0181,b_sm_15_40,industrial,osm_industrial_share_ge_0.03,stage2_precision,False,0cdf4188a8a24603998c6c80a75c8a3f38ab8333bcf17650c95d8750ffe41878
jhb_full382_unified_a_merge01_c0925_fpcut_2026_06_01_t00033630,jhb_full382_unified_a_merge01_c0925_fpcut_2026_06_01_c0002087,JNB0315,johannesburg,33629,27.9734991601,-26.2559195340,18.2977,b_sm_15_40,industrial,osm_industrial_share_ge_0.03,stage2_precision,True,15935d41f3d5d78693417f6b623f2df7f5c8f480bd47cf4195f86f6a7321a8d5
jhb_full382_unified_a_merge01_c0925_fpcut_2026_06_01_t00030664,jhb_full382_unified_a_merge01_c0925_fpcut_2026_06_01_c0003772,JNB0264,johannesburg,30663,28.1302056896,-26.2281427602,33.1166,b_sm_15_40,industrial,osm_industrial_share_ge_0.03,stage2_precision,True,3117d8a633bc6e7df0eaa82a03f46f5541531186512ef4a527c5d13c8236983c
jhb_full382_unified_a_merge01_c0925_fpcut_2026_06_01_t00030644,jhb_full382_unified_a_merge01_c0925_fpcut_2026_06_01_c0003772,JNB0264,johannesburg,30643,28.1303361639,-26.2279945625,35.9998,b_sm_15_40,industrial,osm_industrial_share_ge_0.03,stage2_precision,True,5dbb593b5fc85b391c79695dbe556ef42a2520216dfd1959baff45aa24f202ce
jhb_full382_unified_a_merge01_c0925_fpcut_2026_06_01_t00033631,jhb_full382_unified_a_merge01_c0925_fpcut_2026_06_01_c0002087,JNB0315,johannesburg,33630,27.9737280284,-26.2559217623,17.6777,b_sm_15_40,industrial,osm_industrial_share_ge_0.03,stage2_precision,True,696e01b07815bf74e7a9ce2b49a52e6b664ddb5994307902aa5ab50af96efa26
jhb_full382_unified_a_merge01_c0925_fpcut_2026_06_01_t00030641,jhb_full382_unified_a_merge01_c0925_fpcut_2026_06_01_c0003772,JNB0264,johannesburg,30640,28.1302164262,-26.2279879961,35.7767,b_sm_15_40,industrial,osm_industrial_share_ge_0.03,stage2_precision,True,81dbff89b9d487c0268d07dc63de32a948d24b79944143530709bf81db892b68
jhb_full382_unified_a_merge01_c0925_fpcut_2026_06_01_t00039693,jhb_full382_unified_a_merge01_c0925_fpcut_2026_06_01_c0015563,JNB0015,johannesburg,39692,28.0808816494,-26.1105723897,19.9851,b_sm_15_40,industrial,osm_industrial_share_ge_0.03,stage2_precision,True,c374adda13aa8835e44743c76cc43e8a63951c72ecaff2e62412bf258052695e
jhb_full382_unified_a_merge01_c0925_fpcut_2026_06_01_t00002503,jhb_full382_unified_a_merge01_c0925_fpcut_2026_06_01_c0014740,JNB0044,johannesburg,2502,28.1529398416,-26.1247316709,19.8246,b_sm_15_40,industrial,osm_industrial_share_ge_0.03,stage2_precision,True,e8d0f05b652e22dbb045f3cb9592bfee49cabe165c6b6e858a1ae02b0baf00b0
jhb_full382_unified_a_merge01_c0925_fpcut_2026_06_01_t00039557,jhb_full382_unified_a_merge01_c0925_fpcut_2026_06_01_c0015454,JNB0014,johannesburg,39556,28.0728630310,-26.1132697072,30.7386,b_sm_15_40,industrial,osm_industrial_share_ge_0.03,stage2_precision,True,fa646a128564051a05979e6401dbf212314ee50e998ce2501acac39da0147a06
jhb_full382_unified_a_merge01_c0925_fpcut_2026_06_01_t00040684,jhb_full382_unified_a_merge01_c0925_fpcut_2026_06_01_c0014693,JNB0022,johannesburg,40683,28.0589989625,-26.1248035932,23.1186,b_sm_15_40,residential,residential_fallback,stage2_precision,False,000545a282ac570fbc9c97f8b4db66a080c51594e86c3c1cebecef4653bfe238
jhb_full382_unified_a_merge01_c0925_fpcut_2026_06_01_t00021829,jhb_full382_unified_a_merge01_c0925_fpcut_2026_06_01_c0007187,JNB0124,johannesburg,21828,28.1416467078,-26.1767342543,16.8453,b_sm_15_40,residential,residential_fallback,stage2_precision,False,00123d3bbc86aee8b82fd9009b551c54ef449e7256c7f2efb10ff06d7f6dd382
jhb_full382_unified_a_merge01_c0925_fpcut_2026_06_01_t00013077,jhb_full382_unified_a_merge01_c0925_fpcut_2026_06_01_c0010648,JNB0081,johannesburg,13076,28.1102275342,-26.1555573876,31.5215,b_sm_15_40,residential,residential_fallback,stage2_precision,False,0018aaaacb1a1b81f7a50baffe011825715256bb77cc3dbcce5248d91b89c8bd
jhb_full382_unified_a_merge01_c0925_fpcut_2026_06_01_t00036537,jhb_full382_unified_a_merge01_c0925_fpcut_2026_06_01_c0001188,JNB0355,johannesburg,36536,28.0178440887,-26.2708053700,16.9333,b_sm_15_40,residential,residential_fallback,stage2_precision,False,0027ea53a9080ccb4c53695fb5354bb35b7628ea109b2cd122c1f88c1f7dd986
jhb_full382_unified_a_merge01_c0925_fpcut_2026_06_01_t00016942,jhb_full382_unified_a_merge01_c0925_fpcut_2026_06_01_c0009295,JNB0098,johannesburg,16941,28.0943773919,-26.1639126636,20.2442,b_sm_15_40,residential,residential_fallback,stage2_precision,False,002a54aca06b89e8ef20d473227c88d9dcefa6164df5e13479e57e283be7906f
jhb_full382_unified_a_merge01_c0925_fpcut_2026_06_01_t00034881,jhb_full382_unified_a_merge01_c0925_fpcut_2026_06_01_c0001274,JNB0335,johannesburg,34880,27.9898364770,-26.2682666635,17.8168,b_sm_15_40,residential,residential_fallback,stage2_precision,False,0032ecb47011b48270ab3fa59e5ec4c3d8f53cabe4979d20dbcc0f51eabcaccd
jhb_full382_unified_a_merge01_c0925_fpcut_2026_06_01_t00035356,jhb_full382_unified_a_merge01_c0925_fpcut_2026_06_01_c0001609,JNB0340,johannesburg,35355,28.0343939646,-26.2649042719,23.7145,b_sm_15_40,residential,residential_fallback,stage2_precision,False,003d5f87812106a8574fd0703bdee0ac9deb5c39e7f809c8859a6933208b0a80
jhb_full382_unified_a_merge01_c0925_fpcut_2026_06_01_t00018015,jhb_full382_unified_a_merge01_c0925_fpcut_2026_06_01_c0008460,JNB0103,johannesburg,18014,28.1419011545,-26.1698451213,18.5584,b_sm_15_40,residential,residential_fallback,stage2_precision,False,005aa63122858580bf48af4a3f8f91b7c580d4b366808684143d42f071beb203
jhb_full382_unified_a_merge01_c0925_fpcut_2026_06_01_t00032692,jhb_full382_unified_a_merge01_c0925_fpcut_2026_06_01_c0002451,JNB0298,johannesburg,32691,28.0102037897,-26.2517567403,22.5418,b_sm_15_40,residential,residential_fallback,stage2_precision,False,005c546c2b5d663a35593968c29fd1d2509e15108d3293b995f0b4e3257a032c
jhb_full382_unified_a_merge01_c0925_fpcut_2026_06_01_t00036454,jhb_full382_unified_a_merge01_c0925_fpcut_2026_06_01_c0000758,JNB0354,johannesburg,36453,28.0081138682,-26.2753470748,20.1515,b_sm_15_40,residential,residential_fallback,stage2_precision,False,0065555d28c956ee48c3c54ed46082f8a8d25863d5eb529b63b74b37637d8f4a
jhb_full382_unified_a_merge01_c0925_fpcut_2026_06_01_t00036300,jhb_full382_unified_a_merge01_c0925_fpcut_2026_06_01_c0001130,JNB0353,johannesburg,36299,27.9941147306,-26.2712006571,20.3222,b_sm_15_40,residential,residential_fallback,stage2_precision,False,00667a80571c362580fa6a6fe47bf4360b7a7bb082d916a23dabe08b6297e1c0
jhb_full382_unified_a_merge01_c0925_fpcut_2026_06_01_t00016900,jhb_full382_unified_a_merge01_c0925_fpcut_2026_06_01_c0008692,JNB0097,johannesburg,16899,28.0902771210,-26.1685252931,31.6751,b_sm_15_40,residential,residential_fallback,stage2_precision,False,0069aa82aa5b38607a341bce37be20d0a366eebb7b89c758fda57aa34c1a8b2d
jhb_full382_unified_a_merge01_c0925_fpcut_2026_06_01_t00014777,jhb_full382_unified_a_merge01_c0925_fpcut_2026_06_01_c0008859,JNB0090,johannesburg,14776,28.0152400867,-26.1670442877,15.7524,b_sm_15_40,residential,residential_fallback,stage2_precision,False,006cad02be0e6a0e886324c8e38df2023ccf6c0a89d9d44bd71d4a3fbfb30129
jhb_full382_unified_a_merge01_c0925_fpcut_2026_06_01_t00025915,jhb_full382_unified_a_merge01_c0925_fpcut_2026_06_01_c0005129,JNB0166,johannesburg,25914,28.1076801687,-26.1972387458,16.3346,b_sm_15_40,residential,residential_fallback,stage2_precision,False,00721250d4d15db6ae83397ea55767eebc290858cf444db507a746ba5bd3eae2
jhb_full382_unified_a_merge01_c0925_fpcut_2026_06_01_t00038214,jhb_full382_unified_a_merge01_c0925_fpcut_2026_06_01_c0000375,JNB0374,johannesburg,38213,28.0534815442,-26.2805262893,22.1879,b_sm_15_40,residential,residential_fallback,stage2_precision,False,007adb17b8d6936c5ed3e1d513bf83d258ff16226691c993a8a9032a345ba7b3
jhb_full382_unified_a_merge01_c0925_fpcut_2026_06_01_t00009787,jhb_full382_unified_a_merge01_c0925_fpcut_2026_06_01_c0011451,JNB0070,johannesburg,9786,28.1443029652,-26.1517880012,24.5347,b_sm_15_40,residential,residential_fallback,stage2_precision,False,007ed18d8b53226c9e89366b4b96cde52551ef28b330328f98ef6f90545dc9c5
jhb_full382_unified_a_merge01_c0925_fpcut_2026_06_01_t00026012,jhb_full382_unified_a_merge01_c0925_fpcut_2026_06_01_c0005314,JNB0167,johannesburg,26011,28.1116172177,-26.1940896884,35.2968,b_sm_15_40,residential,residential_fallback,stage2_precision,False,0084fd3d3a1eb6e1995dd3fe37cf864b01037259bfd12a00951d01cc1c206442
jhb_full382_unified_a_merge01_c0925_fpcut_2026_06_01_t00005546,jhb_full382_unified_a_merge01_c0925_fpcut_2026_06_01_c0013636,JNB0056,johannesburg,5545,28.1422195507,-26.1367567226,22.06,b_sm_15_40,residential,residential_fallback,stage2_precision,False,0087f65b100848147eed8daaf26122f210c706efd73f90b4083b844bff84760d
jhb_full382_unified_a_merge01_c0925_fpcut_2026_06_01_t00032631,jhb_full382_unified_a_merge01_c0925_fpcut_2026_06_01_c0003006,JNB0298,johannesburg,32630,28.0064167129,-26.2431129039,23.6114,b_sm_15_40,residential,residential_fallback,stage2_precision,False,008d569aea7e5c0fb59e1fd0300f28112cd085e970f881f3c50ac76c7227054a
jhb_full382_unified_a_merge01_c0925_fpcut_2026_06_01_t00017347,jhb_full382_unified_a_merge01_c0925_fpcut_2026_06_01_c0009760,JNB0100,johannesburg,17346,28.1152197181,-26.1617590280,19.9369,b_sm_15_40,residential,residential_fallback,stage2_precision,False,0097814e3caae843fc914f12e90539db6170790ff5366773ac26eb21f28934c8
jhb_full382_unified_a_merge01_c0925_fpcut_2026_06_01_t00004583,jhb_full382_unified_a_merge01_c0925_fpcut_2026_06_01_c0012766,JNB0051,johannesburg,4582,28.0983000670,-26.1429946847,34.0846,b_sm_15_40,residential,residential_fallback,stage2_precision,False,00a34368a6f462065aa6022837205e42f33785c32cac5468ceb1ffecdefe5cf2
jhb_full382_unified_a_merge01_c0925_fpcut_2026_06_01_t00013503,jhb_full382_unified_a_merge01_c0925_fpcut_2026_06_01_c0010796,JNB0083,johannesburg,13502,28.1302722795,-26.1554765949,15.466,b_sm_15_40,residential,residential_fallback,stage2_precision,False,00ae588cb066652dc009202dedfb1609a989bac4200ae32db020a9852495a136
jhb_full382_unified_a_merge01_c0925_fpcut_2026_06_01_t00040486,jhb_full382_unified_a_merge01_c0925_fpcut_2026_06_01_c0014747,JNB0022,johannesburg,40485,28.0508521966,-26.1239330888,37.126,b_sm_15_40,residential,residential_fallback,stage2_precision,False,00bb01ec8029f0c13bfac2748306afaf039ca4b55a429fa7dc5bd292803de63e
jhb_full382_unified_a_merge01_c0925_fpcut_2026_06_01_t00024608,jhb_full382_unified_a_merge01_c0925_fpcut_2026_06_01_c0006718,JNB0146,johannesburg,24607,28.1444931312,-26.1802767147,20.4178,b_sm_15_40,residential,residential_fallback,stage2_precision,False,00bb1fa39e5f6ff3d0bc461c0934c817b8deb42644d757b6567602b1930f8557
jhb_full382_unified_a_merge01_c0925_fpcut_2026_06_01_t00010422,jhb_full382_unified_a_merge01_c0925_fpcut_2026_06_01_c0009829,JNB0073,johannesburg,10421,28.0245005009,-26.1603983740,25.6644,b_sm_15_40,residential,residential_fallback,stage2_precision,False,00c177fa457e47bbdc4f0313cdd30db1448e8c6119d49b7ef6bd85b283e4e05b
jhb_full382_unified_a_merge01_c0925_fpcut_2026_06_01_t00019400,jhb_full382_unified_a_merge01_c0925_fpcut_2026_06_01_c0007407,JNB0112,johannesburg,19399,28.0245393714,-26.1763152775,34.3499,b_sm_15_40,residential,residential_fallback,stage2_precision,False,00c195f433bb3536ddb136ed800bad880881aae691e821fbf67b876937360489
jhb_full382_unified_a_merge01_c0925_fpcut_2026_06_01_t00020131,jhb_full382_unified_a_merge01_c0925_fpcut_2026_06_01_c0007277,JNB0116,johannesburg,20130,28.0611811246,-26.1765397172,19.4578,b_sm_15_40,residential,residential_fallback,stage2_precision,False,00c54a000a86b5fabbb29370dbed5c2f7c7df952912ae99876d561c597be199d
jhb_full382_unified_a_merge01_c0925_fpcut_2026_06_01_t00013218,jhb_full382_unified_a_merge01_c0925_fpcut_2026_06_01_c0009914,JNB0082,johannesburg,13217,28.1205495899,-26.1604404865,22.9937,b_sm_15_40,residential,residential_fallback,stage2_precision,False,00ccbf77c0c1fcbfc2d360bb1b11849380678c9e7644a0c29a9654f6d2694fe0
jhb_full382_unified_a_merge01_c0925_fpcut_2026_06_01_t00035197,jhb_full382_unified_a_merge01_c0925_fpcut_2026_06_01_c0001716,JNB0338,johannesburg,35196,28.0196124462,-26.2637026947,15.3252,b_sm_15_40,residential,residential_fallback,stage2_precision,False,00d0c2985460d24b04b749fc4d006bfc501a4da9e6cc9bf5fc1ed12f7adfaf60
jhb_full382_unified_a_merge01_c0925_fpcut_2026_06_01_t00010666,jhb_full382_unified_a_merge01_c0925_fpcut_2026_06_01_c0011003,JNB0074,johannesburg,10665,28.0317470964,-26.1542755965,18.2628,b_sm_15_40,residential,residential_fallback,stage2_precision,False,00dd622f982ebd3413ee8a1decbdd9b7ec02ccb9ea04d24976ddcb753064a6cb
jhb_full382_unified_a_merge01_c0925_fpcut_2026_06_01_t00025855,jhb_full382_unified_a_merge01_c0925_fpcut_2026_06_01_c0005531,JNB0166,johannesburg,25854,28.1107060663,-26.1916504533,20.1947,b_sm_15_40,residential,residential_fallback,stage2_precision,False,00e26ae90918c82dac369b729cf9a46fb83959425d6418030a05ad46ea3522b9
jhb_full382_unified_a_merge01_c0925_fpcut_2026_06_01_t00011516,jhb_full382_unified_a_merge01_c0925_fpcut_2026_06_01_c0010596,JNB0076,johannesburg,11515,28.0519933827,-26.1562642065,28.7721,b_sm_15_40,residential,residential_fallback,stage2_precision,False,00e7ca27446723d633261bd2bc9c73d225195ce0105856fe9d70aa48b48685fa
jhb_full382_unified_a_merge01_c0925_fpcut_2026_06_01_t00003884,jhb_full382_unified_a_merge01_c0925_fpcut_2026_06_01_c0012999,JNB0049,johannesburg,3883,28.0753460182,-26.1419711054,16.2111,b_sm_15_40,residential,residential_fallback,stage2_precision,False,00f23eb81ed506551dde9c96f923e15b440fc957fdd959ad1b32adf19ff4afbe
jhb_full382_unified_a_merge01_c0925_fpcut_2026_06_01_t00030446,jhb_full382_unified_a_merge01_c0925_fpcut_2026_06_01_c0003567,JNB0260,johannesburg,30445,28.0911482592,-26.2331539839,19.2341,b_sm_15_40,residential,residential_fallback,stage2_precision,False,00fa08ede04ed54114e5f4f7d3de8cdd215598e0a4944cd84eff51149dcaad1e
jhb_full382_unified_a_merge01_c0925_fpcut_2026_06_01_t00040052,jhb_full382_unified_a_merge01_c0925_fpcut_2026_06_01_c0015515,JNB0020,johannesburg,40051,28.1330386039,-26.1104488275,23.1206,b_sm_15_40,residential,residential_fallback,stage2_precision,False,01108a44371e31c6c3aa2d1c4f33c708448e1824fd06f0756c0b1be92acdedc6
jhb_full382_unified_a_merge01_c0925_fpcut_2026_06_01_t00003154,jhb_full382_unified_a_merge01_c0925_fpcut_2026_06_01_c0013552,JNB0046,johannesburg,3153,28.0479767713,-26.1373822248,35.3698,b_sm_15_40,residential,residential_fallback,stage2_precision,False,0113e193b0143157dba03a1ffbd2a12b3360c9be6a6d70aef25e24fa733fb26e
jhb_full382_unified_a_merge01_c0925_fpcut_2026_06_01_t00000499,jhb_full382_unified_a_merge01_c0925_fpcut_2026_06_01_c0015194,JNB0032,johannesburg,498,28.1512238993,-26.1184555183,17.8816,b_sm_15_40,residential,residential_fallback,stage2_precision,False,01153671170ddaae4cd292527ebd432f284c9dc484f08845aa0fe06a93460f1a
jhb_full382_unified_a_merge01_c0925_fpcut_2026_06_01_t00023605,jhb_full382_unified_a_merge01_c0925_fpcut_2026_06_01_c0006687,JNB0142,johannesburg,23604,28.1049684420,-26.1805274659,17.3263,b_sm_15_40,residential,residential_fallback,stage2_precision,False,012084ddcc16802e5577d8df3bad9d02d3d76ead0829a380a07f97f3499afbcd
jhb_full382_unified_a_merge01_c0925_fpcut_2026_06_01_t00034889,jhb_full382_unified_a_merge01_c0925_fpcut_2026_06_01_c0001779,JNB0336,johannesburg,34888,27.9954590525,-26.2623072385,16.4181,b_sm_15_40,residential,residential_fallback,stage2_precision,False,012591e7406aeab2139426348ada20acb2b9fafebb4de4c924069bccfe84188c
jhb_full382_unified_a_merge01_c0925_fpcut_2026_06_01_t00026081,jhb_full382_unified_a_merge01_c0925_fpcut_2026_06_01_c0005622,JNB0167,johannesburg,26080,28.1170977780,-26.1908765995,29.6896,b_sm_15_40,residential,residential_fallback,stage2_precision,False,012636223b664e5adf1f01f646be37bc2ea9fb520bf405ac4a94718c07bbb828
jhb_full382_unified_a_merge01_c0925_fpcut_2026_06_01_t00016612,jhb_full382_unified_a_merge01_c0925_fpcut_2026_06_01_c0008911,JNB0096,johannesburg,16611,28.0742244632,-26.1670609732,20.4618,b_sm_15_40,residential,residential_fallback,stage2_precision,False,01307ac098de1ca8e01059f6d9deb2346ebb181174909bdbf021a497940de239
jhb_full382_unified_a_merge01_c0925_fpcut_2026_06_01_t00039405,jhb_full382_unified_a_merge01_c0925_fpcut_2026_06_01_c0015785,JNB0013,johannesburg,39404,28.1458346091,-26.0994539290,16.3933,b_sm_15_40,residential,residential_fallback,stage2_precision,False,01481b06767a54c15d340ae7fef2558674b30c75c9aee03036cbaa4e4eba983c
jhb_full382_unified_a_merge01_c0925_fpcut_2026_06_01_t00040853,jhb_full382_unified_a_merge01_c0925_fpcut_2026_06_01_c0014822,JNB0023,johannesburg,40852,28.0605999327,-26.1235511709,24.286,b_sm_15_40,residential,residential_fallback,stage2_precision,False,014f34fc2eb1468f2291ca15b4b916a2b0c73374398faedc3b373ddad9bd4d2a
jhb_full382_unified_a_merge01_c0925_fpcut_2026_06_01_t00012495,jhb_full382_unified_a_merge01_c0925_fpcut_2026_06_01_c0010890,JNB0078,johannesburg,12494,28.0765377574,-26.1546533663,18.9468,b_sm_15_40,residential,residential_fallback,stage2_precision,False,01659693464bc0c156ba5f12d8d4449342e39e14c4173d29bf20b17605ec59f6
jhb_full382_unified_a_merge01_c0925_fpcut_2026_06_01_t00039207,jhb_full382_unified_a_merge01_c0925_fpcut_2026_06_01_c0015717,JNB0011,johannesburg,39206,28.1201997659,-26.1049060334,27.0674,b_sm_15_40,residential,residential_fallback,stage2_precision,False,018903f133f0a7cd9d3ad50fa685f805ffd51aeba17734247b6174dd6a837281
jhb_full382_unified_a_merge01_c0925_fpcut_2026_06_01_t00005194,jhb_full382_unified_a_merge01_c0925_fpcut_2026_06_01_c0013171,JNB0053,johannesburg,5193,28.1130513802,-26.1402928665,15.5146,b_sm_15_40,residential,residential_fallback,stage2_precision,False,018c2068a4b2b58b8185d66bc609c79da4e388a5020ba717abf8eb66fb7883f8
jhb_full382_unified_a_merge01_c0925_fpcut_2026_06_01_t00011006,jhb_full382_unified_a_merge01_c0925_fpcut_2026_06_01_c0009980,JNB0074,johannesburg,11005,28.0361094236,-26.1604107762,16.7508,b_sm_15_40,residential,residential_fallback,stage2_precision,False,018d20d1a30b3a4c39aced3d8039e508c8ac747a9ad426de0f9f29c770ffca9e
jhb_full382_unified_a_merge01_c0925_fpcut_2026_06_01_t00034602,jhb_full382_unified_a_merge01_c0925_fpcut_2026_06_01_c0001874,JNB0329,johannesburg,34601,28.1212516518,-26.2593642231,34.5262,b_sm_15_40,residential,residential_fallback,stage2_precision,False,018ffb89c0396692d75cfae6270841c84be6b8f85916144117f2765e68084324
jhb_full382_unified_a_merge01_c0925_fpcut_2026_06_01_t00014429,jhb_full382_unified_a_merge01_c0925_fpcut_2026_06_01_c0010676,JNB0086,johannesburg,14428,28.1571488356,-26.1555473761,15.359,b_sm_15_40,residential,residential_fallback,stage2_precision,True,01c8aeb38e3c2688339e232653bc4efd572a140e4666d97594228ac59a42b341
jhb_full382_unified_a_merge01_c0925_fpcut_2026_06_01_t00016458,jhb_full382_unified_a_merge01_c0925_fpcut_2026_06_01_c0008678,JNB0095,johannesburg,16457,28.0692735694,-26.1682908979,16.5656,b_sm_15_40,residential,residential_fallback,stage2_precision,True,0ecd9c68800d58e3a68b1e600f57575e6ccffb340afa024b022328d1a85bdefb
jhb_full382_unified_a_merge01_c0925_fpcut_2026_06_01_t00023955,jhb_full382_unified_a_merge01_c0925_fpcut_2026_06_01_c0006295,JNB0144,johannesburg,23954,28.1242806072,-26.1839396689,21.2113,b_sm_15_40,residential,residential_fallback,stage2_precision,True,15eab2e031f546e16a10c19eb1a3e1c56df3e25f8794061fc83454e52de7fd1f
jhb_full382_unified_a_merge01_c0925_fpcut_2026_06_01_t00002828,jhb_full382_unified_a_merge01_c0925_fpcut_2026_06_01_c0013759,JNB0045,johannesburg,2827,28.0397895804,-26.1358438599,15.2961,b_sm_15_40,residential,residential_fallback,stage2_precision,True,25ac020bd62da60be1928c23789b66c7ea56a7790140fef327bf355e34d2c44a
jhb_full382_unified_a_merge01_c0925_fpcut_2026_06_01_t00004733,jhb_full382_unified_a_merge01_c0925_fpcut_2026_06_01_c0013149,JNB0052,johannesburg,4732,28.1014382691,-26.1407215660,17.709,b_sm_15_40,residential,residential_fallback,stage2_precision,True,2e05342dcd8c5f22abbb2f76020f30b7336dcc9e91f45262da8c81524b92c6d9
jhb_full382_unified_a_merge01_c0925_fpcut_2026_06_01_t00004587,jhb_full382_unified_a_merge01_c0925_fpcut_2026_06_01_c0012767,JNB0051,johannesburg,4586,28.0987354558,-26.1429538366,20.1889,b_sm_15_40,residential,residential_fallback,stage2_precision,True,30421c0ee8d4dda2b6f0ff7feab9dd1cbbd5ee03313be1552368cbb83091fb37
jhb_full382_unified_a_merge01_c0925_fpcut_2026_06_01_t00040227,jhb_full382_unified_a_merge01_c0925_fpcut_2026_06_01_c0015410,JNB0020,johannesburg,40226,28.1370385312,-26.1145759306,20.6775,b_sm_15_40,residential,residential_fallback,stage2_precision,True,3c4e76a4bbf7c9176fccf557d25f3ef57036a72044350c8e3380cf706773ac12
jhb_full382_unified_a_merge01_c0925_fpcut_2026_06_01_t00006310,jhb_full382_unified_a_merge01_c0925_fpcut_2026_06_01_c0012062,JNB0059,johannesburg,6309,28.0308191242,-26.1478429693,15.2304,b_sm_15_40,residential,residential_fallback,stage2_precision,True,402a0c1865bea785492f8be4c5f7f3a5aee2d93739bd275cb5a3c5881cde70c0
jhb_full382_unified_a_merge01_c0925_fpcut_2026_06_01_t00003531,jhb_full382_unified_a_merge01_c0925_fpcut_2026_06_01_c0013218,JNB0047,johannesburg,3530,28.0565348320,-26.1397311933,31.9939,b_sm_15_40,residential,residential_fallback,stage2_precision,True,4f2b8f05a4e5c4c9a04ca6de19b583791421e0cedb589b1e67226727b1ada6f0
jhb_full382_unified_a_merge01_c0925_fpcut_2026_06_01_t00005419,jhb_full382_unified_a_merge01_c0925_fpcut_2026_06_01_c0013281,JNB0055,johannesburg,5418,28.1363041020,-26.1395071179,16.3464,b_sm_15_40,residential,residential_fallback,stage2_precision,True,63c9022cb3b22d93059a67e1bae567786a00357bc40f1ba7ea908ce202cafda7
jhb_full382_unified_a_merge01_c0925_fpcut_2026_06_01_t00036962,jhb_full382_unified_a_merge01_c0925_fpcut_2026_06_01_c0000542,JNB0358,johannesburg,36961,28.0429508845,-26.2776380381,22.0551,b_sm_15_40,residential,residential_fallback,stage2_precision,True,7d261582fccfd7a8bf38a7bbfd5cf8985a59554177df57a06e3e9637ca31952f
jhb_full382_unified_a_merge01_c0925_fpcut_2026_06_01_t00010376,jhb_full382_unified_a_merge01_c0925_fpcut_2026_06_01_c0010251,JNB0073,johannesburg,10375,28.0207095502,-26.1588005314,20.7367,b_sm_15_40,residential,residential_fallback,stage2_precision,True,7e1a7ba22dc09c84ac547e31363100467b500bc45200b52fcc262611e7883f80
jhb_full382_unified_a_merge01_c0925_fpcut_2026_06_01_t00020672,jhb_full382_unified_a_merge01_c0925_fpcut_2026_06_01_c0006911,JNB0119,johannesburg,20671,28.0963106905,-26.1789152875,20.5205,b_sm_15_40,residential,residential_fallback,stage2_precision,True,7eccdf866e887a8d12bf29a14d1cc69f1e0f678e082a888d0238870e165dc8f0
jhb_full382_unified_a_merge01_c0925_fpcut_2026_06_01_t00005610,jhb_full382_unified_a_merge01_c0925_fpcut_2026_06_01_c0013287,JNB0056,johannesburg,5609,28.1433054314,-26.1391406092,24.9735,b_sm_15_40,residential,residential_fallback,stage2_precision,True,84da6b5fe4e907ff68f9b85575f371f27a811e604ad5825221d329109792dc63
jhb_full382_unified_a_merge01_c0925_fpcut_2026_06_01_t00032598,jhb_full382_unified_a_merge01_c0925_fpcut_2026_06_01_c0002380,JNB0297,johannesburg,32597,27.9975827395,-26.2520166792,20.6367,b_sm_15_40,residential,residential_fallback,stage2_precision,True,982f4be7ef02f776b9759d6f6196f8176cbe2052998f223f44a58480dd02b07c
jhb_full382_unified_a_merge01_c0925_fpcut_2026_06_01_t00019219,jhb_full382_unified_a_merge01_c0925_fpcut_2026_06_01_c0007740,JNB0111,johannesburg,19218,28.0193940802,-26.1738249810,18.5559,b_sm_15_40,residential,residential_fallback,stage2_precision,True,9a08c926fede92e2e2646e075e02b1e42a54f07275f1ca4ad9359ee643f18a86
jhb_full382_unified_a_merge01_c0925_fpcut_2026_06_01_t00033944,jhb_full382_unified_a_merge01_c0925_fpcut_2026_06_01_c0002313,JNB0318,johannesburg,33943,28.0075143468,-26.2530715215,23.8617,b_sm_15_40,residential,residential_fallback,stage2_precision,True,9e4c8f3dc7ac9d85841a67fa40ccc6b40d4ffa7e2029dd46643d5ce825760362
jhb_full382_unified_a_merge01_c0925_fpcut_2026_06_01_t00004466,jhb_full382_unified_a_merge01_c0925_fpcut_2026_06_01_c0013139,JNB0051,johannesburg,4465,28.0977225401,-26.1403397500,16.8956,b_sm_15_40,residential,residential_fallback,stage2_precision,True,b5b36103c4ba6a5056e3d2fb29e8ee8dadb1c66f350455cdf940a138197d78b6
jhb_full382_unified_a_merge01_c0925_fpcut_2026_06_01_t00016559,jhb_full382_unified_a_merge01_c0925_fpcut_2026_06_01_c0009281,JNB0096,johannesburg,16558,28.0737816850,-26.1636224922,38.1649,b_sm_15_40,residential,residential_fallback,stage2_precision,True,f11329c481b4496bd696d93375b53defe63eb94defcbed76f92c36dcf6dcd887
jhb_full382_unified_a_merge01_c0925_fpcut_2026_06_01_t00028475,jhb_full382_unified_a_merge01_c0925_fpcut_2026_06_01_c0004316,JNB0205,johannesburg,28474,28.0191423753,-26.2099648453,49.4328,c_md_40_100,cbd,cbd25_spatial_crosswalk,stage2_precision,False,00a71f0762b6899496ca05b0b3d7844ca0157af5febe8f540f51cbcba945416e
jhb_full382_unified_a_merge01_c0925_fpcut_2026_06_01_t00023073,jhb_full382_unified_a_merge01_c0925_fpcut_2026_06_01_c0006349,JNB0134,johannesburg,23072,28.0262167772,-26.1839645805,40.1248,c_md_40_100,cbd,cbd25_spatial_crosswalk,stage2_precision,False,01268061a9a4c59fe189cb8ecb3bfec8bfb0b6cafd794be5d5d758507e7649e2
jhb_full382_unified_a_merge01_c0925_fpcut_2026_06_01_t00027809,jhb_full382_unified_a_merge01_c0925_fpcut_2026_06_01_c0005040,JNB0185,johannesburg,27808,28.0550338917,-26.1979854194,46.6083,c_md_40_100,cbd,cbd25_spatial_crosswalk,stage2_precision,False,01d60fbaa3c5a366de14c6d3ac26e2e5e69bd7576b6ff5f4589d58eb17fb86fa
jhb_full382_unified_a_merge01_c0925_fpcut_2026_06_01_t00028576,jhb_full382_unified_a_merge01_c0925_fpcut_2026_06_01_c0004161,JNB0207,johannesburg,28575,28.0345874697,-26.2132785692,69.2865,c_md_40_100,cbd,cbd25_spatial_crosswalk,stage2_precision,False,02622704352109de1bdfb8f92e5135e929e80ad383d7cd8ce25ad6389db90f37
jhb_full382_unified_a_merge01_c0925_fpcut_2026_06_01_t00028616,jhb_full382_unified_a_merge01_c0925_fpcut_2026_06_01_c0004414,JNB0207,johannesburg,28615,28.0393198163,-26.2075270520,59.9091,c_md_40_100,cbd,cbd25_spatial_crosswalk,stage2_precision,False,04223a656eb283a0406ce356fb6f34db8a0b39b0421a39fc17144900b6ad2022
jhb_full382_unified_a_merge01_c0925_fpcut_2026_06_01_t00023411,jhb_full382_unified_a_merge01_c0925_fpcut_2026_06_01_c0005937,JNB0136,johannesburg,23410,28.0502988471,-26.1875510183,46.152,c_md_40_100,cbd,cbd25_spatial_crosswalk,stage2_precision,False,05f8b3eea13dc3cda27383670477a82a81611c9c2368abfe8ba88470eca820bb
jhb_full382_unified_a_merge01_c0925_fpcut_2026_06_01_t00025337,jhb_full382_unified_a_merge01_c0925_fpcut_2026_06_01_c0005355,JNB0158,johannesburg,25336,28.0282800951,-26.1939224975,42.7884,c_md_40_100,cbd,cbd25_spatial_crosswalk,stage2_precision,False,06b06de9dab6a211c78e14708db1ed44f5f1bd72c295721865fe5132191f7310
jhb_full382_unified_a_merge01_c0925_fpcut_2026_06_01_t00027654,jhb_full382_unified_a_merge01_c0925_fpcut_2026_06_01_c0004669,JNB0183,johannesburg,27653,28.0398069191,-26.2023328686,72.8983,c_md_40_100,cbd,cbd25_spatial_crosswalk,stage2_precision,False,07d562e5dac30495f0466b828f921bc51ea31b96eec274b3836f11edd437ae75
jhb_full382_unified_a_merge01_c0925_fpcut_2026_06_01_t00029623,jhb_full382_unified_a_merge01_c0925_fpcut_2026_06_01_c0004018,JNB0233,johannesburg,29622,28.0568544475,-26.2175473205,92.4359,c_md_40_100,cbd,cbd25_spatial_crosswalk,stage2_precision,False,0860f71046b604178f11e8976b873f06f5ae890bb12b3ff3496fbb0e21648915
jhb_full382_unified_a_merge01_c0925_fpcut_2026_06_01_t00029432,jhb_full382_unified_a_merge01_c0925_fpcut_2026_06_01_c0004045,JNB0231,johannesburg,29431,28.0342954939,-26.2163610032,87.3033,c_md_40_100,cbd,cbd25_spatial_crosswalk,stage2_precision,False,0888816f5d42cd232b42621918413bc4f3c3d13131779523463731588e50bddc
jhb_full382_unified_a_merge01_c0925_fpcut_2026_06_01_t00025345,jhb_full382_unified_a_merge01_c0925_fpcut_2026_06_01_c0005754,JNB0159,johannesburg,25344,28.0327794629,-26.1899760845,47.3867,c_md_40_100,cbd,cbd25_spatial_crosswalk,stage2_precision,False,0a7e4b87ea008bc44c63f5096627f1bc8793e11c3097256a7e8b0307bbcc7ec1
jhb_full382_unified_a_merge01_c0925_fpcut_2026_06_01_t00028575,jhb_full382_unified_a_merge01_c0925_fpcut_2026_06_01_c0004140,JNB0207,johannesburg,28574,28.0344432484,-26.2132867331,68.6794,c_md_40_100,cbd,cbd25_spatial_crosswalk,stage2_precision,False,0aec41ff3d5f74ca13fc9873bd911f12b543a3a24d96fefaccab1191d1044e13
jhb_full382_unified_a_merge01_c0925_fpcut_2026_06_01_t00023399,jhb_full382_unified_a_merge01_c0925_fpcut_2026_06_01_c0006571,JNB0136,johannesburg,23398,28.0463659378,-26.1818905693,53.9995,c_md_40_100,cbd,cbd25_spatial_crosswalk,stage2_precision,False,0b18d803a9f44d074ff380ae74d804a03a33814f65db5d6609db8568d44acec8
jhb_full382_unified_a_merge01_c0925_fpcut_2026_06_01_t00022884,jhb_full382_unified_a_merge01_c0925_fpcut_2026_06_01_c0006236,JNB0133,johannesburg,22883,28.0193484696,-26.1843044378,57.0201,c_md_40_100,cbd,cbd25_spatial_crosswalk,stage2_precision,False,0ea9cf987607455571876a2851382e1ffc5e17ddfb09c12828f39291995047f3
jhb_full382_unified_a_merge01_c0925_fpcut_2026_06_01_t00029323,jhb_full382_unified_a_merge01_c0925_fpcut_2026_06_01_c0003976,JNB0229,johannesburg,29322,28.0121957057,-26.2187991281,55.1832,c_md_40_100,cbd,cbd25_spatial_crosswalk,stage2_precision,False,0ecc8f375d3ce2615290036cfdcaa99abbe65f6804d7948cb1f3ef9f178b39f0
jhb_full382_unified_a_merge01_c0925_fpcut_2026_06_01_t00028470,jhb_full382_unified_a_merge01_c0925_fpcut_2026_06_01_c0004319,JNB0205,johannesburg,28469,28.0194486124,-26.2098623899,43.7767,c_md_40_100,cbd,cbd25_spatial_crosswalk,stage2_precision,False,0f7929da9da37b51e97e72c77f9f70ad8e5df6f329cf2e7a08ed76585ccf5bfb
jhb_full382_unified_a_merge01_c0925_fpcut_2026_06_01_t00025258,jhb_full382_unified_a_merge01_c0925_fpcut_2026_06_01_c0005751,JNB0158,johannesburg,25257,28.0254574812,-26.1898580592,44.7697,c_md_40_100,cbd,cbd25_spatial_crosswalk,stage2_precision,False,1164404c42be562607c06c7657bd25f5193bf5ea350833a6c85e040778822760
jhb_full382_unified_a_merge01_c0925_fpcut_2026_06_01_t00022986,jhb_full382_unified_a_merge01_c0925_fpcut_2026_06_01_c0006340,JNB0134,johannesburg,22985,28.0227637519,-26.1834752262,88.754,c_md_40_100,cbd,cbd25_spatial_crosswalk,stage2_precision,False,11c812bc1476af1d5d0b6908753a453d0a46b56c51628aa968b7bde4e3dfb70b
jhb_full382_unified_a_merge01_c0925_fpcut_2026_06_01_t00025470,jhb_full382_unified_a_merge01_c0925_fpcut_2026_06_01_c0005510,JNB0161,johannesburg,25469,28.0537955911,-26.1922719773,91.1982,c_md_40_100,cbd,cbd25_spatial_crosswalk,stage2_precision,False,15d1a11ca7a749d5285b543400c96b02bc82516cb734af5dc56951332901bd02
jhb_full382_unified_a_merge01_c0925_fpcut_2026_06_01_t00025399,jhb_full382_unified_a_merge01_c0925_fpcut_2026_06_01_c0005360,JNB0159,johannesburg,25398,28.0332056986,-26.1936591519,66.5141,c_md_40_100,cbd,cbd25_spatial_crosswalk,stage2_precision,False,160b1de4ffa7fed91585045aa82064cda45febed97797339e73ae15da53fdebf
jhb_full382_unified_a_merge01_c0925_fpcut_2026_06_01_t00023354,jhb_full382_unified_a_merge01_c0925_fpcut_2026_06_01_c0006463,JNB0135,johannesburg,23353,28.0380017133,-26.1831318587,59.514,c_md_40_100,cbd,cbd25_spatial_crosswalk,stage2_precision,False,16a43418a0be6cc2e94b726971dcedc9bb7c9000a0bd868bec90d23f7cde92dd
jhb_full382_unified_a_merge01_c0925_fpcut_2026_06_01_t00023351,jhb_full382_unified_a_merge01_c0925_fpcut_2026_06_01_c0006462,JNB0135,johannesburg,23350,28.0382990360,-26.1829537762,94.7404,c_md_40_100,cbd,cbd25_spatial_crosswalk,stage2_precision,True,18db7869d8a7543567d45f1a44a3af876ce52d022f5e559150d2df7367a9ce86
jhb_full382_unified_a_merge01_c0925_fpcut_2026_06_01_t00022893,jhb_full382_unified_a_merge01_c0925_fpcut_2026_06_01_c0006238,JNB0133,johannesburg,22892,28.0191738547,-26.1845311424,84.2012,c_md_40_100,cbd,cbd25_spatial_crosswalk,stage2_precision,False,190ad6e95eabeb2bf1c02c53a3ff3da1e0a88e305c3fd7443c9a46374c0897d1
jhb_full382_unified_a_merge01_c0925_fpcut_2026_06_01_t00027483,jhb_full382_unified_a_merge01_c0925_fpcut_2026_06_01_c0004792,JNB0182,johannesburg,27482,28.0304710527,-26.2005739293,62.6485,c_md_40_100,cbd,cbd25_spatial_crosswalk,stage2_precision,False,19717122aeb11e39897bfafd16305f04ce1a2b0f1b38f82d2692febdc9985c08
jhb_full382_unified_a_merge01_c0925_fpcut_2026_06_01_t00028490,jhb_full382_unified_a_merge01_c0925_fpcut_2026_06_01_c0004324,JNB0205,johannesburg,28489,28.0196662425,-26.2100714190,99.7896,c_md_40_100,cbd,cbd25_spatial_crosswalk,stage2_precision,False,1a3d4b1f1dc47a14449a8c860f87041125b3e123155d4225dbd7b2102f5732c0
jhb_full382_unified_a_merge01_c0925_fpcut_2026_06_01_t00028784,jhb_full382_unified_a_merge01_c0925_fpcut_2026_06_01_c0004182,JNB0208,johannesburg,28783,28.0481182524,-26.2123947597,65.1453,c_md_40_100,cbd,cbd25_spatial_crosswalk,stage2_precision,False,1b34998364c7e88976986bb93045282d686d15c644ccf33412e663d4f1b8ed9a
jhb_full382_unified_a_merge01_c0925_fpcut_2026_06_01_t00028787,jhb_full382_unified_a_merge01_c0925_fpcut_2026_06_01_c0004182,JNB0208,johannesburg,28786,28.0482406495,-26.2122595711,53.7172,c_md_40_100,cbd,cbd25_spatial_crosswalk,stage2_precision,False,1bc1c02a3a821aed028f491c7cac024812d174d13f08e68d5f60c6e7806e97b3
jhb_full382_unified_a_merge01_c0925_fpcut_2026_06_01_t00029445,jhb_full382_unified_a_merge01_c0925_fpcut_2026_06_01_c0004047,JNB0231,johannesburg,29444,28.0342305651,-26.2166439156,57.0339,c_md_40_100,cbd,cbd25_spatial_crosswalk,stage2_precision,False,1dc5428b31b85c09b4c5ccee54051c63e4487c493b09740e18793b4606aa6271
jhb_full382_unified_a_merge01_c0925_fpcut_2026_06_01_t00027530,jhb_full382_unified_a_merge01_c0925_fpcut_2026_06_01_c0004893,JNB0183,johannesburg,27529,28.0319770816,-26.2000184081,55.7327,c_md_40_100,cbd,cbd25_spatial_crosswalk,stage2_precision,False,1f18c975b43e23b7a798fc19af8f439e16eb7aec920ca248fbf2a1e8b6483d81
jhb_full382_unified_a_merge01_c0925_fpcut_2026_06_01_t00029625,jhb_full382_unified_a_merge01_c0925_fpcut_2026_06_01_c0004019,JNB0233,johannesburg,29624,28.0570986163,-26.2175585535,91.9181,c_md_40_100,cbd,cbd25_spatial_crosswalk,stage2_precision,False,1f5e4c2bc40be8e8a83d6046748bfc8a89fe5bd54ba4dc033f68025d3b5e9e65
jhb_full382_unified_a_merge01_c0925_fpcut_2026_06_01_t00022966,jhb_full382_unified_a_merge01_c0925_fpcut_2026_06_01_c0006556,JNB0134,johannesburg,22965,28.0250840831,-26.1819067500,59.0057,c_md_40_100,cbd,cbd25_spatial_crosswalk,stage2_precision,False,20d338715ed890c294081def189d1c7058beab668a2ff62d0f0dd774581234c1
jhb_full382_unified_a_merge01_c0925_fpcut_2026_06_01_t00027713,jhb_full382_unified_a_merge01_c0925_fpcut_2026_06_01_c0005035,JNB0184,johannesburg,27712,28.0471630672,-26.1985317906,50.1084,c_md_40_100,cbd,cbd25_spatial_crosswalk,stage2_precision,False,2264e3f89605f103fc9b7ec826015d2609c6d9cd7bc3c96b2ba87c3dbfd4ff4e
jhb_full382_unified_a_merge01_c0925_fpcut_2026_06_01_t00023167,jhb_full382_unified_a_merge01_c0925_fpcut_2026_06_01_c0006364,JNB0135,johannesburg,23166,28.0347652165,-26.1833693624,62.6312,c_md_40_100,cbd,cbd25_spatial_crosswalk,stage2_precision,False,22a20116ee77d7de201edc8b19d28d137d070f5893a65612c081ef59694fceea
jhb_full382_unified_a_merge01_c0925_fpcut_2026_06_01_t00025311,jhb_full382_unified_a_merge01_c0925_fpcut_2026_06_01_c0005427,JNB0158,johannesburg,25310,28.0281242877,-26.1929126791,49.4384,c_md_40_100,cbd,cbd25_spatial_crosswalk,stage2_precision,False,234fecabcc1cd65d6fb6eb3747bf2c777f79957358421e11facd8a5ef0ef41ae
jhb_full382_unified_a_merge01_c0925_fpcut_2026_06_01_t00025359,jhb_full382_unified_a_merge01_c0925_fpcut_2026_06_01_c0005667,JNB0159,johannesburg,25358,28.0349182717,-26.1904503652,97.8363,c_md_40_100,cbd,cbd25_spatial_crosswalk,stage2_precision,False,24791ec622597755f3d616bcd0e84b887f42ccf1572980deedccd6abd158e838
jhb_full382_unified_a_merge01_c0925_fpcut_2026_06_01_t00022868,jhb_full382_unified_a_merge01_c0925_fpcut_2026_06_01_c0006771,JNB0133,johannesburg,22867,28.0192593833,-26.1798753943,86.4277,c_md_40_100,cbd,cbd25_spatial_crosswalk,stage2_precision,False,2479f782044b68dfb1fac784d978876fb37e67e440f166d7b00f1c29f5063359
jhb_full382_unified_a_merge01_c0925_fpcut_2026_06_01_t00029344,jhb_full382_unified_a_merge01_c0925_fpcut_2026_06_01_c0003957,JNB0229,johannesburg,29343,28.0159949416,-26.2195206849,53.3705,c_md_40_100,cbd,cbd25_spatial_crosswalk,stage2_precision,False,24f73f8a569e8e93b949cc290573713c886e3cd9e7ceec6c2c9e9add97006cda
jhb_full382_unified_a_merge01_c0925_fpcut_2026_06_01_t00027617,jhb_full382_unified_a_merge01_c0925_fpcut_2026_06_01_c0004531,JNB0183,johannesburg,27616,28.0346045567,-26.2053220528,57.6387,c_md_40_100,cbd,cbd25_spatial_crosswalk,stage2_precision,False,25f816be6e7480cfd88302f2368416ec38a892a525c0788ee888761ee161df2a
jhb_full382_unified_a_merge01_c0925_fpcut_2026_06_01_t00025350,jhb_full382_unified_a_merge01_c0925_fpcut_2026_06_01_c0005753,JNB0159,johannesburg,25349,28.0330900870,-26.1899284862,47.4582,c_md_40_100,cbd,cbd25_spatial_crosswalk,stage2_precision,False,2640d91fbde7f9793d685821f21cc6ebd113663295e470519db853aca1677d8f
jhb_full382_unified_a_merge01_c0925_fpcut_2026_06_01_t00028806,jhb_full382_unified_a_merge01_c0925_fpcut_2026_06_01_c0004381,JNB0209,johannesburg,28805,28.0514161539,-26.2088320457,60.9483,c_md_40_100,cbd,cbd25_spatial_crosswalk,stage2_precision,False,2676bee1d746616beeaa1fb0983ea827908bdeb6c343baa14f64198ccb647201
jhb_full382_unified_a_merge01_c0925_fpcut_2026_06_01_t00022902,jhb_full382_unified_a_merge01_c0925_fpcut_2026_06_01_c0006239,JNB0133,johannesburg,22901,28.0196701193,-26.1845582672,91.9187,c_md_40_100,cbd,cbd25_spatial_crosswalk,stage2_precision,False,26d799f95f2478915c35af2c5ffa568d413f9b4f266e5b4536d3e7d382ad8399
jhb_full382_unified_a_merge01_c0925_fpcut_2026_06_01_t00023002,jhb_full382_unified_a_merge01_c0925_fpcut_2026_06_01_c0006347,JNB0134,johannesburg,23001,28.0256885239,-26.1838250770,54.4437,c_md_40_100,cbd,cbd25_spatial_crosswalk,stage2_precision,False,28f8ad1baabd40edb9bb36f78bdedbc3d52cc54aefd1d0d782a813cba916d73d
jhb_full382_unified_a_merge01_c0925_fpcut_2026_06_01_t00028693,jhb_full382_unified_a_merge01_c0925_fpcut_2026_06_01_c0004164,JNB0207,johannesburg,28692,28.0400606972,-26.2134465144,67.1571,c_md_40_100,cbd,cbd25_spatial_crosswalk,stage2_precision,False,2959581eb85e80fa906381e491be2e2d940b4db9f6e5b3e79549d9dd644a15a6
jhb_full382_unified_a_merge01_c0925_fpcut_2026_06_01_t00028482,jhb_full382_unified_a_merge01_c0925_fpcut_2026_06_01_c0004319,JNB0205,johannesburg,28481,28.0193868623,-26.2099325760,53.5266,c_md_40_100,cbd,cbd25_spatial_crosswalk,stage2_precision,False,29a00776702eb8088315df6459b7d2070d6a2f01352b317dd56d5450d8be0aeb
jhb_full382_unified_a_merge01_c0925_fpcut_2026_06_01_t00028563,jhb_full382_unified_a_merge01_c0925_fpcut_2026_06_01_c0004413,JNB0207,johannesburg,28562,28.0311135834,-26.2081788910,44.9211,c_md_40_100,cbd,cbd25_spatial_crosswalk,stage2_precision,False,2a599e51664b57444d6b23384499ab794b9895b636b4ba5b89a202cc299d04ed
jhb_full382_unified_a_merge01_c0925_fpcut_2026_06_01_t00028618,jhb_full382_unified_a_merge01_c0925_fpcut_2026_06_01_c0004414,JNB0207,johannesburg,28617,28.0396602766,-26.2076615664,47.6003,c_md_40_100,cbd,cbd25_spatial_crosswalk,stage2_precision,False,2bedc460f7efbbcc641798f5fa78d4b9d7ed17292ffe378833c2f5a8dbd7dfd8
jhb_full382_unified_a_merge01_c0925_fpcut_2026_06_01_t00025248,jhb_full382_unified_a_merge01_c0925_fpcut_2026_06_01_c0005851,JNB0157,johannesburg,25247,28.0199438146,-26.1888872301,83.7171,c_md_40_100,cbd,cbd25_spatial_crosswalk,stage2_precision,False,2c6224527a855bd4b1c4bad860d1a3ac73c7e289e135a1c727055c7b84d61b66
jhb_full382_unified_a_merge01_c0925_fpcut_2026_06_01_t00022852,jhb_full382_unified_a_merge01_c0925_fpcut_2026_06_01_c0005848,JNB0133,johannesburg,22851,28.0123920695,-26.1887119621,50.0311,c_md_40_100,cbd,cbd25_spatial_crosswalk,stage2_precision,False,2c740fbd8cbf0d6128c2b90ee925789794d404305a47c9a5dfaa723bc5a871cb
jhb_full382_unified_a_merge01_c0925_fpcut_2026_06_01_t00027507,jhb_full382_unified_a_merge01_c0925_fpcut_2026_06_01_c0004797,JNB0182,johannesburg,27506,28.0305240747,-26.2013287688,69.2334,c_md_40_100,cbd,cbd25_spatial_crosswalk,stage2_precision,False,2c83f59039fc0d5afa0c441cf5c67f61036f3fe605ce7bc2fb8d5e4dc53f236c
jhb_full382_unified_a_merge01_c0925_fpcut_2026_06_01_t00027741,jhb_full382_unified_a_merge01_c0925_fpcut_2026_06_01_c0004623,JNB0184,johannesburg,27740,28.0461664643,-26.2037262792,58.7032,c_md_40_100,cbd,cbd25_spatial_crosswalk,stage2_precision,False,2ff9c6a216b9a8dd40fc8a9c122effbb5f2d39a03502f8dcd5fdee52cc23ea63
jhb_full382_unified_a_merge01_c0925_fpcut_2026_06_01_t00028699,jhb_full382_unified_a_merge01_c0925_fpcut_2026_06_01_c0004125,JNB0207,johannesburg,28698,28.0408464141,-26.2141729401,43.1847,c_md_40_100,cbd,cbd25_spatial_crosswalk,stage2_precision,False,302c0c436f48b11a17a3299048218c330e82fac07e53f611ca48830dd1a46932
jhb_full382_unified_a_merge01_c0925_fpcut_2026_06_01_t00029335,jhb_full382_unified_a_merge01_c0925_fpcut_2026_06_01_c0003955,JNB0229,johannesburg,29334,28.0160336758,-26.2190010747,64.9584,c_md_40_100,cbd,cbd25_spatial_crosswalk,stage2_precision,False,304e80f44648a14a62558b68aaaab2a703c59467083ef5eb85e0aa1d87faa0c2
jhb_full382_unified_a_merge01_c0925_fpcut_2026_06_01_t00027708,jhb_full382_unified_a_merge01_c0925_fpcut_2026_06_01_c0005033,JNB0184,johannesburg,27707,28.0475688896,-26.1984620776,45.5629,c_md_40_100,cbd,cbd25_spatial_crosswalk,stage2_precision,False,30f521cc505a11568dd89c856fa288af982c5cd4988a8c55b649b4fdf4cd1d4e
jhb_full382_unified_a_merge01_c0925_fpcut_2026_06_01_t00027503,jhb_full382_unified_a_merge01_c0925_fpcut_2026_06_01_c0004796,JNB0182,johannesburg,27502,28.0306803607,-26.2009460607,76.9583,c_md_40_100,cbd,cbd25_spatial_crosswalk,stage2_precision,False,3270a15ef7a536fd54f12c0f20180bf3a306d4097b26998c5e12b02c20ccc630
jhb_full382_unified_a_merge01_c0925_fpcut_2026_06_01_t00028718,jhb_full382_unified_a_merge01_c0925_fpcut_2026_06_01_c0004127,JNB0207,johannesburg,28717,28.0407995420,-26.2148802763,79.3332,c_md_40_100,cbd,cbd25_spatial_crosswalk,stage2_precision,False,32a1ec31803ed58af3eda71e515363047dbf4be521e19b08064663b7ba3d9271
jhb_full382_unified_a_merge01_c0925_fpcut_2026_06_01_t00029390,jhb_full382_unified_a_merge01_c0925_fpcut_2026_06_01_c0003829,JNB0230,johannesburg,29389,28.0242938450,-26.2244075074,75.1242,c_md_40_100,cbd,cbd25_spatial_crosswalk,stage2_precision,False,33f05a02e2962060ccfcd432d4a032584d9612cd7a40e267ac3c3de2c587bc4e
jhb_full382_unified_a_merge01_c0925_fpcut_2026_06_01_t00025347,jhb_full382_unified_a_merge01_c0925_fpcut_2026_06_01_c0005753,JNB0159,johannesburg,25346,28.0329869031,-26.1899447084,45.913,c_md_40_100,cbd,cbd25_spatial_crosswalk,stage2_precision,False,3491f9d1b0b7307b35ad7833629c268db8984adc4bf5c33f21fb35f178c90e4b
jhb_full382_unified_a_merge01_c0925_fpcut_2026_06_01_t00027721,jhb_full382_unified_a_merge01_c0925_fpcut_2026_06_01_c0004905,JNB0184,johannesburg,27720,28.0480761777,-26.2003003189,82.7957,c_md_40_100,cbd,cbd25_spatial_crosswalk,stage2_precision,False,371076857928032db0e7531d2d73275807d9ea8e8c555dd3a593217ea96ae3cf
jhb_full382_unified_a_merge01_c0925_fpcut_2026_06_01_t00027685,jhb_full382_unified_a_merge01_c0925_fpcut_2026_06_01_c0004585,JNB0184,johannesburg,27684,28.0434071801,-26.2042918642,77.459,c_md_40_100,cbd,cbd25_spatial_crosswalk,stage2_precision,False,39126149d5eef86c190afac49d80ebaaf843ff0de2545972c3d88e595914d45b
jhb_full382_unified_a_merge01_c0925_fpcut_2026_06_01_t00025288,jhb_full382_unified_a_merge01_c0925_fpcut_2026_06_01_c0005502,JNB0158,johannesburg,25287,28.0299381845,-26.1920266954,73.4064,c_md_40_100,cbd,cbd25_spatial_crosswalk,stage2_precision,False,3af99b11ed7984bd50391ab7bc37fd672e0324f125671dd3b5d1e2137821dde7
jhb_full382_unified_a_merge01_c0925_fpcut_2026_06_01_t00029525,jhb_full382_unified_a_merge01_c0925_fpcut_2026_06_01_c0004066,JNB0231,johannesburg,29524,28.0370923359,-26.2167006043,59.2524,c_md_40_100,cbd,cbd25_spatial_crosswalk,stage2_precision,False,3b07ddc94ec3747004abfe824df10944de4763d98f5f2609bd90158002ac9ccc
jhb_full382_unified_a_merge01_c0925_fpcut_2026_06_01_t00025331,jhb_full382_unified_a_merge01_c0925_fpcut_2026_06_01_c0005356,JNB0158,johannesburg,25330,28.0292349181,-26.1936369513,49.8353,c_md_40_100,cbd,cbd25_spatial_crosswalk,stage2_precision,False,3b3863b11732afaaa03cb2adb5882e714eaa001ea5ff866fa919454fb1c9f380
jhb_full382_unified_a_merge01_c0925_fpcut_2026_06_01_t00028457,jhb_full382_unified_a_merge01_c0925_fpcut_2026_06_01_c0004317,JNB0205,johannesburg,28456,28.0194083644,-26.2096234438,83.5447,c_md_40_100,cbd,cbd25_spatial_crosswalk,stage2_precision,False,3cfa1a7323ad9897923f1056d76912fb5c8ec63b16b9e6fcedcd0a1b1ecff116
jhb_full382_unified_a_merge01_c0925_fpcut_2026_06_01_t00022853,jhb_full382_unified_a_merge01_c0925_fpcut_2026_06_01_c0005845,JNB0133,johannesburg,22852,28.0121888809,-26.1888818427,65.38,c_md_40_100,cbd,cbd25_spatial_crosswalk,stage2_precision,False,3d2b26790fe389d24ca0f682bc5b4cdadefc00d0100b902e917ca9233892574a
jhb_full382_unified_a_merge01_c0925_fpcut_2026_06_01_t00023004,jhb_full382_unified_a_merge01_c0925_fpcut_2026_06_01_c0006345,JNB0134,johannesburg,23003,28.0251841530,-26.1839123711,48.1373,c_md_40_100,cbd,cbd25_spatial_crosswalk,stage2_precision,False,3d88f31ade958d1e51cfcb1739a66eecc11e1f397e529c973a576defd93b6053
jhb_full382_unified_a_merge01_c0925_fpcut_2026_06_01_t00028480,jhb_full382_unified_a_merge01_c0925_fpcut_2026_06_01_c0004318,JNB0205,johannesburg,28479,28.0192760633,-26.2098774195,46.9374,c_md_40_100,cbd,cbd25_spatial_crosswalk,stage2_precision,True,5a8ef2f87ea8af113d5b11fced1a1151a2a7192502d360f72803600b863736c4
jhb_full382_unified_a_merge01_c0925_fpcut_2026_06_01_t00023349,jhb_full382_unified_a_merge01_c0925_fpcut_2026_06_01_c0006462,JNB0135,johannesburg,23348,28.0380827638,-26.1828774364,70.9973,c_md_40_100,cbd,cbd25_spatial_crosswalk,stage2_precision,True,99881b248a21b3bb721d8fe00b7e1605088688e79b19d478076f4f164c3eabf1
jhb_full382_unified_a_merge01_c0925_fpcut_2026_06_01_t00026997,jhb_full382_unified_a_merge01_c0925_fpcut_2026_06_01_c0004859,JNB0176,johannesburg,26996,27.9677621491,-26.2008531960,47.6042,c_md_40_100,industrial,osm_industrial_share_ge_0.03,stage2_precision,False,002d70af53fb023ddcef2dac1f059b9627c39522f5d3dc35a0fa4b584e977d56
jhb_full382_unified_a_merge01_c0925_fpcut_2026_06_01_t00033657,jhb_full382_unified_a_merge01_c0925_fpcut_2026_06_01_c0001922,JNB0315,johannesburg,33656,27.9760693690,-26.2584979233,53.2849,c_md_40_100,industrial,osm_industrial_share_ge_0.03,stage2_precision,False,0059bac0e2736d329d2c24f3950fe20b29fd4599a4d7e1372cbfa302c9fe02d2
jhb_full382_unified_a_merge01_c0925_fpcut_2026_06_01_t00032852,jhb_full382_unified_a_merge01_c0925_fpcut_2026_06_01_c0002528,JNB0300,johannesburg,32851,28.0258789950,-26.2504930274,91.12,c_md_40_100,industrial,osm_industrial_share_ge_0.03,stage2_precision,False,00bd75869857f03fd21bef6c5485d05d58234f2b76778d5f339e95c37394d865
jhb_full382_unified_a_merge01_c0925_fpcut_2026_06_01_t00026939,jhb_full382_unified_a_merge01_c0925_fpcut_2026_06_01_c0004697,JNB0176,johannesburg,26938,27.9655004305,-26.2021998337,97.0187,c_md_40_100,industrial,osm_industrial_share_ge_0.03,stage2_precision,False,00eb4ef5be8550eab17a9be859cd961b583d63222e2f57d9354070849ac899d5
jhb_full382_unified_a_merge01_c0925_fpcut_2026_06_01_t00030149,jhb_full382_unified_a_merge01_c0925_fpcut_2026_06_01_c0003794,JNB0254,johannesburg,30148,28.0286491042,-26.2265781327,56.4573,c_md_40_100,industrial,osm_industrial_share_ge_0.03,stage2_precision,False,00f137ed0e8f7106cbda69ffae766b30efb0dd0b0aedbe9a1e8ddc5029612d23
jhb_full382_unified_a_merge01_c0925_fpcut_2026_06_01_t00039614,jhb_full382_unified_a_merge01_c0925_fpcut_2026_06_01_c0015426,JNB0014,johannesburg,39613,28.0762490524,-26.1138387244,58.2347,c_md_40_100,industrial,osm_industrial_share_ge_0.03,stage2_precision,False,021c9f5a0b71b200470d4fb5163a577a657ab8f768657893c3c54949ab41c038
jhb_full382_unified_a_merge01_c0925_fpcut_2026_06_01_t00033035,jhb_full382_unified_a_merge01_c0925_fpcut_2026_06_01_c0002719,JNB0307,johannesburg,33034,28.0959213872,-26.2471976236,45.8297,c_md_40_100,industrial,osm_industrial_share_ge_0.03,stage2_precision,False,03790a4138b9cf31a35d91e8ace491ec23ebeed67e606e11492874f5fb838512
jhb_full382_unified_a_merge01_c0925_fpcut_2026_06_01_t00027034,jhb_full382_unified_a_merge01_c0925_fpcut_2026_06_01_c0004700,JNB0176,johannesburg,27033,27.9659545251,-26.2019742629,78.0439,c_md_40_100,industrial,osm_industrial_share_ge_0.03,stage2_precision,False,03b10c27e989ce74ade98cc9459e59c7696016db697322ceb08e68bee08c68d3
jhb_full382_unified_a_merge01_c0925_fpcut_2026_06_01_t00039655,jhb_full382_unified_a_merge01_c0925_fpcut_2026_06_01_c0015600,JNB0015,johannesburg,39654,28.0810660565,-26.1092203385,41.4156,c_md_40_100,industrial,osm_industrial_share_ge_0.03,stage2_precision,False,044089fcc594b348807a8e9d40a8d2a1f474103d5a5893caf5d07ab2d069e160
jhb_full382_unified_a_merge01_c0925_fpcut_2026_06_01_t00026847,jhb_full382_unified_a_merge01_c0925_fpcut_2026_06_01_c0004512,JNB0174,johannesburg,26846,27.9498651101,-26.2056635993,85.2083,c_md_40_100,industrial,coj_zoning_industrial_n3_purity_ge_0.70,stage2_precision,False,046122eab4d835c701e491e2579deddb9a1abb9ab51b98fc8c784a234147dab9
jhb_full382_unified_a_merge01_c0925_fpcut_2026_06_01_t00039727,jhb_full382_unified_a_merge01_c0925_fpcut_2026_06_01_c0015497,JNB0015,johannesburg,39726,28.0834924295,-26.1124436695,40.206,c_md_40_100,industrial,osm_industrial_share_ge_0.03,stage2_precision,True,04a6a319636259e8a8bb2dc4534108bacad3cda35e3c99d997578041bd948b2e
jhb_full382_unified_a_merge01_c0925_fpcut_2026_06_01_t00033091,jhb_full382_unified_a_merge01_c0925_fpcut_2026_06_01_c0002727,JNB0307,johannesburg,33090,28.0957772680,-26.2477453275,57.6525,c_md_40_100,industrial,osm_industrial_share_ge_0.03,stage2_precision,False,04edd40cc81cf9d272ce1fc775c167b47a4abbd7c62848f0b2d85c62e21d04cd
jhb_full382_unified_a_merge01_c0925_fpcut_2026_06_01_t00029835,jhb_full382_unified_a_merge01_c0925_fpcut_2026_06_01_c0004025,JNB0242,johannesburg,29834,28.1418574973,-26.2161594253,44.0739,c_md_40_100,industrial,osm_industrial_share_ge_0.03,stage2_precision,False,0605c9b9c5532be54b85abeaeef842e3d9e8dcbd7748d548c39c4ef460541386
jhb_full382_unified_a_merge01_c0925_fpcut_2026_06_01_t00026848,jhb_full382_unified_a_merge01_c0925_fpcut_2026_06_01_c0004512,JNB0174,johannesburg,26847,27.9499507546,-26.2056901005,50.5732,c_md_40_100,industrial,coj_zoning_industrial_n3_purity_ge_0.70,stage2_precision,False,069b35c82b1f640f818ed04df9baa385bddb6ebde163c1a04d246f24bfc2a144
jhb_full382_unified_a_merge01_c0925_fpcut_2026_06_01_t00026897,jhb_full382_unified_a_merge01_c0925_fpcut_2026_06_01_c0004770,JNB0176,johannesburg,26896,27.9622434336,-26.2009921234,67.2447,c_md_40_100,industrial,osm_industrial_share_ge_0.03,stage2_precision,False,06d17a6e31d85cfaa449697005a3c60558256dd63d9e9121aed1cfe92f5a6f11
jhb_full382_unified_a_merge01_c0925_fpcut_2026_06_01_t00032439,jhb_full382_unified_a_merge01_c0925_fpcut_2026_06_01_c0002508,JNB0295,johannesburg,32438,27.9767812768,-26.2511948172,57.7036,c_md_40_100,industrial,osm_industrial_share_ge_0.03,stage2_precision,False,080c7ef6389b1bb0ee23e6f458f52f5e603965a6a12e6dc73f6c1127442670d6
jhb_full382_unified_a_merge01_c0925_fpcut_2026_06_01_t00024939,jhb_full382_unified_a_merge01_c0925_fpcut_2026_06_01_c0005081,JNB0149,johannesburg,24938,27.9348711982,-26.1982857670,41.5644,c_md_40_100,industrial,osm_industrial_share_ge_0.03,stage2_precision,False,08159159016ec56c8ee286accf85535cf23cb7aa1be105f11c0f7bea14a7b184
jhb_full382_unified_a_merge01_c0925_fpcut_2026_06_01_t00032421,jhb_full382_unified_a_merge01_c0925_fpcut_2026_06_01_c0002506,JNB0295,johannesburg,32420,27.9767105027,-26.2509310406,46.917,c_md_40_100,industrial,osm_industrial_share_ge_0.03,stage2_precision,False,08ff90c480739191f76a407847ef3b79efe394b1bb2ea94ca55d74dff42bc972
jhb_full382_unified_a_merge01_c0925_fpcut_2026_06_01_t00022451,jhb_full382_unified_a_merge01_c0925_fpcut_2026_06_01_c0006217,JNB0127,johannesburg,22450,27.9517173828,-26.1850198670,52.757,c_md_40_100,industrial,osm_industrial_share_ge_0.03,stage2_precision,False,090c6351e13790b17b96c6884c051b709d3f9e7beb99c51eb659400e496c5553
jhb_full382_unified_a_merge01_c0925_fpcut_2026_06_01_t00029728,jhb_full382_unified_a_merge01_c0925_fpcut_2026_06_01_c0003895,JNB0240,johannesburg,29727,28.1214955808,-26.2221506340,73.4973,c_md_40_100,industrial,osm_industrial_share_ge_0.03,stage2_precision,False,0978224458b52618a848fecc107f46f142c1e6285d46e23350814eafa3539f39
jhb_full382_unified_a_merge01_c0925_fpcut_2026_06_01_t00029170,jhb_full382_unified_a_merge01_c0925_fpcut_2026_06_01_c0004423,JNB0216,johannesburg,29169,28.1306091039,-26.2071453609,40.3479,c_md_40_100,industrial,osm_industrial_share_ge_0.03,stage2_precision,False,0995d78e7b2a38577b318cf4e3bdc53bd84d846b84da6903959c8f9f7d07940b
jhb_full382_unified_a_merge01_c0925_fpcut_2026_06_01_t00033578,jhb_full382_unified_a_merge01_c0925_fpcut_2026_06_01_c0002365,JNB0315,johannesburg,33577,27.9760486310,-26.2528038043,44.1586,c_md_40_100,industrial,osm_industrial_share_ge_0.03,stage2_precision,False,0a009a2de0187478151b07384e9a74f2f5d35f02d5ba5a988bb47c094175dbeb
jhb_full382_unified_a_merge01_c0925_fpcut_2026_06_01_t00030222,jhb_full382_unified_a_merge01_c0925_fpcut_2026_06_01_c0003685,JNB0256,johannesburg,30221,28.0456269196,-26.2312927166,42.8598,c_md_40_100,industrial,coj_zoning_industrial_n3_purity_ge_0.70,stage2_precision,False,0a099179f2f307e81e7c8e97b2249a80d01d38ad819f6e96af620dc7d85ea76d
jhb_full382_unified_a_merge01_c0925_fpcut_2026_06_01_t00034088,jhb_full382_unified_a_merge01_c0925_fpcut_2026_06_01_c0002045,JNB0320,johannesburg,34087,28.0235556114,-26.2561778934,58.0747,c_md_40_100,industrial,osm_industrial_share_ge_0.03,stage2_precision,False,0aacc94bdd9cde63cc6ac77c9dbffdde7e60cd3c8b7cfb8a42249858ba2daee2
jhb_full382_unified_a_merge01_c0925_fpcut_2026_06_01_t00039733,jhb_full382_unified_a_merge01_c0925_fpcut_2026_06_01_c0015496,JNB0015,johannesburg,39732,28.0832134101,-26.1125578009,42.4239,c_md_40_100,industrial,osm_industrial_share_ge_0.03,stage2_precision,False,0b23417f1f5334ba5ac8bb5598a63d0ff4c8f5c1a79872564f087ebb9a4dd253
jhb_full382_unified_a_merge01_c0925_fpcut_2026_06_01_t00041349,jhb_full382_unified_a_merge01_c0925_fpcut_2026_06_01_c0014978,JNB0025,johannesburg,41348,28.0872529124,-26.1213829810,58.9251,c_md_40_100,industrial,osm_industrial_share_ge_0.03,stage2_precision,False,0b4b79b8735ba348a20749523d87c6d04b542498d570dc03c5bb1b6f337b7126
jhb_full382_unified_a_merge01_c0925_fpcut_2026_06_01_t00002440,jhb_full382_unified_a_merge01_c0925_fpcut_2026_06_01_c0014659,JNB0043,johannesburg,2439,28.1453865838,-26.1252844055,57.0945,c_md_40_100,industrial,osm_industrial_share_ge_0.03,stage2_precision,False,0c08bf3a4c387baf7c350f93ea1b7130ab0fb676d46e2df80b6dbce6def27b25
jhb_full382_unified_a_merge01_c0925_fpcut_2026_06_01_t00039777,jhb_full382_unified_a_merge01_c0925_fpcut_2026_06_01_c0015435,JNB0015,johannesburg,39776,28.0835295706,-26.1141050998,50.4495,c_md_40_100,industrial,osm_industrial_share_ge_0.03,stage2_precision,False,0c529dfba312cd2d05cfa25afff02524cee2e8e7bcc387859eb060157414c11b
jhb_full382_unified_a_merge01_c0925_fpcut_2026_06_01_t00039660,jhb_full382_unified_a_merge01_c0925_fpcut_2026_06_01_c0015567,JNB0015,johannesburg,39659,28.0820098637,-26.1101628383,52.6665,c_md_40_100,industrial,osm_industrial_share_ge_0.03,stage2_precision,False,0cb04d0e64e83f8acb05f48ff0c83785d6f0e752cbf57504f6fe6b1d4fa48dd0
jhb_full382_unified_a_merge01_c0925_fpcut_2026_06_01_t00034071,jhb_full382_unified_a_merge01_c0925_fpcut_2026_06_01_c0001943,JNB0319,johannesburg,34070,28.0195298162,-26.2578796067,47.3005,c_md_40_100,industrial,osm_industrial_share_ge_0.03,stage2_precision,False,0cba7dc2b8056d7a355e0fedf826b94744542479edd698813646e9f122b130d3
jhb_full382_unified_a_merge01_c0925_fpcut_2026_06_01_t00024890,jhb_full382_unified_a_merge01_c0925_fpcut_2026_06_01_c0005482,JNB0148,johannesburg,24889,27.9255923693,-26.1929973942,44.5731,c_md_40_100,industrial,osm_industrial_share_ge_0.03,stage2_precision,False,0cec9912c9839d8abc108188785e784384ecfdf30d6fed7620823667d7509d91
jhb_full382_unified_a_merge01_c0925_fpcut_2026_06_01_t00033248,jhb_full382_unified_a_merge01_c0925_fpcut_2026_06_01_c0002606,JNB0308,johannesburg,33247,28.1021711637,-26.2491841770,95.0117,c_md_40_100,industrial,osm_industrial_share_ge_0.03,stage2_precision,False,0d0531536879d3fa02b6b30232b4b0080ffc519bda863c3a9155e443b0c78512
jhb_full382_unified_a_merge01_c0925_fpcut_2026_06_01_t00030668,jhb_full382_unified_a_merge01_c0925_fpcut_2026_06_01_c0003667,JNB0264,johannesburg,30667,28.1312367266,-26.2310236271,94.6186,c_md_40_100,industrial,osm_industrial_share_ge_0.03,stage2_precision,False,0d7463b55ed12ce585cd5057d59cf9840e68eee0b83709b6d030710966e29dce
jhb_full382_unified_a_merge01_c0925_fpcut_2026_06_01_t00033027,jhb_full382_unified_a_merge01_c0925_fpcut_2026_06_01_c0002716,JNB0307,johannesburg,33026,28.0961199905,-26.2471900976,46.2313,c_md_40_100,industrial,osm_industrial_share_ge_0.03,stage2_precision,False,0efd422b295050f036a07b48987ad0258caa7d2ae11a12a397341597c8a13b65
jhb_full382_unified_a_merge01_c0925_fpcut_2026_06_01_t00034079,jhb_full382_unified_a_merge01_c0925_fpcut_2026_06_01_c0002108,JNB0320,johannesburg,34078,28.0238015427,-26.2556403421,40.9636,c_md_40_100,industrial,osm_industrial_share_ge_0.03,stage2_precision,False,0f3a5c71f3ba11a0f859a0f47c8239e09eaa8ed120032c436d5d04f8f6eb434c
jhb_full382_unified_a_merge01_c0925_fpcut_2026_06_01_t00032777,jhb_full382_unified_a_merge01_c0925_fpcut_2026_06_01_c0002454,JNB0299,johannesburg,32776,28.0150693386,-26.2511419861,68.7504,c_md_40_100,industrial,osm_industrial_share_ge_0.03,stage2_precision,False,10101543f9d35429ebc99de034cf80f073325797de49d3edd3402a90dd35afe6
jhb_full382_unified_a_merge01_c0925_fpcut_2026_06_01_t00039609,jhb_full382_unified_a_merge01_c0925_fpcut_2026_06_01_c0015426,JNB0014,johannesburg,39608,28.0763411728,-26.1135994016,92.5016,c_md_40_100,industrial,osm_industrial_share_ge_0.03,stage2_precision,False,104232604d58f11e1d8ac0c3774fdb73d0b996f524b58c44a9ed3f69ef9c9686
jhb_full382_unified_a_merge01_c0925_fpcut_2026_06_01_t00039757,jhb_full382_unified_a_merge01_c0925_fpcut_2026_06_01_c0015460,JNB0015,johannesburg,39756,28.0820609107,-26.1129052143,67.0139,c_md_40_100,industrial,osm_industrial_share_ge_0.03,stage2_precision,False,11b8f5f587592f850da0230dca0fdb862e8462cd50d4b3568bd92597ec323d06
jhb_full382_unified_a_merge01_c0925_fpcut_2026_06_01_t00029712,jhb_full382_unified_a_merge01_c0925_fpcut_2026_06_01_c0003874,JNB0239,johannesburg,29711,28.1204618169,-26.2232614054,96.0856,c_md_40_100,industrial,osm_industrial_share_ge_0.03,stage2_precision,False,11ce0507de16803c3ee3036551cb92db542149242ff34c903044c7a7f178c1b7
jhb_full382_unified_a_merge01_c0925_fpcut_2026_06_01_t00039808,jhb_full382_unified_a_merge01_c0925_fpcut_2026_06_01_c0015665,JNB0015,johannesburg,39807,28.0862173327,-26.1071986916,44.1139,c_md_40_100,industrial,osm_industrial_share_ge_0.03,stage2_precision,False,11db2c40c45a93bcafd996d2c1cc09c1de6126ed51d64af48ffc1a47850a3c83
jhb_full382_unified_a_merge01_c0925_fpcut_2026_06_01_t00033670,jhb_full382_unified_a_merge01_c0925_fpcut_2026_06_01_c0001924,JNB0315,johannesburg,33669,27.9762646119,-26.2588543570,87.0414,c_md_40_100,industrial,osm_industrial_share_ge_0.03,stage2_precision,False,12a435fab9f034d57a9caab0f21d8924d3cdc5aac2dd228ac201dacf7739b61e
jhb_full382_unified_a_merge01_c0925_fpcut_2026_06_01_t00033587,jhb_full382_unified_a_merge01_c0925_fpcut_2026_06_01_c0002289,JNB0315,johannesburg,33586,27.9759049861,-26.2529294428,54.258,c_md_40_100,industrial,osm_industrial_share_ge_0.03,stage2_precision,False,12f6e45bb3b056823a99b8f6bbf028dc1f7d109d305054a92937424a4f9ae768
jhb_full382_unified_a_merge01_c0925_fpcut_2026_06_01_t00032484,jhb_full382_unified_a_merge01_c0925_fpcut_2026_06_01_c0002440,JNB0295,johannesburg,32483,27.9780567374,-26.2519480413,41.1972,c_md_40_100,industrial,osm_industrial_share_ge_0.03,stage2_precision,False,134289718eb1de9f74256d7f1fd68726971ba8fa7536c1ce148cddc4f9403fd7
jhb_full382_unified_a_merge01_c0925_fpcut_2026_06_01_t00032049,jhb_full382_unified_a_merge01_c0925_fpcut_2026_06_01_c0003481,JNB0288,johannesburg,32048,28.1302049003,-26.2346908283,62.553,c_md_40_100,industrial,osm_industrial_share_ge_0.03,stage2_precision,False,13f46435ddec64ada83239c47e2e686993d6eb1dd83b329fc20932b8e22c7213
jhb_full382_unified_a_merge01_c0925_fpcut_2026_06_01_t00024916,jhb_full382_unified_a_merge01_c0925_fpcut_2026_06_01_c0005486,JNB0148,johannesburg,24915,27.9295443770,-26.1928702221,95.7822,c_md_40_100,industrial,osm_industrial_share_ge_0.03,stage2_precision,False,141a7e8f372facf84c3dc674557e6e93586817b8e55e01fff15d807c2aa9e30b
jhb_full382_unified_a_merge01_c0925_fpcut_2026_06_01_t00029125,jhb_full382_unified_a_merge01_c0925_fpcut_2026_06_01_c0004398,JNB0215,johannesburg,29124,28.1207234458,-26.2078913823,93.365,c_md_40_100,industrial,osm_industrial_share_ge_0.03,stage2_precision,False,16fa7350d6d4de86b9fb3314a7d6a8f7eadc9ba79c12a924a5c5ae5c78c7acb5
jhb_full382_unified_a_merge01_c0925_fpcut_2026_06_01_t00032429,jhb_full382_unified_a_merge01_c0925_fpcut_2026_06_01_c0002506,JNB0295,johannesburg,32428,27.9766676599,-26.2510552184,55.5847,c_md_40_100,industrial,osm_industrial_share_ge_0.03,stage2_precision,False,183c98580c0eccce13bf0dc2716167f6e536085324df201f5f7e52f57238ba15
jhb_full382_unified_a_merge01_c0925_fpcut_2026_06_01_t00034010,jhb_full382_unified_a_merge01_c0925_fpcut_2026_06_01_c0002237,JNB0319,johannesburg,34009,28.0151439822,-26.2536089792,79.1639,c_md_40_100,industrial,osm_industrial_share_ge_0.03,stage2_precision,False,188308311fae35debbaa67d17b1b6f7848683884b1c5c802bcb3c9a2d1f0e9a8
jhb_full382_unified_a_merge01_c0925_fpcut_2026_06_01_t00029206,jhb_full382_unified_a_merge01_c0925_fpcut_2026_06_01_c0003888,JNB0221,johannesburg,29205,27.9382292546,-26.2234278490,53.7443,c_md_40_100,industrial,coj_zoning_industrial_n3_purity_ge_0.70,stage2_precision,False,18ad42fce8e2c489e8f569f8d0d5154851a46470bed3ac4013f097e73d3a0f1d
jhb_full382_unified_a_merge01_c0925_fpcut_2026_06_01_t00034087,jhb_full382_unified_a_merge01_c0925_fpcut_2026_06_01_c0002046,JNB0320,johannesburg,34086,28.0238279171,-26.2559132068,61.5544,c_md_40_100,industrial,osm_industrial_share_ge_0.03,stage2_precision,False,1e275c0785eec461856f115cd491c24f2de4c09ffe828d8ec3b99f12a2348634
jhb_full382_unified_a_merge01_c0925_fpcut_2026_06_01_t00032758,jhb_full382_unified_a_merge01_c0925_fpcut_2026_06_01_c0002832,JNB0299,johannesburg,32757,28.0159789934,-26.2462513108,52.9803,c_md_40_100,industrial,osm_industrial_share_ge_0.03,stage2_precision,False,1ea18c0de80a6865df88d10e51984e96b92a69ff8d9fe88042fffbed3881545a
jhb_full382_unified_a_merge01_c0925_fpcut_2026_06_01_t00029666,jhb_full382_unified_a_merge01_c0925_fpcut_2026_06_01_c0003866,JNB0235,johannesburg,29665,28.0768157071,-26.2235847335,46.3833,c_md_40_100,industrial,coj_zoning_industrial_n3_purity_ge_0.70,stage2_precision,False,1eaafc94c39eff5a5e0636ceb977848bd437d025587cf442680a6ce23af89265
jhb_full382_unified_a_merge01_c0925_fpcut_2026_06_01_t00024909,jhb_full382_unified_a_merge01_c0925_fpcut_2026_06_01_c0005485,JNB0148,johannesburg,24908,27.9293710498,-26.1925791498,43.9528,c_md_40_100,industrial,osm_industrial_share_ge_0.03,stage2_precision,False,1eaea5b0c985cb63dd57b889a750e3d6e9ab7880183c4792aeeeb71e84cbd20a
jhb_full382_unified_a_merge01_c0925_fpcut_2026_06_01_t00027104,jhb_full382_unified_a_merge01_c0925_fpcut_2026_06_01_c0004872,JNB0177,johannesburg,27103,27.9775782341,-26.2003735390,99.1565,c_md_40_100,industrial,coj_zoning_industrial_n3_purity_ge_0.70,stage2_precision,False,1ed5f4e12e07e6e6efc7de34f521f52d68c259d813b664b11a90b0d31d925dec
jhb_full382_unified_a_merge01_c0925_fpcut_2026_06_01_t00033298,jhb_full382_unified_a_merge01_c0925_fpcut_2026_06_01_c0002469,JNB0308,johannesburg,33297,28.1040733558,-26.2506028608,97.5748,c_md_40_100,industrial,osm_industrial_share_ge_0.03,stage2_precision,False,205ee9d18ac6fdba0b6854694028a34e5e4be4267e91415d51a964a1f8c43581
jhb_full382_unified_a_merge01_c0925_fpcut_2026_06_01_t00030724,jhb_full382_unified_a_merge01_c0925_fpcut_2026_06_01_c0003798,JNB0267,johannesburg,30723,28.1520736875,-26.2247897735,96.4865,c_md_40_100,industrial,osm_industrial_share_ge_0.03,stage2_precision,False,214b8199df7e7f73160c9318b91429818bc002d7347efe8364271716eef8a5bc
jhb_full382_unified_a_merge01_c0925_fpcut_2026_06_01_t00030593,jhb_full382_unified_a_merge01_c0925_fpcut_2026_06_01_c0003625,JNB0263,johannesburg,30592,28.1139306081,-26.2324179570,44.8242,c_md_40_100,industrial,osm_industrial_share_ge_0.03,stage2_precision,False,2171f67e255037ba74840153efc5120ce3bcdf71da741ad1c7765c98c3cf494a
jhb_full382_unified_a_merge01_c0925_fpcut_2026_06_01_t00039662,jhb_full382_unified_a_merge01_c0925_fpcut_2026_06_01_c0015567,JNB0015,johannesburg,39661,28.0820101666,-26.1101186322,58.1804,c_md_40_100,industrial,osm_industrial_share_ge_0.03,stage2_precision,False,21b3fa573029a548bb58169e6709f08bbd4e6d643218c19c071a99bd656a7461
jhb_full382_unified_a_merge01_c0925_fpcut_2026_06_01_t00026776,jhb_full382_unified_a_merge01_c0925_fpcut_2026_06_01_c0005012,JNB0172,johannesburg,26775,27.9272389218,-26.1993794241,56.4672,c_md_40_100,industrial,osm_industrial_share_ge_0.03,stage2_precision,False,2243b8d80d6572002f5e802561cad3ef3c7dfaafabed94a13d88cd5a5a68a16e
jhb_full382_unified_a_merge01_c0925_fpcut_2026_06_01_t00030740,jhb_full382_unified_a_merge01_c0925_fpcut_2026_06_01_c0003801,JNB0267,johannesburg,30739,28.1531295185,-26.2252963341,72.9189,c_md_40_100,industrial,osm_industrial_share_ge_0.03,stage2_precision,False,23545ca2a5dc13452751a7ecc41f88d14bca2fd4b8c9a6731adb04b0a48bfd48
jhb_full382_unified_a_merge01_c0925_fpcut_2026_06_01_t00029784,jhb_full382_unified_a_merge01_c0925_fpcut_2026_06_01_c0004076,JNB0242,johannesburg,29783,28.1417766564,-26.2157639115,43.5162,c_md_40_100,industrial,osm_industrial_share_ge_0.03,stage2_precision,False,24a11dbcdd5dbf5a8664220ca0b7476f7e6a829f8ab4f98af145caf768a8f175
jhb_full382_unified_a_merge01_c0925_fpcut_2026_06_01_t00034094,jhb_full382_unified_a_merge01_c0925_fpcut_2026_06_01_c0002045,JNB0320,johannesburg,34093,28.0235643434,-26.2562430068,52.3113,c_md_40_100,industrial,osm_industrial_share_ge_0.03,stage2_precision,False,24af39a081b0450d144d075f1dded81323de71ad4d2a883a45a417743bd3cb20
jhb_full382_unified_a_merge01_c0925_fpcut_2026_06_01_t00034066,jhb_full382_unified_a_merge01_c0925_fpcut_2026_06_01_c0001987,JNB0319,johannesburg,34065,28.0188235058,-26.2577872387,81.0854,c_md_40_100,industrial,osm_industrial_share_ge_0.03,stage2_precision,False,258be3c73489cc8b8c8a4dae289a21890bb15cd966122635be9f7d556af0f0e4
jhb_full382_unified_a_merge01_c0925_fpcut_2026_06_01_t00029811,jhb_full382_unified_a_merge01_c0925_fpcut_2026_06_01_c0004084,JNB0242,johannesburg,29810,28.1447580539,-26.2158237526,44.726,c_md_40_100,industrial,osm_industrial_share_ge_0.03,stage2_precision,False,2681f15e87a371a47464d256b73b13669626079f0781cd4ad1301631de175e2b
jhb_full382_unified_a_merge01_c0925_fpcut_2026_06_01_t00033086,jhb_full382_unified_a_merge01_c0925_fpcut_2026_06_01_c0002729,JNB0307,johannesburg,33085,28.0962708217,-26.2476201823,56.0777,c_md_40_100,industrial,osm_industrial_share_ge_0.03,stage2_precision,False,278b26e3b49b3b24d1b44a692032a33d9e9ce3a67bdefc4900ed7dd2e4e2cf52
jhb_full382_unified_a_merge01_c0925_fpcut_2026_06_01_t00030570,jhb_full382_unified_a_merge01_c0925_fpcut_2026_06_01_c0003620,JNB0263,johannesburg,30569,28.1131882192,-26.2319577318,51.4072,c_md_40_100,industrial,osm_industrial_share_ge_0.03,stage2_precision,False,281bfa9ff289a0f0ecf74050ae271cd9955326a44bffdcf8e429b842727c549d
jhb_full382_unified_a_merge01_c0925_fpcut_2026_06_01_t00039725,jhb_full382_unified_a_merge01_c0925_fpcut_2026_06_01_c0015497,JNB0015,johannesburg,39724,28.0834252879,-26.1124395025,41.1093,c_md_40_100,industrial,osm_industrial_share_ge_0.03,stage2_precision,True,a8b525eb4bd84036ddd4a714c0140b93bca46620ed80f0c3b29ec12022378954
jhb_full382_unified_a_merge01_c0925_fpcut_2026_06_01_t00007811,jhb_full382_unified_a_merge01_c0925_fpcut_2026_06_01_c0011837,JNB0063,johannesburg,7810,28.0729536307,-26.1495136345,47.9968,c_md_40_100,residential,residential_fallback,stage2_precision,False,0029efdf642d83f5bf373d78efe5847bd573fa6e56e5b1b062e277abaf5ca47f
jhb_full382_unified_a_merge01_c0925_fpcut_2026_06_01_t00007169,jhb_full382_unified_a_merge01_c0925_fpcut_2026_06_01_c0012351,JNB0061,johannesburg,7168,28.0549384016,-26.1463050894,40.598,c_md_40_100,residential,residential_fallback,stage2_precision,False,002c4fea3a94aa0d8578ab73eac1d89bc8292e82fe785e71cd6b6bacacc2bdab
jhb_full382_unified_a_merge01_c0925_fpcut_2026_06_01_t00007474,jhb_full382_unified_a_merge01_c0925_fpcut_2026_06_01_c0012726,JNB0062,johannesburg,7473,28.0689033905,-26.1433865863,60.1853,c_md_40_100,residential,residential_fallback,stage2_precision,False,0036e1552e09423c800b5af54c9e7a5f004ad49184fa834dc13581900d59771a
jhb_full382_unified_a_merge01_c0925_fpcut_2026_06_01_t00017829,jhb_full382_unified_a_merge01_c0925_fpcut_2026_06_01_c0008704,JNB0102,johannesburg,17828,28.1400241212,-26.1679011258,67.4406,c_md_40_100,residential,residential_fallback,stage2_precision,False,00850d6a2daa80ced4a384c4485232e93d804f4a5965bb0ae9a48bfe272f6d41
jhb_full382_unified_a_merge01_c0925_fpcut_2026_06_01_t00031325,jhb_full382_unified_a_merge01_c0925_fpcut_2026_06_01_c0003195,JNB0277,johannesburg,31324,28.0125502730,-26.2400252696,78.486,c_md_40_100,residential,residential_fallback,stage2_precision,False,00f29e758ddc031661860a404964d3d47de20b66e718c167b681874a4caaa287
jhb_full382_unified_a_merge01_c0925_fpcut_2026_06_01_t00028081,jhb_full382_unified_a_merge01_c0925_fpcut_2026_06_01_c0004501,JNB0189,johannesburg,28080,28.0985166692,-26.2052731830,40.8887,c_md_40_100,residential,residential_fallback,stage2_precision,False,01038e042d4a4d617e49fa9dd6d06efbf6f17cd337c816fa5fc18e47819384b5
jhb_full382_unified_a_merge01_c0925_fpcut_2026_06_01_t00028972,jhb_full382_unified_a_merge01_c0925_fpcut_2026_06_01_c0004253,JNB0211,johannesburg,28971,28.0794012906,-26.2110162737,41.728,c_md_40_100,residential,residential_fallback,stage2_precision,False,0112062152a9289ef33790bfe2ca55adc94f7381ff2f860bfee83335b431c245
jhb_full382_unified_a_merge01_c0925_fpcut_2026_06_01_t00036144,jhb_full382_unified_a_merge01_c0925_fpcut_2026_06_01_c0000885,JNB0350,johannesburg,36143,27.9667250219,-26.2746556441,43.6381,c_md_40_100,residential,residential_fallback,stage2_precision,False,012327b797c7c19cf823fcc9fae36c2125db8026e3db5c3b1bf5a9e8086409fc
jhb_full382_unified_a_merge01_c0925_fpcut_2026_06_01_t00031191,jhb_full382_unified_a_merge01_c0925_fpcut_2026_06_01_c0003190,JNB0276,johannesburg,31190,28.0097338373,-26.2399193220,43.7853,c_md_40_100,residential,residential_fallback,stage2_precision,False,01a7a3736f75051404d51426448bdcadfa01b4860910bc6148de48757c6e6144
jhb_full382_unified_a_merge01_c0925_fpcut_2026_06_01_t00008186,jhb_full382_unified_a_merge01_c0925_fpcut_2026_06_01_c0012248,JNB0064,johannesburg,8185,28.0805583506,-26.1471099548,45.4917,c_md_40_100,residential,residential_fallback,stage2_precision,False,01ca561de243ff765fed96e1315850d7d7f146fae9566f4b629bd1949519b634
jhb_full382_unified_a_merge01_c0925_fpcut_2026_06_01_t00039031,jhb_full382_unified_a_merge01_c0925_fpcut_2026_06_01_c0015841,JNB0004,johannesburg,39030,28.1074144093,-26.0933143838,70.7723,c_md_40_100,residential,residential_fallback,stage2_precision,False,022f0b39cbf1e2f1784cfadf187143f9cde474c202ce1c5cf5cebe8a2798f362
jhb_full382_unified_a_merge01_c0925_fpcut_2026_06_01_t00018154,jhb_full382_unified_a_merge01_c0925_fpcut_2026_06_01_c0008954,JNB0103,johannesburg,18153,28.1457140585,-26.1661979678,55.442,c_md_40_100,residential,residential_fallback,stage2_precision,False,0249ca9015bf0106e105c181185a89e862f032e3439578d6b3a2ebbdcfb1f4be
jhb_full382_unified_a_merge01_c0925_fpcut_2026_06_01_t00035824,jhb_full382_unified_a_merge01_c0925_fpcut_2026_06_01_c0001387,JNB0347,johannesburg,35823,28.1030247493,-26.2665459518,52.2151,c_md_40_100,residential,residential_fallback,stage2_precision,False,025d66127b27320635627a4aa0ac2229397856578ecbd353503229a211f53a6b
jhb_full382_unified_a_merge01_c0925_fpcut_2026_06_01_t00003027,jhb_full382_unified_a_merge01_c0925_fpcut_2026_06_01_c0013205,JNB0046,johannesburg,3026,28.0425236258,-26.1404698622,72.233,c_md_40_100,residential,residential_fallback,stage2_precision,False,027da8f0b2e176d28c8349c833af73ee4e3df6ec6ca217a7ac6c15b90a4103ef
jhb_full382_unified_a_merge01_c0925_fpcut_2026_06_01_t00024974,jhb_full382_unified_a_merge01_c0925_fpcut_2026_06_01_c0005828,JNB0152,johannesburg,24973,27.9686950197,-26.1896545418,95.8919,c_md_40_100,residential,residential_fallback,stage2_precision,False,0281c05c04ac9919c3ef6d1a4dd36a25dc366e1e20cdb14292c87c29be489223
jhb_full382_unified_a_merge01_c0925_fpcut_2026_06_01_t00001416,jhb_full382_unified_a_merge01_c0925_fpcut_2026_06_01_c0014060,JNB0035,johannesburg,1415,28.0678015367,-26.1331053276,85.7206,c_md_40_100,residential,residential_fallback,stage2_precision,False,029aad11ff3fdc27979e3f2723539967599a3078640b4c82991a7944b5a72b80
jhb_full382_unified_a_merge01_c0925_fpcut_2026_06_01_t00039222,jhb_full382_unified_a_merge01_c0925_fpcut_2026_06_01_c0015721,JNB0011,johannesburg,39221,28.1210766343,-26.1049846905,64.7613,c_md_40_100,residential,residential_fallback,stage2_precision,False,02a586de5369223fdec5dc1513800b9b4a207bb35d6a5475f78a739ea36de2af
jhb_full382_unified_a_merge01_c0925_fpcut_2026_06_01_t00019952,jhb_full382_unified_a_merge01_c0925_fpcut_2026_06_01_c0007426,JNB0114,johannesburg,19951,28.0409174101,-26.1755880501,75.4955,c_md_40_100,residential,residential_fallback,stage2_precision,False,02d42809a25a2878ab8526e7beb659deedc8c92253575625b426bc1c871478a8
jhb_full382_unified_a_merge01_c0925_fpcut_2026_06_01_t00016347,jhb_full382_unified_a_merge01_c0925_fpcut_2026_06_01_c0009041,JNB0095,johannesburg,16346,28.0647488886,-26.1656691946,43.2744,c_md_40_100,residential,residential_fallback,stage2_precision,False,02f591b8abe8868f376a3dca9ffb54484799df19e4c3cc606896b852f31f6bb5
jhb_full382_unified_a_merge01_c0925_fpcut_2026_06_01_t00002931,jhb_full382_unified_a_merge01_c0925_fpcut_2026_06_01_c0012964,JNB0045,johannesburg,2930,28.0391446722,-26.1422241386,49.4544,c_md_40_100,residential,residential_fallback,stage2_precision,False,03048e33dd0368a9aa6ad329ee06078d80f76624967e0ff21824263d46fc5149
jhb_full382_unified_a_merge01_c0925_fpcut_2026_06_01_t00008100,jhb_full382_unified_a_merge01_c0925_fpcut_2026_06_01_c0011720,JNB0063,johannesburg,8099,28.0757327935,-26.1499051938,65.1171,c_md_40_100,residential,residential_fallback,stage2_precision,False,030d371e21db1dd1e460a5f8b7ce5a8312cc8915cf34d9aec90b4216b1bf29aa
jhb_full382_unified_a_merge01_c0925_fpcut_2026_06_01_t00039190,jhb_full382_unified_a_merge01_c0925_fpcut_2026_06_01_c0015720,JNB0011,johannesburg,39189,28.1213593444,-26.1045226146,80.8807,c_md_40_100,residential,residential_fallback,stage2_precision,False,039bd5f99762ccda5bffcd6869661e8dbd0eeb65a2a9ceb524e362553504779b
jhb_full382_unified_a_merge01_c0925_fpcut_2026_06_01_t00034365,jhb_full382_unified_a_merge01_c0925_fpcut_2026_06_01_c0002187,JNB0327,johannesburg,34364,28.1000136339,-26.2544066755,40.5735,c_md_40_100,residential,residential_fallback,stage2_precision,False,03a2ff88725797dc662068df001d734a336dc161abb4ca7da84d65bdf2b1ce82
jhb_full382_unified_a_merge01_c0925_fpcut_2026_06_01_t00001224,jhb_full382_unified_a_merge01_c0925_fpcut_2026_06_01_c0013949,JNB0035,johannesburg,1223,28.0611133488,-26.1337325945,57.5844,c_md_40_100,residential,residential_fallback,stage2_precision,False,03c73cca978d8c257921f0d9c23dd5a6acd7c46d4e4c8b83b84a3e432292c3c3
jhb_full382_unified_a_merge01_c0925_fpcut_2026_06_01_t00023619,jhb_full382_unified_a_merge01_c0925_fpcut_2026_06_01_c0006589,JNB0142,johannesburg,23618,28.1044006986,-26.1810307576,65.115,c_md_40_100,residential,residential_fallback,stage2_precision,False,0426016ce710257dbd1569409fe8043775ad8bab45ecbb99d2bdab47afcbf5bb
jhb_full382_unified_a_merge01_c0925_fpcut_2026_06_01_t00001757,jhb_full382_unified_a_merge01_c0925_fpcut_2026_06_01_c0014639,JNB0037,johannesburg,1756,28.0841169584,-26.1258387820,55.952,c_md_40_100,residential,residential_fallback,stage2_precision,False,04575daac3cb11c8ac38bdb57f860f7dff976d6e7575ccdb7dcc8e4c362c7183
jhb_full382_unified_a_merge01_c0925_fpcut_2026_06_01_t00002870,jhb_full382_unified_a_merge01_c0925_fpcut_2026_06_01_c0013431,JNB0045,johannesburg,2869,28.0382593912,-26.1383209560,49.4487,c_md_40_100,residential,residential_fallback,stage2_precision,False,04727b681086d916cad7a3556970209e17a2af0786130005d5acee9c23e44be7
jhb_full382_unified_a_merge01_c0925_fpcut_2026_06_01_t00023822,jhb_full382_unified_a_merge01_c0925_fpcut_2026_06_01_c0006488,JNB0143,johannesburg,23821,28.1169476817,-26.1822784367,77.8081,c_md_40_100,residential,residential_fallback,stage2_precision,False,053c3056eded55cde4057a4c5db0062125ea72d8838b880b1fa557b71f1572d8
jhb_full382_unified_a_merge01_c0925_fpcut_2026_06_01_t00006742,jhb_full382_unified_a_merge01_c0925_fpcut_2026_06_01_c0012205,JNB0060,johannesburg,6741,28.0411697732,-26.1467243773,56.4181,c_md_40_100,residential,residential_fallback,stage2_precision,False,054c55ce0001f7d7fba1deb4785b3119c61789cb25dc233bcc8edc7b521c02e1
jhb_full382_unified_a_merge01_c0925_fpcut_2026_06_01_t00016385,jhb_full382_unified_a_merge01_c0925_fpcut_2026_06_01_c0008791,JNB0095,johannesburg,16384,28.0626180209,-26.1680063197,48.8437,c_md_40_100,residential,residential_fallback,stage2_precision,False,05c5b025520e0ae28ef162a3e2f794153806df3b3d4a8a10a7e2d9f7d93f3972
jhb_full382_unified_a_merge01_c0925_fpcut_2026_06_01_t00031688,jhb_full382_unified_a_merge01_c0925_fpcut_2026_06_01_c0003432,JNB0283,johannesburg,31687,28.0729942194,-26.2352924119,96.6436,c_md_40_100,residential,residential_fallback,stage2_precision,False,05c9d6ad76451da62601b3c008c46e35f99a3ce0f109a85e6db1aa7029df9628
jhb_full382_unified_a_merge01_c0925_fpcut_2026_06_01_t00015725,jhb_full382_unified_a_merge01_c0925_fpcut_2026_06_01_c0009700,JNB0093,johannesburg,15724,28.0455548633,-26.1618884633,85.8074,c_md_40_100,residential,residential_fallback,stage2_precision,False,05d555226a69f839d16a2ac9e95deab164d8bfee13e45f8e32377e8c17b2e96c
jhb_full382_unified_a_merge01_c0925_fpcut_2026_06_01_t00030085,jhb_full382_unified_a_merge01_c0925_fpcut_2026_06_01_c0003674,JNB0253,johannesburg,30084,28.0118266722,-26.2317732175,52.1499,c_md_40_100,residential,residential_fallback,stage2_precision,False,0634effd231f8392fa16b5570b3ad18e0e39a514907132666bb4de71009a4c68
jhb_full382_unified_a_merge01_c0925_fpcut_2026_06_01_t00026674,jhb_full382_unified_a_merge01_c0925_fpcut_2026_06_01_c0005641,JNB0170,johannesburg,26673,28.1432196836,-26.1908202397,73.4659,c_md_40_100,residential,residential_fallback,stage2_precision,False,0637682ff0350dce7d072185e9e2573a49bc7876d70397d67e8bd5f8c882441a
jhb_full382_unified_a_merge01_c0925_fpcut_2026_06_01_t00003482,jhb_full382_unified_a_merge01_c0925_fpcut_2026_06_01_c0013570,JNB0047,johannesburg,3481,28.0583724441,-26.1372628531,44.4662,c_md_40_100,residential,residential_fallback,stage2_precision,False,0653b7e854e8f3614c0c994e52a7c792baca3e3b508c5593a56179127d8226ec
jhb_full382_unified_a_merge01_c0925_fpcut_2026_06_01_t00019287,jhb_full382_unified_a_merge01_c0925_fpcut_2026_06_01_c0006867,JNB0111,johannesburg,19286,28.0189520217,-26.1788593191,49.7225,c_md_40_100,residential,residential_fallback,stage2_precision,False,067a7c97a4a7e9ae05ba2ab05211f813a1b55886883add3cf31967ff7a875022
jhb_full382_unified_a_merge01_c0925_fpcut_2026_06_01_t00037145,jhb_full382_unified_a_merge01_c0925_fpcut_2026_06_01_c0001213,JNB0359,johannesburg,37144,28.0592065693,-26.2701998501,45.9224,c_md_40_100,residential,residential_fallback,stage2_precision,False,0688b1116d1ea0ed45b52a1c3fe0ae8fb5847810a8fbf5cbae549c0cce8102d6
jhb_full382_unified_a_merge01_c0925_fpcut_2026_06_01_t00011271,jhb_full382_unified_a_merge01_c0925_fpcut_2026_06_01_c0009995,JNB0075,johannesburg,11270,28.0452667751,-26.1604013923,50.8021,c_md_40_100,residential,residential_fallback,stage2_precision,False,06c173c11409db96ee6e3ca2514b31692ece07e1b32561e5da9bb24bfb4519f6
jhb_full382_unified_a_merge01_c0925_fpcut_2026_06_01_t00011973,jhb_full382_unified_a_merge01_c0925_fpcut_2026_06_01_c0011058,JNB0077,johannesburg,11972,28.0691443745,-26.1538185692,40.5216,c_md_40_100,residential,residential_fallback,stage2_precision,False,06c23cf445f06d98656642370f5c6cd0d606dd155fc944ae3577c0af6b1a08ea
jhb_full382_unified_a_merge01_c0925_fpcut_2026_06_01_t00036690,jhb_full382_unified_a_merge01_c0925_fpcut_2026_06_01_c0000995,JNB0356,johannesburg,36689,28.0285534913,-26.2724931768,95.987,c_md_40_100,residential,residential_fallback,stage2_precision,False,06c7a60a2c011fa29c91715a19b40eb7664d4df84c103862377fa92ddf4b6172
jhb_full382_unified_a_merge01_c0925_fpcut_2026_06_01_t00015933,jhb_full382_unified_a_merge01_c0925_fpcut_2026_06_01_c0008889,JNB0093,johannesburg,15932,28.0480413262,-26.1664248201,48.456,c_md_40_100,residential,residential_fallback,stage2_precision,False,06ccb575bd1030e6569ffac31ce46f698a8666d7d4c33daa50e2e3904147ef7d
jhb_full382_unified_a_merge01_c0925_fpcut_2026_06_01_t00027207,jhb_full382_unified_a_merge01_c0925_fpcut_2026_06_01_c0004565,JNB0178,johannesburg,27206,27.9835379605,-26.2042904938,52.7941,c_md_40_100,residential,residential_fallback,stage2_precision,False,0725135e0f239af5b95bf63d8fd7baf75a261a94b5f6551430b9374ad82aeea8
jhb_full382_unified_a_merge01_c0925_fpcut_2026_06_01_t00030014,jhb_full382_unified_a_merge01_c0925_fpcut_2026_06_01_c0003584,JNB0251,johannesburg,30013,27.9986602258,-26.2330224398,52.1618,c_md_40_100,residential,residential_fallback,stage2_precision,False,07ba90d3400faa46eeb9b7549cbad84849d0a2c6bd75f756cc746cd5f22e5517
jhb_full382_unified_a_merge01_c0925_fpcut_2026_06_01_t00027209,jhb_full382_unified_a_merge01_c0925_fpcut_2026_06_01_c0004519,JNB0178,johannesburg,27208,27.9809674100,-26.2050418792,75.8394,c_md_40_100,residential,residential_fallback,stage2_precision,False,084cd6a3f479f3362384e724c5abf9c109c136a8b58a0fba22ac456500482977
jhb_full382_unified_a_merge01_c0925_fpcut_2026_06_01_t00026190,jhb_full382_unified_a_merge01_c0925_fpcut_2026_06_01_c0005779,JNB0168,johannesburg,26189,28.1219863536,-26.1893959571,51.0561,c_md_40_100,residential,residential_fallback,stage2_precision,False,084f2947ad2d246e89d81055adbe6450a8167c6503651a28ef2592101611deff
jhb_full382_unified_a_merge01_c0925_fpcut_2026_06_01_t00034248,jhb_full382_unified_a_merge01_c0925_fpcut_2026_06_01_c0001951,JNB0324,johannesburg,34247,28.0680282706,-26.2581623252,53.6178,c_md_40_100,residential,residential_fallback,stage2_precision,False,08697e6ba9ccf5b30e47297e963556e96978d007fd3950a320408766cff00bfa
jhb_full382_unified_a_merge01_c0925_fpcut_2026_06_01_t00017306,jhb_full382_unified_a_merge01_c0925_fpcut_2026_06_01_c0008823,JNB0099,johannesburg,17305,28.1024716428,-26.1675494817,47.9382,c_md_40_100,residential,residential_fallback,stage2_precision,False,089f712d3e5f69ca62d88e2cc84d5bc471b6065d29111d7fd566ccdb866baa50
jhb_full382_unified_a_merge01_c0925_fpcut_2026_06_01_t00006653,jhb_full382_unified_a_merge01_c0925_fpcut_2026_06_01_c0011352,JNB0059,johannesburg,6652,28.0403613593,-26.1522555376,46.9346,c_md_40_100,residential,residential_fallback,stage2_precision,False,08be63c65f81db6f5f7faa859da8b1103a85c3f43f84845ab9cb40071ddde3c4
jhb_full382_unified_a_merge01_c0925_fpcut_2026_06_01_t00040258,jhb_full382_unified_a_merge01_c0925_fpcut_2026_06_01_c0015594,JNB0021,johannesburg,40257,28.1401433373,-26.1103837294,44.4124,c_md_40_100,residential,residential_fallback,stage2_precision,False,08d2f6f8edcde8d72dcb082323561b832296b56c217ac1d00c4498968f7d18db
jhb_full382_unified_a_merge01_c0925_fpcut_2026_06_01_t00040230,jhb_full382_unified_a_merge01_c0925_fpcut_2026_06_01_c0015411,JNB0020,johannesburg,40229,28.1394272660,-26.1145461371,52.6463,c_md_40_100,residential,residential_fallback,stage2_precision,False,09229a43f30b7649ca554cb41987de2e0ea230dd5b2c8b48fac517ca39c462ca
jhb_full382_unified_a_merge01_c0925_fpcut_2026_06_01_t00032151,jhb_full382_unified_a_merge01_c0925_fpcut_2026_06_01_c0003406,JNB0290,johannesburg,32150,28.1489207545,-26.2353236367,50.1646,c_md_40_100,residential,residential_fallback,stage2_precision,False,093c17ec2880ec191d52062f9f65bf6d7da3c6ff63ed958fd0300c6b57402142
jhb_full382_unified_a_merge01_c0925_fpcut_2026_06_01_t00011741,jhb_full382_unified_a_merge01_c0925_fpcut_2026_06_01_c0009710,JNB0076,johannesburg,11740,28.0579220212,-26.1613814265,45.3104,c_md_40_100,residential,residential_fallback,stage2_precision,False,0978ac2e3f715b18221437572b9eb67b1b92fef7e436e75f48cc6bcd65bbf498
jhb_full382_unified_a_merge01_c0925_fpcut_2026_06_01_t00018407,jhb_full382_unified_a_merge01_c0925_fpcut_2026_06_01_c0007077,JNB0107,johannesburg,18406,27.9749124955,-26.1783626776,43.0398,c_md_40_100,residential,residential_fallback,stage2_precision,False,098ea5b5e486774e6a1f90db86501b3e6b4716d3348c853491ee634ea71a17af
jhb_full382_unified_a_merge01_c0925_fpcut_2026_06_01_t00000221,jhb_full382_unified_a_merge01_c0925_fpcut_2026_06_01_c0015172,JNB0030,johannesburg,220,28.1372528979,-26.1184736679,44.2677,c_md_40_100,residential,residential_fallback,stage2_precision,False,0996485e58913b65e0a6e321b936d9a986c9302360e0284e28b7afca910f61cd
jhb_full382_unified_a_merge01_c0925_fpcut_2026_06_01_t00006741,jhb_full382_unified_a_merge01_c0925_fpcut_2026_06_01_c0012205,JNB0060,johannesburg,6740,28.0410406617,-26.1467435523,44.1906,c_md_40_100,residential,residential_fallback,stage2_precision,False,0a0ba96a56cbdba771647ca5c3aff4aa8218de5787eca3890858b10c65a3236e
jhb_full382_unified_a_merge01_c0925_fpcut_2026_06_01_t00031329,jhb_full382_unified_a_merge01_c0925_fpcut_2026_06_01_c0003196,JNB0277,johannesburg,31328,28.0131238269,-26.2398786375,45.9227,c_md_40_100,residential,residential_fallback,stage2_precision,False,0a3c0c451297f13b9b625712f2b935651142311c16800233da2d68f965f6ab37
jhb_full382_unified_a_merge01_c0925_fpcut_2026_06_01_t00031521,jhb_full382_unified_a_merge01_c0925_fpcut_2026_06_01_c0003503,JNB0278,johannesburg,31520,28.0286334901,-26.2349642839,46.5606,c_md_40_100,residential,residential_fallback,stage2_precision,False,0aac0b1685aff9f8116346b0a33ec5727159c93146cd275cc8c96d67d63f5a93
jhb_full382_unified_a_merge01_c0925_fpcut_2026_06_01_t00036440,jhb_full382_unified_a_merge01_c0925_fpcut_2026_06_01_c0000975,JNB0354,johannesburg,36439,28.0090277590,-26.2730230652,50.3472,c_md_40_100,residential,residential_fallback,stage2_precision,False,0b077899270a25d31ce53e411e60c643529ae0db216a07d2d71a2cc62121ed78
jhb_full382_unified_a_merge01_c0925_fpcut_2026_06_01_t00028942,jhb_full382_unified_a_merge01_c0925_fpcut_2026_06_01_c0004189,JNB0210,johannesburg,28941,28.0674471534,-26.2117207881,45.2719,c_md_40_100,residential,residential_fallback,stage2_precision,False,0b098bf2420951e5a06eec37ce9d9a16735a3c9a3abab7fc722a2685516bcd3b
jhb_full382_unified_a_merge01_c0925_fpcut_2026_06_01_t00038968,jhb_full382_unified_a_merge01_c0925_fpcut_2026_06_01_c0000442,JNB0377,johannesburg,38967,28.0867593912,-26.2790486003,53.3272,c_md_40_100,residential,residential_fallback,stage2_precision,False,0bb4f9382ea6b92748510e2fe2bfdc375be90a2c7dc26274e2a355ef69f5cadd
jhb_full382_unified_a_merge01_c0925_fpcut_2026_06_01_t00036682,jhb_full382_unified_a_merge01_c0925_fpcut_2026_06_01_c0001074,JNB0356,johannesburg,36681,28.0286565706,-26.2722441462,40.7336,c_md_40_100,residential,residential_fallback,stage2_precision,False,0be29c5f6df9325f93c69e528d4059710b5d35e3568cd9539ac69f69ea5afcc2
jhb_full382_unified_a_merge01_c0925_fpcut_2026_06_01_t00021341,jhb_full382_unified_a_merge01_c0925_fpcut_2026_06_01_c0007181,JNB0123,johannesburg,21340,28.1338981290,-26.1762992689,92.7189,c_md_40_100,residential,residential_fallback,stage2_precision,False,0c12f679ed064e29990393304d6f71dd05daa6216d00543834ed1d05c9085eb2
jhb_full382_unified_a_merge01_c0925_fpcut_2026_06_01_t00027220,jhb_full382_unified_a_merge01_c0925_fpcut_2026_06_01_c0004954,JNB0178,johannesburg,27219,27.9866434092,-26.1992932387,43.6811,c_md_40_100,residential,residential_fallback,stage2_precision,True,8c42ee431696cfe220de19e088128ccbacaeae5a44378c29a9ad0aa4c8f33929
jhb_full382_unified_a_merge01_c0925_fpcut_2026_06_01_t00005031,jhb_full382_unified_a_merge01_c0925_fpcut_2026_06_01_c0013044,JNB0052,johannesburg,5030,28.1075805901,-26.1416992826,44.7054,c_md_40_100,residential,residential_fallback,stage2_precision,True,a7bf1fe1be462b08e84cc31de58b5ce8ea93a985d56037d42e5adf58855eadc2
jhb_full382_unified_a_merge01_c0925_fpcut_2026_06_01_t00041033,jhb_full382_unified_a_merge01_c0925_fpcut_2026_06_01_c0014837,JNB0023,johannesburg,41032,28.0672296158,-26.1233411782,47.2757,c_md_40_100,residential,residential_fallback,stage2_precision,True,b6aee4c916ad59c76ee4e5c8674a0efa0800769a4216902bc50c1c6a1c156a8f
jhb_full382_unified_a_merge01_c0925_fpcut_2026_06_01_t00030282,jhb_full382_unified_a_merge01_c0925_fpcut_2026_06_01_c0003757,JNB0259,johannesburg,30281,28.0775081911,-26.2284558876,44.38,c_md_40_100,residential,residential_fallback,stage2_precision,True,bd7353570dc573711bf29e04e2086cfacf680c92fe650f9241c787ab5998ef8f
jhb_full382_unified_a_merge01_c0925_fpcut_2026_06_01_t00020640,jhb_full382_unified_a_merge01_c0925_fpcut_2026_06_01_c0007152,JNB0119,johannesburg,20639,28.0959005310,-26.1764818424,49.2396,c_md_40_100,residential,residential_fallback,stage2_precision,True,c081f0cecdb4d92805984e738d7383841337238dd9d22a1ac2964bc7925aba76
jhb_full382_unified_a_merge01_c0925_fpcut_2026_06_01_t00027526,jhb_full382_unified_a_merge01_c0925_fpcut_2026_06_01_c0004971,JNB0183,johannesburg,27525,28.0321210901,-26.1994679293,120.7986,d_lg_ge100,cbd,cbd25_spatial_crosswalk,stage2_precision,False,0319734b6862de2a0ddcf7033bb16f3bc998e4c308215471ef1ec9dd5f9c15f4
jhb_full382_unified_a_merge01_c0925_fpcut_2026_06_01_t00023329,jhb_full382_unified_a_merge01_c0925_fpcut_2026_06_01_c0005854,JNB0135,johannesburg,23328,28.0345252386,-26.1881821855,261.6959,d_lg_ge100,cbd,cbd25_spatial_crosswalk,stage2_precision,False,038fe1a7d7d7ae15fed6aedb1f39429aaf0f6807417dfdb109cad42d121e3de2
jhb_full382_unified_a_merge01_c0925_fpcut_2026_06_01_t00029491,jhb_full382_unified_a_merge01_c0925_fpcut_2026_06_01_c0003933,JNB0231,johannesburg,29490,28.0354939664,-26.2201198227,390.5813,d_lg_ge100,cbd,cbd25_spatial_crosswalk,stage2_precision,False,06ecc18a0c6c2d1139278b91a4c82beb8748d2cd49a47505423e8d94ecfc923e
jhb_full382_unified_a_merge01_c0925_fpcut_2026_06_01_t00028450,jhb_full382_unified_a_merge01_c0925_fpcut_2026_06_01_c0004325,JNB0205,johannesburg,28449,28.0206398624,-26.2095826828,1236.2264,d_lg_ge100,cbd,cbd25_spatial_crosswalk,stage2_precision,False,07b1ae25dab6b6fbe011fa92b746670f60862b327d4bfa15c1dbc0e1a2b33672
jhb_full382_unified_a_merge01_c0925_fpcut_2026_06_01_t00022873,jhb_full382_unified_a_merge01_c0925_fpcut_2026_06_01_c0006770,JNB0133,johannesburg,22872,28.0188963143,-26.1801753251,363.584,d_lg_ge100,cbd,cbd25_spatial_crosswalk,stage2_precision,False,0ab94da3fbcfdcefd66538edcc49c51dd28ded74007a3d9743a20e749ac714d0
jhb_full382_unified_a_merge01_c0925_fpcut_2026_06_01_t00027388,jhb_full382_unified_a_merge01_c0925_fpcut_2026_06_01_c0004573,JNB0181,johannesburg,27387,28.0133665120,-26.2047395346,184.9481,d_lg_ge100,cbd,cbd25_spatial_crosswalk,stage2_precision,False,0c7eb1516d48fac8f5418e9a9ee5c0b925ddb1cb3490c6299c69f2763070697f
jhb_full382_unified_a_merge01_c0925_fpcut_2026_06_01_t00028813,jhb_full382_unified_a_merge01_c0925_fpcut_2026_06_01_c0004384,JNB0209,johannesburg,28812,28.0534306845,-26.2089419860,140.6203,d_lg_ge100,cbd,cbd25_spatial_crosswalk,stage2_precision,False,0d77a7403ad49267993667e2bacc2f6e8665dcb4dc5a6a046afd8289a23f6866
jhb_full382_unified_a_merge01_c0925_fpcut_2026_06_01_t00025352,jhb_full382_unified_a_merge01_c0925_fpcut_2026_06_01_c0005667,JNB0159,johannesburg,25351,28.0349176836,-26.1901929626,137.8548,d_lg_ge100,cbd,cbd25_spatial_crosswalk,stage2_precision,False,0e04032afe65253bbf83c8295acc69770ee6b3bf983e83d7d96e836491f6a41c
jhb_full382_unified_a_merge01_c0925_fpcut_2026_06_01_t00028599,jhb_full382_unified_a_merge01_c0925_fpcut_2026_06_01_c0004122,JNB0207,johannesburg,28598,28.0350236446,-26.2148244327,287.2495,d_lg_ge100,cbd,cbd25_spatial_crosswalk,stage2_precision,False,0e74550735c3f04dd1abec887e3bcf7a07f0af9c543d1049c78944551d143eaf
jhb_full382_unified_a_merge01_c0925_fpcut_2026_06_01_t00023375,jhb_full382_unified_a_merge01_c0925_fpcut_2026_06_01_c0005935,JNB0135,johannesburg,23374,28.0394280409,-26.1880779566,105.0486,d_lg_ge100,cbd,cbd25_spatial_crosswalk,stage2_precision,False,10886fb59ed1137e2717dc1de49f671eede29ce53b5dbe3d39ed8ea14da0ab37
jhb_full382_unified_a_merge01_c0925_fpcut_2026_06_01_t00025466,jhb_full382_unified_a_merge01_c0925_fpcut_2026_06_01_c0005510,JNB0161,johannesburg,25465,28.0536771368,-26.1919064129,138.5532,d_lg_ge100,cbd,cbd25_spatial_crosswalk,stage2_precision,False,11d0db1122a47e6bb8efd66517305c0b2bd9f7cb495a96e2b6ba13f089ce9062
jhb_full382_unified_a_merge01_c0925_fpcut_2026_06_01_t00025441,jhb_full382_unified_a_merge01_c0925_fpcut_2026_06_01_c0005675,JNB0160,johannesburg,25440,28.0442661035,-26.1908753216,133.138,d_lg_ge100,cbd,cbd25_spatial_crosswalk,stage2_precision,False,11d153e854fd1c625b603ecc97ec5ac2185ab42b17197f16d030a2a1180d2980
jhb_full382_unified_a_merge01_c0925_fpcut_2026_06_01_t00028589,jhb_full382_unified_a_merge01_c0925_fpcut_2026_06_01_c0004117,JNB0207,johannesburg,28588,28.0324083217,-26.2146161918,149.8724,d_lg_ge100,cbd,cbd25_spatial_crosswalk,stage2_precision,False,12081b29ad04aa8f8f45d1f1541023f2a7c67e5ddf575db68f4b2cc8b694c670
jhb_full382_unified_a_merge01_c0925_fpcut_2026_06_01_t00022872,jhb_full382_unified_a_merge01_c0925_fpcut_2026_06_01_c0006768,JNB0133,johannesburg,22871,28.0176170748,-26.1802588072,198.8091,d_lg_ge100,cbd,cbd25_spatial_crosswalk,stage2_precision,False,13d76d84e0d8af527eb0c569422ca84b1327f25cd91a35df917b81d8d0d81f91
jhb_full382_unified_a_merge01_c0925_fpcut_2026_06_01_t00028456,jhb_full382_unified_a_merge01_c0925_fpcut_2026_06_01_c0004317,JNB0205,johannesburg,28455,28.0195174659,-26.2096314496,144.3796,d_lg_ge100,cbd,cbd25_spatial_crosswalk,stage2_precision,False,14b4a6f14ee9f4c7cf701022164dcb6293efc5dc79a32e084bd12df7155d8e75
jhb_full382_unified_a_merge01_c0925_fpcut_2026_06_01_t00027505,jhb_full382_unified_a_merge01_c0925_fpcut_2026_06_01_c0004797,JNB0182,johannesburg,27504,28.0308328417,-26.2012593216,382.6776,d_lg_ge100,cbd,cbd25_spatial_crosswalk,stage2_precision,False,153f2fa6b957230b9515181cda05bf7232a786862bbb2271ec2bad1f0f22c9d9
jhb_full382_unified_a_merge01_c0925_fpcut_2026_06_01_t00029436,jhb_full382_unified_a_merge01_c0925_fpcut_2026_06_01_c0004055,JNB0231,johannesburg,29435,28.0351446857,-26.2164047497,204.2373,d_lg_ge100,cbd,cbd25_spatial_crosswalk,stage2_precision,False,167bf1003b11f15fad63ad69a6d3d21136401d9ea268a52e9ea70c2b05224b53
jhb_full382_unified_a_merge01_c0925_fpcut_2026_06_01_t00028617,jhb_full382_unified_a_merge01_c0925_fpcut_2026_06_01_c0004414,JNB0207,johannesburg,28616,28.0396765532,-26.2074977086,301.5992,d_lg_ge100,cbd,cbd25_spatial_crosswalk,stage2_precision,False,1854d2949938d131ac07233bd315ea02a9c846ded29013de1537bb089749bc2b
jhb_full382_unified_a_merge01_c0925_fpcut_2026_06_01_t00027732,jhb_full382_unified_a_merge01_c0925_fpcut_2026_06_01_c0004746,JNB0184,johannesburg,27731,28.0493934909,-26.2018219259,224.5112,d_lg_ge100,cbd,cbd25_spatial_crosswalk,stage2_precision,False,18d94137844f89411d0bfc2ff4e5a7bfa27b9175b8b8e2bbf9de1bcb8a609b3c
jhb_full382_unified_a_merge01_c0925_fpcut_2026_06_01_t00028743,jhb_full382_unified_a_merge01_c0925_fpcut_2026_06_01_c0004224,JNB0208,johannesburg,28742,28.0410740828,-26.2109818229,151.4582,d_lg_ge100,cbd,cbd25_spatial_crosswalk,stage2_precision,False,1909c751eabb5c1181d5afe621a4cad6d978c8493067b25d138ae5b419e3c284
jhb_full382_unified_a_merge01_c0925_fpcut_2026_06_01_t00029499,jhb_full382_unified_a_merge01_c0925_fpcut_2026_06_01_c0003912,JNB0231,johannesburg,29498,28.0352597166,-26.2205262924,140.1137,d_lg_ge100,cbd,cbd25_spatial_crosswalk,stage2_precision,False,19cc1b1620738459fee183291ecbd78d59a36f38b4f636564f35688064939594
jhb_full382_unified_a_merge01_c0925_fpcut_2026_06_01_t00025433,jhb_full382_unified_a_merge01_c0925_fpcut_2026_06_01_c0005221,JNB0159,johannesburg,25432,28.0377451454,-26.1954366838,302.9557,d_lg_ge100,cbd,cbd25_spatial_crosswalk,stage2_precision,False,1a165bf5fa5e5b888c220e482bd2f523aad054ce6d3419159873703b80589876
jhb_full382_unified_a_merge01_c0925_fpcut_2026_06_01_t00028593,jhb_full382_unified_a_merge01_c0925_fpcut_2026_06_01_c0004118,JNB0207,johannesburg,28592,28.0323760655,-26.2147525175,142.0959,d_lg_ge100,cbd,cbd25_spatial_crosswalk,stage2_precision,False,1d5c45f8fbbf65fd1d8108c84c8ae35c1c3fdce96de250fb2647b5a6f9785626
jhb_full382_unified_a_merge01_c0925_fpcut_2026_06_01_t00028623,jhb_full382_unified_a_merge01_c0925_fpcut_2026_06_01_c0004373,JNB0207,johannesburg,28622,28.0406306358,-26.2090630229,211.5938,d_lg_ge100,cbd,cbd25_spatial_crosswalk,stage2_precision,False,1d81ab1f698d7926d9ca30d9663c8cf68d9d33c62673d7b7a8ee2445affff5b0
jhb_full382_unified_a_merge01_c0925_fpcut_2026_06_01_t00027829,jhb_full382_unified_a_merge01_c0925_fpcut_2026_06_01_c0004749,JNB0185,johannesburg,27828,28.0510344045,-26.2018425654,184.9964,d_lg_ge100,cbd,cbd25_spatial_crosswalk,stage2_precision,False,1ddb82be31cce5f04632dba063222cfa55f514aa8e0602271d651e54a5ce6590
jhb_full382_unified_a_merge01_c0925_fpcut_2026_06_01_t00025284,jhb_full382_unified_a_merge01_c0925_fpcut_2026_06_01_c0005593,JNB0158,johannesburg,25283,28.0261698225,-26.1913539942,118.1533,d_lg_ge100,cbd,cbd25_spatial_crosswalk,stage2_precision,False,1df8516a96a3e443dcedbffdd197cc76ea107b8e6ddbf020ac37a411c3724741
jhb_full382_unified_a_merge01_c0925_fpcut_2026_06_01_t00025365,jhb_full382_unified_a_merge01_c0925_fpcut_2026_06_01_c0005665,JNB0159,johannesburg,25364,28.0343049459,-26.1906192713,413.0968,d_lg_ge100,cbd,cbd25_spatial_crosswalk,stage2_precision,False,1dfd1c681baf24a5324d0b58677c5ce3d5631b62ef8ec27e6dbd5b8f5e6db66b
jhb_full382_unified_a_merge01_c0925_fpcut_2026_06_01_t00023369,jhb_full382_unified_a_merge01_c0925_fpcut_2026_06_01_c0006267,JNB0135,johannesburg,23368,28.0359945605,-26.1840622855,261.1338,d_lg_ge100,cbd,cbd25_spatial_crosswalk,stage2_precision,False,208749f83ca14dc551d76f795b72842425a2263cd994b98c6d360795076ae9bd
jhb_full382_unified_a_merge01_c0925_fpcut_2026_06_01_t00025327,jhb_full382_unified_a_merge01_c0925_fpcut_2026_06_01_c0005355,JNB0158,johannesburg,25326,28.0282134106,-26.1937924170,218.1358,d_lg_ge100,cbd,cbd25_spatial_crosswalk,stage2_precision,False,20e4e8c4328c8ab778743500588a080de26978bd44f785ff9c6fd2546191f2b3
jhb_full382_unified_a_merge01_c0925_fpcut_2026_06_01_t00027651,jhb_full382_unified_a_merge01_c0925_fpcut_2026_06_01_c0004667,JNB0183,johannesburg,27650,28.0387360633,-26.2023980198,305.9606,d_lg_ge100,cbd,cbd25_spatial_crosswalk,stage2_precision,False,223a26b649efd0cc0448e0c32303b352e44c052cdc1c03cd117e0eeddc4d408f
jhb_full382_unified_a_merge01_c0925_fpcut_2026_06_01_t00027656,jhb_full382_unified_a_merge01_c0925_fpcut_2026_06_01_c0004620,JNB0183,johannesburg,27655,28.0396650729,-26.2031086176,319.7266,d_lg_ge100,cbd,cbd25_spatial_crosswalk,stage2_precision,False,27b213fcc27d61eff13bd0849196d0faad46b4974ac8ed8764c4b7dd86972ade
jhb_full382_unified_a_merge01_c0925_fpcut_2026_06_01_t00028661,jhb_full382_unified_a_merge01_c0925_fpcut_2026_06_01_c0004222,JNB0207,johannesburg,28660,28.0394491005,-26.2112811508,287.0354,d_lg_ge100,cbd,cbd25_spatial_crosswalk,stage2_precision,False,2831200c2dabe3d67d11818810daf629d6509290748bdfdb7c43d5cd62400b1f
jhb_full382_unified_a_merge01_c0925_fpcut_2026_06_01_t00027706,jhb_full382_unified_a_merge01_c0925_fpcut_2026_06_01_c0005033,JNB0184,johannesburg,27705,28.0474656371,-26.1984061825,136.1843,d_lg_ge100,cbd,cbd25_spatial_crosswalk,stage2_precision,False,2906a09ec1d604403c0404a3b24d175e9b8cb5445b05243ae1eb89b93b79c16c
jhb_full382_unified_a_merge01_c0925_fpcut_2026_06_01_t00023377,jhb_full382_unified_a_merge01_c0925_fpcut_2026_06_01_c0006467,JNB0136,johannesburg,23376,28.0443016688,-26.1826091264,104.3306,d_lg_ge100,cbd,cbd25_spatial_crosswalk,stage2_precision,False,294529d15a15debaa42242ae2854bfdfa28be0c2c8b7ca0851b10c63fd153f83
jhb_full382_unified_a_merge01_c0925_fpcut_2026_06_01_t00025442,jhb_full382_unified_a_merge01_c0925_fpcut_2026_06_01_c0005601,JNB0160,johannesburg,25441,28.0452202053,-26.1912737793,111.264,d_lg_ge100,cbd,cbd25_spatial_crosswalk,stage2_precision,False,2aba0559e064fd49bdfad9860c9671ab53d79f619f187903391c669f7687375c
jhb_full382_unified_a_merge01_c0925_fpcut_2026_06_01_t00025476,jhb_full382_unified_a_merge01_c0925_fpcut_2026_06_01_c0005365,JNB0161,johannesburg,25475,28.0539934833,-26.1940869224,313.4324,d_lg_ge100,cbd,cbd25_spatial_crosswalk,stage2_precision,False,2c1e82a2e8d7dfe650e0e43f0ea65dd65510ad330c448d09a97a1520ecd76480
jhb_full382_unified_a_merge01_c0925_fpcut_2026_06_01_t00027684,jhb_full382_unified_a_merge01_c0925_fpcut_2026_06_01_c0004585,JNB0184,johannesburg,27683,28.0435783714,-26.2043160857,240.6053,d_lg_ge100,cbd,cbd25_spatial_crosswalk,stage2_precision,False,2c55f38d89eda910a7437b7b744472a309893bb1c5e6842a87e7e7de21403acb
jhb_full382_unified_a_merge01_c0925_fpcut_2026_06_01_t00027700,jhb_full382_unified_a_merge01_c0925_fpcut_2026_06_01_c0005034,JNB0184,johannesburg,27699,28.0480083718,-26.1983545130,143.5074,d_lg_ge100,cbd,cbd25_spatial_crosswalk,stage2_precision,False,2c656b6461c423ef7c19ca9b1c9b9833fb989dda81b6c677bce2baddfa011e59
jhb_full382_unified_a_merge01_c0925_fpcut_2026_06_01_t00028602,jhb_full382_unified_a_merge01_c0925_fpcut_2026_06_01_c0004120,JNB0207,johannesburg,28601,28.0326982014,-26.2149700825,152.8668,d_lg_ge100,cbd,cbd25_spatial_crosswalk,stage2_precision,False,2c908e7a582d4e8a7e8399a30bfe0476be5d3c059dddcf0b8d39ef18829ffed1
jhb_full382_unified_a_merge01_c0925_fpcut_2026_06_01_t00025330,jhb_full382_unified_a_merge01_c0925_fpcut_2026_06_01_c0005356,JNB0158,johannesburg,25329,28.0290728539,-26.1937477394,267.1898,d_lg_ge100,cbd,cbd25_spatial_crosswalk,stage2_precision,False,2d1e26422b629a769d8954a14ef9b03a219c205813385be1f7313d99e3d8c83d
jhb_full382_unified_a_merge01_c0925_fpcut_2026_06_01_t00029469,jhb_full382_unified_a_merge01_c0925_fpcut_2026_06_01_c0004061,JNB0231,johannesburg,29468,28.0360263476,-26.2165288003,263.0877,d_lg_ge100,cbd,cbd25_spatial_crosswalk,stage2_precision,False,2e5cc52f86e33ed847412f6c141e1ba526e2076e8b5eb6c4ea913e3d11042440
jhb_full382_unified_a_merge01_c0925_fpcut_2026_06_01_t00028595,jhb_full382_unified_a_merge01_c0925_fpcut_2026_06_01_c0004119,JNB0207,johannesburg,28594,28.0323569123,-26.2148209185,141.1895,d_lg_ge100,cbd,cbd25_spatial_crosswalk,stage2_precision,False,2f97aa65900e62f868bcd6e9c37266ef82110c37d8920f4b89946ffb98b1149e
jhb_full382_unified_a_merge01_c0925_fpcut_2026_06_01_t00027848,jhb_full382_unified_a_merge01_c0925_fpcut_2026_06_01_c0004590,JNB0185,johannesburg,27847,28.0588649579,-26.2043461594,392.2579,d_lg_ge100,cbd,cbd25_spatial_crosswalk,stage2_precision,False,2fa98822571ed3ea2a2305617305607f34ec9848cfe8f2581e1c398c9f7ea779
jhb_full382_unified_a_merge01_c0925_fpcut_2026_06_01_t00028636,jhb_full382_unified_a_merge01_c0925_fpcut_2026_06_01_c0004329,JNB0207,johannesburg,28635,28.0395272415,-26.2097038180,244.0203,d_lg_ge100,cbd,cbd25_spatial_crosswalk,stage2_precision,False,320bd27aa86539427a618bdec776924fc23ffc807351731194e84fa0a79c2257
jhb_full382_unified_a_merge01_c0925_fpcut_2026_06_01_t00022909,jhb_full382_unified_a_merge01_c0925_fpcut_2026_06_01_c0006239,JNB0133,johannesburg,22908,28.0196915281,-26.1846989175,134.4857,d_lg_ge100,cbd,cbd25_spatial_crosswalk,stage2_precision,False,3302cf2eca165ad762ea4b195ed2e4a07b791c87d4f5c82f3c1fddfe0aa62ce8
jhb_full382_unified_a_merge01_c0925_fpcut_2026_06_01_t00025289,jhb_full382_unified_a_merge01_c0925_fpcut_2026_06_01_c0005503,JNB0158,johannesburg,25288,28.0302956462,-26.1920501941,106.537,d_lg_ge100,cbd,cbd25_spatial_crosswalk,stage2_precision,False,332c46fc8d05125c044ec254c1b60af6bc204345245241438fe6279c5cfcc737
jhb_full382_unified_a_merge01_c0925_fpcut_2026_06_01_t00029561,jhb_full382_unified_a_merge01_c0925_fpcut_2026_06_01_c0004010,JNB0232,johannesburg,29560,28.0459422437,-26.2174069139,118.4593,d_lg_ge100,cbd,cbd25_spatial_crosswalk,stage2_precision,False,33aff55f3d4ef32210611b1c8ae7f9454fd7afae65f5ab942eaf815cf390dda2
jhb_full382_unified_a_merge01_c0925_fpcut_2026_06_01_t00027607,jhb_full382_unified_a_merge01_c0925_fpcut_2026_06_01_c0004665,JNB0183,johannesburg,27606,28.0345809129,-26.2028312796,114.9205,d_lg_ge100,cbd,cbd25_spatial_crosswalk,stage2_precision,False,370955862bacdc1068f572ca81eee4015e2514f97109a65d44a4123416c09385
jhb_full382_unified_a_merge01_c0925_fpcut_2026_06_01_t00025295,jhb_full382_unified_a_merge01_c0925_fpcut_2026_06_01_c0005505,JNB0158,johannesburg,25294,28.0299862617,-26.1923271347,210.6794,d_lg_ge100,cbd,cbd25_spatial_crosswalk,stage2_precision,False,37fe1c46ee7506a2845da86decdff43baa298de18aec5bf51422765beb2940df
jhb_full382_unified_a_merge01_c0925_fpcut_2026_06_01_t00023380,jhb_full382_unified_a_merge01_c0925_fpcut_2026_06_01_c0006665,JNB0136,johannesburg,23379,28.0462815091,-26.1812997355,369.0313,d_lg_ge100,cbd,cbd25_spatial_crosswalk,stage2_precision,False,39150490ef60eeec8041c7247e0ae09b2afe6d15993b401e69a056759fc7589a
jhb_full382_unified_a_merge01_c0925_fpcut_2026_06_01_t00022869,jhb_full382_unified_a_merge01_c0925_fpcut_2026_06_01_c0006773,JNB0133,johannesburg,22868,28.0192557981,-26.1799789053,183.481,d_lg_ge100,cbd,cbd25_spatial_crosswalk,stage2_precision,False,3a7c79f789b3de206fc007f652ea5aeaccdaa5794da19029c3f8a6656901f375
jhb_full382_unified_a_merge01_c0925_fpcut_2026_06_01_t00022832,jhb_full382_unified_a_merge01_c0925_fpcut_2026_06_01_c0005999,JNB0133,johannesburg,22831,28.0138741680,-26.1867076718,186.3267,d_lg_ge100,cbd,cbd25_spatial_crosswalk,stage2_precision,False,3b19036dc39b032f71e683f68913a19c53a717ac739fedbbe7340c4b7f43968f
jhb_full382_unified_a_merge01_c0925_fpcut_2026_06_01_t00028495,jhb_full382_unified_a_merge01_c0925_fpcut_2026_06_01_c0004282,JNB0205,johannesburg,28494,28.0188966748,-26.2102582730,144.0923,d_lg_ge100,cbd,cbd25_spatial_crosswalk,stage2_precision,False,3b34e12ed4f1ee4297dbaa99f27f904925bd7109e1b9d3a52b2624356028268a
jhb_full382_unified_a_merge01_c0925_fpcut_2026_06_01_t00023152,jhb_full382_unified_a_merge01_c0925_fpcut_2026_06_01_c0006565,JNB0135,johannesburg,23151,28.0332708650,-26.1816486673,131.979,d_lg_ge100,cbd,cbd25_spatial_crosswalk,stage2_precision,False,3b4bead98ad0242b091f6e5a0a9f0e09e662037a1660b4eaa4dc873146cf549d
jhb_full382_unified_a_merge01_c0925_fpcut_2026_06_01_t00027851,jhb_full382_unified_a_merge01_c0925_fpcut_2026_06_01_c0004548,JNB0185,johannesburg,27850,28.0571657786,-26.2047011259,124.6201,d_lg_ge100,cbd,cbd25_spatial_crosswalk,stage2_precision,False,3b77d8d87496dde04273f7f8803bce61a85f64e8128ea454e090e12d7f7f6bc8
jhb_full382_unified_a_merge01_c0925_fpcut_2026_06_01_t00023151,jhb_full382_unified_a_merge01_c0925_fpcut_2026_06_01_c0006565,JNB0135,johannesburg,23150,28.0332567056,-26.1814715756,220.1517,d_lg_ge100,cbd,cbd25_spatial_crosswalk,stage2_precision,False,3d23f8f9506b6b9365b62ef25b3614ec111470d01123f64a5a8d857f6428f33a
jhb_full382_unified_a_merge01_c0925_fpcut_2026_06_01_t00029511,jhb_full382_unified_a_merge01_c0925_fpcut_2026_06_01_c0004063,JNB0231,johannesburg,29510,28.0362446077,-26.2163161043,614.0477,d_lg_ge100,cbd,cbd25_spatial_crosswalk,stage2_precision,False,3d3cdb5a9eff10f4f64f7f3a0cd204e4ade393d024d5f30a37bb72e4f61b16c3
jhb_full382_unified_a_merge01_c0925_fpcut_2026_06_01_t00027705,jhb_full382_unified_a_merge01_c0925_fpcut_2026_06_01_c0005032,JNB0184,johannesburg,27704,28.0472586178,-26.1984743489,330.1435,d_lg_ge100,cbd,cbd25_spatial_crosswalk,stage2_precision,False,3d41317788014e34a1797fc59b34b365228a1fd63994f56b762d33dca2282646
jhb_full382_unified_a_merge01_c0925_fpcut_2026_06_01_t00027840,jhb_full382_unified_a_merge01_c0925_fpcut_2026_06_01_c0004975,JNB0185,johannesburg,27839,28.0564524479,-26.1989218885,428.1312,d_lg_ge100,cbd,cbd25_spatial_crosswalk,stage2_precision,False,3e3f66f611fef39396363edf7b14d1c74101228fb88d5138f0ff6f0da70ac738
jhb_full382_unified_a_merge01_c0925_fpcut_2026_06_01_t00028579,jhb_full382_unified_a_merge01_c0925_fpcut_2026_06_01_c0004140,JNB0207,johannesburg,28578,28.0345267382,-26.2137708308,282.0496,d_lg_ge100,cbd,cbd25_spatial_crosswalk,stage2_precision,False,406b7ddd8e8eea00963fcfdc9f175a908db4e0379ecee80c4b8e787bd354eea3
jhb_full382_unified_a_merge01_c0925_fpcut_2026_06_01_t00029354,jhb_full382_unified_a_merge01_c0925_fpcut_2026_06_01_c0003910,JNB0229,johannesburg,29353,28.0156149755,-26.2206200800,587.6308,d_lg_ge100,cbd,cbd25_spatial_crosswalk,stage2_precision,False,4073356a1fe182c194654f11f3cb3a3ebaa7fd3587a486c3bbe6dba8afd4d208
jhb_full382_unified_a_merge01_c0925_fpcut_2026_06_01_t00028655,jhb_full382_unified_a_merge01_c0925_fpcut_2026_06_01_c0004223,JNB0207,johannesburg,28654,28.0408037012,-26.2108721443,326.7381,d_lg_ge100,cbd,cbd25_spatial_crosswalk,stage2_precision,False,408de0f4724a4f57b9860ef151c4bf7a684e6ba6fa7e3f18bc776c1edb8b04d8
jhb_full382_unified_a_merge01_c0925_fpcut_2026_06_01_t00023109,jhb_full382_unified_a_merge01_c0925_fpcut_2026_06_01_c0006154,JNB0134,johannesburg,23108,28.0302194201,-26.1852730849,214.5813,d_lg_ge100,cbd,cbd25_spatial_crosswalk,stage2_precision,False,43b892cd04887dc6119ee2c3497640605d8d33edb50ce6dfdd84c0d115e3e5ab
jhb_full382_unified_a_merge01_c0925_fpcut_2026_06_01_t00025486,jhb_full382_unified_a_merge01_c0925_fpcut_2026_06_01_c0005365,JNB0161,johannesburg,25485,28.0541485860,-26.1943174930,393.9582,d_lg_ge100,cbd,cbd25_spatial_crosswalk,stage2_precision,False,4436ae5b8c902d80edc6532c627d6afe60b8e8f6c08ab54ba86bd8c97c54e118
jhb_full382_unified_a_merge01_c0925_fpcut_2026_06_01_t00027660,jhb_full382_unified_a_merge01_c0925_fpcut_2026_06_01_c0004618,JNB0183,johannesburg,27659,28.0381880590,-26.2034526250,505.7013,d_lg_ge100,cbd,cbd25_spatial_crosswalk,stage2_precision,False,46037cf83ee110aedac458f27808a2bcd26642c2b39099f13ec7cd7735be2ce1
jhb_full382_unified_a_merge01_c0925_fpcut_2026_06_01_t00022863,jhb_full382_unified_a_merge01_c0925_fpcut_2026_06_01_c0006769,JNB0133,johannesburg,22862,28.0187377595,-26.1800746709,175.3292,d_lg_ge100,cbd,cbd25_spatial_crosswalk,stage2_precision,False,47397568892f6a7e4c2d5680694a6023853671b0e120adee86002063f58dd5f9
jhb_full382_unified_a_merge01_c0925_fpcut_2026_06_01_t00023350,jhb_full382_unified_a_merge01_c0925_fpcut_2026_06_01_c0006462,JNB0135,johannesburg,23349,28.0379222107,-26.1829889099,287.2134,d_lg_ge100,cbd,cbd25_spatial_crosswalk,stage2_precision,True,910de38ad0fac508a6753d1d8e89aef215a12b745153f62433bd95de3bc3f022
jhb_full382_unified_a_merge01_c0925_fpcut_2026_06_01_t00029933,jhb_full382_unified_a_merge01_c0925_fpcut_2026_06_01_c0003850,JNB0243,johannesburg,29932,28.1522236245,-26.2235702149,273.196,d_lg_ge100,industrial,osm_industrial_share_ge_0.03,stage2_precision,False,00104041a644f2d78a23685117e4e6b4c647454aa90e903e912abeecda2cf8d6
jhb_full382_unified_a_merge01_c0925_fpcut_2026_06_01_t00030134,jhb_full382_unified_a_merge01_c0925_fpcut_2026_06_01_c0003594,JNB0254,johannesburg,30133,28.0224824548,-26.2332877520,101.6067,d_lg_ge100,industrial,osm_industrial_share_ge_0.03,stage2_precision,False,005535e92c26072ab48759e391217f772ec2ef699a0fddb5a507eee30e653768
jhb_full382_unified_a_merge01_c0925_fpcut_2026_06_01_t00029148,jhb_full382_unified_a_merge01_c0925_fpcut_2026_06_01_c0004464,JNB0216,johannesburg,29147,28.1213051097,-26.2062177729,169.2423,d_lg_ge100,industrial,osm_industrial_share_ge_0.03,stage2_precision,False,01797fe468f8f9f2eb0d7d72a377292fb448873d3c3cc1438153ed8a444ff9a3
jhb_full382_unified_a_merge01_c0925_fpcut_2026_06_01_t00032140,jhb_full382_unified_a_merge01_c0925_fpcut_2026_06_01_c0003533,JNB0289,johannesburg,32139,28.1382641416,-26.2339682132,274.6941,d_lg_ge100,industrial,osm_industrial_share_ge_0.03,stage2_precision,False,01c6ae88f0d87b06f50e30aecc97bfc3b94f9bf01c2cf5d92e2fa577db419d37
jhb_full382_unified_a_merge01_c0925_fpcut_2026_06_01_t00033666,jhb_full382_unified_a_merge01_c0925_fpcut_2026_06_01_c0001925,JNB0315,johannesburg,33665,27.9757335949,-26.2589092945,643.1526,d_lg_ge100,industrial,osm_industrial_share_ge_0.03,stage2_precision,False,01ec5362cc2b7d0364848ba6ebbb78546fa190843ccf55d0bc9c73ae51160748
jhb_full382_unified_a_merge01_c0925_fpcut_2026_06_01_t00033101,jhb_full382_unified_a_merge01_c0925_fpcut_2026_06_01_c0002661,JNB0307,johannesburg,33100,28.0934471042,-26.2483004938,411.0493,d_lg_ge100,industrial,osm_industrial_share_ge_0.03,stage2_precision,False,025a10ad33a35b8370c5ee44f17231c7c399632f3d8f1aefa194acc2c69723d8
jhb_full382_unified_a_merge01_c0925_fpcut_2026_06_01_t00034115,jhb_full382_unified_a_merge01_c0925_fpcut_2026_06_01_c0002319,JNB0320,johannesburg,34114,28.0275706333,-26.2533663632,172.5465,d_lg_ge100,industrial,osm_industrial_share_ge_0.03,stage2_precision,False,036f5f30644c8d666cf86b0fe7054c492d4955b12d1d6e122b9a740ea6515284
jhb_full382_unified_a_merge01_c0925_fpcut_2026_06_01_t00030218,jhb_full382_unified_a_merge01_c0925_fpcut_2026_06_01_c0003776,JNB0256,johannesburg,30217,28.0439246318,-26.2279406736,154.3558,d_lg_ge100,industrial,coj_zoning_industrial_n3_purity_ge_0.70,stage2_precision,False,0396aeb193836c9b65b7ea3bd7769f834f5cdcd476092ddc35221e828f2477fc
jhb_full382_unified_a_merge01_c0925_fpcut_2026_06_01_t00026809,jhb_full382_unified_a_merge01_c0925_fpcut_2026_06_01_c0004691,JNB0174,johannesburg,26808,27.9420350077,-26.2019899329,402.4171,d_lg_ge100,industrial,coj_zoning_industrial_n3_purity_ge_0.70,stage2_precision,False,0424c9dbd3c6861ef0a437655d5e3a6926f410c8b69b509c6a930e4bd6dfe553
jhb_full382_unified_a_merge01_c0925_fpcut_2026_06_01_t00029142,jhb_full382_unified_a_merge01_c0925_fpcut_2026_06_01_c0004146,JNB0215,johannesburg,29141,28.1209965034,-26.2130627902,181.0127,d_lg_ge100,industrial,osm_industrial_share_ge_0.03,stage2_precision,False,05234eac6544e757ac7939b55e3e3d7c1a58bd095df20054c43747e40a6a8bfb
jhb_full382_unified_a_merge01_c0925_fpcut_2026_06_01_t00026821,jhb_full382_unified_a_merge01_c0925_fpcut_2026_06_01_c0004605,JNB0174,johannesburg,26820,27.9443973658,-26.2042663116,185.8408,d_lg_ge100,industrial,coj_zoning_industrial_n3_purity_ge_0.70,stage2_precision,False,053098cdb689f92c118d2d4a813359f1a93645548efd6c76215aacd783370839
jhb_full382_unified_a_merge01_c0925_fpcut_2026_06_01_t00024930,jhb_full382_unified_a_merge01_c0925_fpcut_2026_06_01_c0005270,JNB0149,johannesburg,24929,27.9332541766,-26.1954434611,459.302,d_lg_ge100,industrial,osm_industrial_share_ge_0.03,stage2_precision,False,05d16055b57b9d9e6e3b16a167e2431ae77388f7ad3da4900e26c52fba5b793c
jhb_full382_unified_a_merge01_c0925_fpcut_2026_06_01_t00029212,jhb_full382_unified_a_merge01_c0925_fpcut_2026_06_01_c0003853,JNB0221,johannesburg,29211,27.9379642606,-26.2237966232,128.54,d_lg_ge100,industrial,coj_zoning_industrial_n3_purity_ge_0.70,stage2_precision,False,069590b9e98d9b2dc9bc0e47c73d90ce54576ab6bc6cb8d95e3e3464a5f5c4b3
jhb_full382_unified_a_merge01_c0925_fpcut_2026_06_01_t00029906,jhb_full382_unified_a_merge01_c0925_fpcut_2026_06_01_c0003845,JNB0243,johannesburg,29905,28.1522532721,-26.2230813223,399.7722,d_lg_ge100,industrial,osm_industrial_share_ge_0.03,stage2_precision,False,09c3ff3a32d75e71ac1d5ef8f90ae2e2821304fe772f9c393ad550fb5ee50081
jhb_full382_unified_a_merge01_c0925_fpcut_2026_06_01_t00030223,jhb_full382_unified_a_merge01_c0925_fpcut_2026_06_01_c0003684,JNB0256,johannesburg,30222,28.0454618348,-26.2313388800,102.9858,d_lg_ge100,industrial,coj_zoning_industrial_n3_purity_ge_0.70,stage2_precision,False,0a0587f02845188cfd7e7cea59dcf5180cbec88c33b1a7e14a47bb3a7419bc23
jhb_full382_unified_a_merge01_c0925_fpcut_2026_06_01_t00027016,jhb_full382_unified_a_merge01_c0925_fpcut_2026_06_01_c0004778,JNB0176,johannesburg,27015,27.9687456349,-26.2009795654,543.8662,d_lg_ge100,industrial,osm_industrial_share_ge_0.03,stage2_precision,False,0c8be36da853b3cc50ce554c321944a9b502a96feac09c7944bb399a31d32850
jhb_full382_unified_a_merge01_c0925_fpcut_2026_06_01_t00033645,jhb_full382_unified_a_merge01_c0925_fpcut_2026_06_01_c0001971,JNB0315,johannesburg,33644,27.9721103370,-26.2576666362,333.1621,d_lg_ge100,industrial,osm_industrial_share_ge_0.03,stage2_precision,False,0ced35f291107352a7b32b81b7cdad07a068ebfccb4ba52c82671f34b2344864
jhb_full382_unified_a_merge01_c0925_fpcut_2026_06_01_t00033138,jhb_full382_unified_a_merge01_c0925_fpcut_2026_06_01_c0002940,JNB0307,johannesburg,33137,28.1010343405,-26.2441062381,499.394,d_lg_ge100,industrial,osm_industrial_share_ge_0.03,stage2_precision,False,0d44029a628fef64058f62b92a7a2f282c849ee6a3b479404021a2e23384ca1e
jhb_full382_unified_a_merge01_c0925_fpcut_2026_06_01_t00027169,jhb_full382_unified_a_merge01_c0925_fpcut_2026_06_01_c0004646,JNB0177,johannesburg,27168,27.9782986930,-26.2027990926,146.4428,d_lg_ge100,industrial,coj_zoning_industrial_n3_purity_ge_0.70,stage2_precision,False,0de9113c381cc7a84715640adeb895dd3f4d7475b664e4a524a6f411a19cc67b
jhb_full382_unified_a_merge01_c0925_fpcut_2026_06_01_t00033211,jhb_full382_unified_a_merge01_c0925_fpcut_2026_06_01_c0002731,JNB0307,johannesburg,33210,28.0973898547,-26.2473116853,175.8811,d_lg_ge100,industrial,osm_industrial_share_ge_0.03,stage2_precision,False,0e8a68d73c3e6d94d8f1473a39af96f4e2cfc79bf52c09bb86b27dcb212e1ccf
jhb_full382_unified_a_merge01_c0925_fpcut_2026_06_01_t00033191,jhb_full382_unified_a_merge01_c0925_fpcut_2026_06_01_c0002796,JNB0307,johannesburg,33190,28.1002881014,-26.2463945646,160.9598,d_lg_ge100,industrial,osm_industrial_share_ge_0.03,stage2_precision,False,0ebbe19a72064e70cf6aa6743fc603d1cf74c642ec3a90981dcff87768cd552e
jhb_full382_unified_a_merge01_c0925_fpcut_2026_06_01_t00032746,jhb_full382_unified_a_merge01_c0925_fpcut_2026_06_01_c0002828,JNB0299,johannesburg,32745,28.0156886177,-26.2459953353,108.6559,d_lg_ge100,industrial,osm_industrial_share_ge_0.03,stage2_precision,False,0f693aee073ee3b608dd06d6b8eabce2c2ecc39254ed1834c6a973d2fb826b7f
jhb_full382_unified_a_merge01_c0925_fpcut_2026_06_01_t00030213,jhb_full382_unified_a_merge01_c0925_fpcut_2026_06_01_c0003776,JNB0256,johannesburg,30212,28.0439185089,-26.2277685153,161.9388,d_lg_ge100,industrial,coj_zoning_industrial_n3_purity_ge_0.70,stage2_precision,False,0f8606c2378ad6f36e6ec8ba3e5e0eedbf517aafe65c8e904b7797721306c94d
jhb_full382_unified_a_merge01_c0925_fpcut_2026_06_01_t00030224,jhb_full382_unified_a_merge01_c0925_fpcut_2026_06_01_c0003684,JNB0256,johannesburg,30223,28.0455183791,-26.2314567296,108.3988,d_lg_ge100,industrial,coj_zoning_industrial_n3_purity_ge_0.70,stage2_precision,False,0fa6318ea0906c1bd5306bd43e9cfc2c252a30a1b61cb32214093506a43e1c29
jhb_full382_unified_a_merge01_c0925_fpcut_2026_06_01_t00032052,jhb_full382_unified_a_merge01_c0925_fpcut_2026_06_01_c0003478,JNB0288,johannesburg,32051,28.1281426148,-26.2349080882,159.3649,d_lg_ge100,industrial,osm_industrial_share_ge_0.03,stage2_precision,False,0fa68930b9e7a03359560693cc224e063e979c493d7760de200d9bd24112c3c6
jhb_full382_unified_a_merge01_c0925_fpcut_2026_06_01_t00032735,jhb_full382_unified_a_merge01_c0925_fpcut_2026_06_01_c0002831,JNB0299,johannesburg,32734,28.0159169711,-26.2458137369,228.6358,d_lg_ge100,industrial,osm_industrial_share_ge_0.03,stage2_precision,False,0fc43a38add3ec72a700bf692611ffc13e1ed9bc2cc7dacb73c7f74d021705d6
jhb_full382_unified_a_merge01_c0925_fpcut_2026_06_01_t00029183,jhb_full382_unified_a_merge01_c0925_fpcut_2026_06_01_c0004264,JNB0218,johannesburg,29182,28.1482955688,-26.2104249127,107.3677,d_lg_ge100,industrial,osm_industrial_share_ge_0.03,stage2_precision,False,10f26c4a92de2c3f204bd898b45a059069879090f715c3ae553c6971e0bd72df
jhb_full382_unified_a_merge01_c0925_fpcut_2026_06_01_t00029743,jhb_full382_unified_a_merge01_c0925_fpcut_2026_06_01_c0003877,JNB0240,johannesburg,29742,28.1216695726,-26.2224404191,144.6997,d_lg_ge100,industrial,osm_industrial_share_ge_0.03,stage2_precision,False,10fac389031ffeeddb6b357f522da28739527023e185fd84dacf32c592f9ae08
jhb_full382_unified_a_merge01_c0925_fpcut_2026_06_01_t00033146,jhb_full382_unified_a_merge01_c0925_fpcut_2026_06_01_c0002844,JNB0307,johannesburg,33145,28.1004214535,-26.2457563390,106.1804,d_lg_ge100,industrial,osm_industrial_share_ge_0.03,stage2_precision,False,111e02806150335ec5e0089e9c6b0794e948252536b6f9b9d1d598f3c0546437
jhb_full382_unified_a_merge01_c0925_fpcut_2026_06_01_t00027183,jhb_full382_unified_a_merge01_c0925_fpcut_2026_06_01_c0004518,JNB0177,johannesburg,27182,27.9780061265,-26.2059767903,274.3868,d_lg_ge100,industrial,coj_zoning_industrial_n3_purity_ge_0.70,stage2_precision,False,11726ba9aa72516d5f1fff8b9e2cae29b72a157d948887bfa131ec5173f9ba8e
jhb_full382_unified_a_merge01_c0925_fpcut_2026_06_01_t00026923,jhb_full382_unified_a_merge01_c0925_fpcut_2026_06_01_c0004775,JNB0176,johannesburg,26922,27.9651418280,-26.2011371306,338.1965,d_lg_ge100,industrial,osm_industrial_share_ge_0.03,stage2_precision,False,123f405f83cf98f2ba949c69b8ecf2abf44c9ca0d82f859196d37059e3fce07f
jhb_full382_unified_a_merge01_c0925_fpcut_2026_06_01_t00029779,jhb_full382_unified_a_merge01_c0925_fpcut_2026_06_01_c0004084,JNB0242,johannesburg,29778,28.1447087175,-26.2154329380,174.4857,d_lg_ge100,industrial,osm_industrial_share_ge_0.03,stage2_precision,False,13980b3bf8ae8969da93d3f8993bea4086142f77bb95363f65f938cffdb40d95
jhb_full382_unified_a_merge01_c0925_fpcut_2026_06_01_t00034080,jhb_full382_unified_a_merge01_c0925_fpcut_2026_06_01_c0002107,JNB0320,johannesburg,34079,28.0235829476,-26.2557625870,131.0671,d_lg_ge100,industrial,osm_industrial_share_ge_0.03,stage2_precision,False,14a924b43b41d32901c95c0a2917aa23872ed17fd30caf10cb0bbdf2d21db612
jhb_full382_unified_a_merge01_c0925_fpcut_2026_06_01_t00033048,jhb_full382_unified_a_merge01_c0925_fpcut_2026_06_01_c0002715,JNB0307,johannesburg,33047,28.0931472156,-26.2474727307,250.9019,d_lg_ge100,industrial,osm_industrial_share_ge_0.03,stage2_precision,False,15198dcdc64c8d0c4ac504dce27ca7f3e590b34a63c660416dfacb302fe945fa
jhb_full382_unified_a_merge01_c0925_fpcut_2026_06_01_t00029939,jhb_full382_unified_a_merge01_c0925_fpcut_2026_06_01_c0003821,JNB0243,johannesburg,29938,28.1529113350,-26.2238445415,324.5612,d_lg_ge100,industrial,osm_industrial_share_ge_0.03,stage2_precision,False,15d70a4dfbb875fe1705d21540572f296fcf2f9282afda45559b124b35753697
jhb_full382_unified_a_merge01_c0925_fpcut_2026_06_01_t00041291,jhb_full382_unified_a_merge01_c0925_fpcut_2026_06_01_c0015104,JNB0025,johannesburg,41290,28.0836753026,-26.1196109025,141.3098,d_lg_ge100,industrial,osm_industrial_share_ge_0.03,stage2_precision,False,1604bc0e0db1db60ec7cde6edc7a4b603d39821f3143f15fb9f0e3ff7cb92014
jhb_full382_unified_a_merge01_c0925_fpcut_2026_06_01_t00033282,jhb_full382_unified_a_merge01_c0925_fpcut_2026_06_01_c0002543,JNB0308,johannesburg,33281,28.1023417010,-26.2494960394,117.2738,d_lg_ge100,industrial,osm_industrial_share_ge_0.03,stage2_precision,False,16ee0af4a92e1e8dbf3af4704fe919f6d1d8a2ee972430995b68199f9b975c34
jhb_full382_unified_a_merge01_c0925_fpcut_2026_06_01_t00030698,jhb_full382_unified_a_merge01_c0925_fpcut_2026_06_01_c0003816,JNB0266,johannesburg,30697,28.1437870021,-26.2241010224,440.4079,d_lg_ge100,industrial,osm_industrial_share_ge_0.03,stage2_precision,False,182dadebc936653304b80b6761fc3d053b042360831867c14713d1048d8b757f
jhb_full382_unified_a_merge01_c0925_fpcut_2026_06_01_t00033647,jhb_full382_unified_a_merge01_c0925_fpcut_2026_06_01_c0001971,JNB0315,johannesburg,33646,27.9718814111,-26.2577835664,211.7636,d_lg_ge100,industrial,osm_industrial_share_ge_0.03,stage2_precision,False,1bace2fef9aed3286669a4170934daa9889377d86a6153e3cd2b8e99f0041f8b
jhb_full382_unified_a_merge01_c0925_fpcut_2026_06_01_t00030727,jhb_full382_unified_a_merge01_c0925_fpcut_2026_06_01_c0003800,JNB0267,johannesburg,30726,28.1526548687,-26.2249603061,561.7737,d_lg_ge100,industrial,osm_industrial_share_ge_0.03,stage2_precision,False,1c7bdf8cd0b4a17c50ce31819881e289061d96151a461e20c7c92692b9771c7f
jhb_full382_unified_a_merge01_c0925_fpcut_2026_06_01_t00030167,jhb_full382_unified_a_merge01_c0925_fpcut_2026_06_01_c0003679,JNB0254,johannesburg,30166,28.0281746035,-26.2310557184,451.5522,d_lg_ge100,industrial,osm_industrial_share_ge_0.03,stage2_precision,False,1cdb53eefec17dff38f3bcdee8762c18726ccd6abd0c62d05719822b2caec8ae
jhb_full382_unified_a_merge01_c0925_fpcut_2026_06_01_t00030211,jhb_full382_unified_a_merge01_c0925_fpcut_2026_06_01_c0003810,JNB0256,johannesburg,30210,28.0442020392,-26.2251246917,111.5257,d_lg_ge100,industrial,coj_zoning_industrial_n3_purity_ge_0.70,stage2_precision,False,1daa085b12825c7ad37e627dc937b82d057be718ff56bdef1819eafede4624ca
jhb_full382_unified_a_merge01_c0925_fpcut_2026_06_01_t00029144,jhb_full382_unified_a_merge01_c0925_fpcut_2026_06_01_c0004146,JNB0215,johannesburg,29143,28.1210086121,-26.2131625422,191.5168,d_lg_ge100,industrial,osm_industrial_share_ge_0.03,stage2_precision,False,1e9f54e759d158297eb97fedfa31b630e7889e199f6766f3061fde6355d85346
jhb_full382_unified_a_merge01_c0925_fpcut_2026_06_01_t00002485,jhb_full382_unified_a_merge01_c0925_fpcut_2026_06_01_c0014418,JNB0043,johannesburg,2484,28.1484022546,-26.1290980353,287.0327,d_lg_ge100,industrial,osm_industrial_share_ge_0.03,stage2_precision,False,20833f406623d330eb024cc64ee3622f1dfdf8d89608030a730680dd3a81a8c9
jhb_full382_unified_a_merge01_c0925_fpcut_2026_06_01_t00030200,jhb_full382_unified_a_merge01_c0925_fpcut_2026_06_01_c0003649,JNB0255,johannesburg,30199,28.0320403565,-26.2315740546,145.3263,d_lg_ge100,industrial,osm_industrial_share_ge_0.03,stage2_precision,True,23a2f9c78fb55495d78b880adc8403dafe2ea8149321aba84fc6d64ff76644a8
jhb_full382_unified_a_merge01_c0925_fpcut_2026_06_01_t00034068,jhb_full382_unified_a_merge01_c0925_fpcut_2026_06_01_c0001988,JNB0319,johannesburg,34067,28.0192384064,-26.2577298536,138.302,d_lg_ge100,industrial,osm_industrial_share_ge_0.03,stage2_precision,False,23f0acc367bde0df83da0b7b9619c42553d646ebc826e78393bfb4d9433dad6a
jhb_full382_unified_a_merge01_c0925_fpcut_2026_06_01_t00032364,jhb_full382_unified_a_merge01_c0925_fpcut_2026_06_01_c0002499,JNB0295,johannesburg,32363,27.9748172745,-26.2511363094,815.5719,d_lg_ge100,industrial,osm_industrial_share_ge_0.03,stage2_precision,False,2493241a00d06944e311f2b7dda9fda7401f0466dd2a6013981eaa6633260a73
jhb_full382_unified_a_merge01_c0925_fpcut_2026_06_01_t00032048,jhb_full382_unified_a_merge01_c0925_fpcut_2026_06_01_c0003482,JNB0288,johannesburg,32047,28.1303488526,-26.2348210713,295.9489,d_lg_ge100,industrial,osm_industrial_share_ge_0.03,stage2_precision,False,254b9e6bc772c8ff9f521adf5128345a5b628531bea83493b72ab0acd0ed5bee
jhb_full382_unified_a_merge01_c0925_fpcut_2026_06_01_t00032067,jhb_full382_unified_a_merge01_c0925_fpcut_2026_06_01_c0003369,JNB0288,johannesburg,32066,28.1285060709,-26.2369637824,151.9026,d_lg_ge100,industrial,osm_industrial_share_ge_0.03,stage2_precision,False,25866bea5c87fe29030061f14a5e597eb8aaab07d33ee194f06bd1bc3cc43014
jhb_full382_unified_a_merge01_c0925_fpcut_2026_06_01_t00032333,jhb_full382_unified_a_merge01_c0925_fpcut_2026_06_01_c0002496,JNB0295,johannesburg,32332,27.9751540552,-26.2503763866,182.0307,d_lg_ge100,industrial,osm_industrial_share_ge_0.03,stage2_precision,False,287bf794231200e7987af8b51f429d46f683a64a46b1014b7c748b24491c6d6a
jhb_full382_unified_a_merge01_c0925_fpcut_2026_06_01_t00033564,jhb_full382_unified_a_merge01_c0925_fpcut_2026_06_01_c0002282,JNB0315,johannesburg,33563,27.9742146405,-26.2529045060,457.0822,d_lg_ge100,industrial,osm_industrial_share_ge_0.03,stage2_precision,False,28ba8d20484635a35af9778a8de4f1beafef64745ef30e25f6ee7a7ebb1d5218
jhb_full382_unified_a_merge01_c0925_fpcut_2026_06_01_t00033716,jhb_full382_unified_a_merge01_c0925_fpcut_2026_06_01_c0002292,JNB0315,johannesburg,33715,27.9765041114,-26.2533536164,100.789,d_lg_ge100,industrial,osm_industrial_share_ge_0.03,stage2_precision,False,28ea7698dda316b9410d439410a8950313850b8e821f96a1b0a6132e2ca1d85c
jhb_full382_unified_a_merge01_c0925_fpcut_2026_06_01_t00029902,jhb_full382_unified_a_merge01_c0925_fpcut_2026_06_01_c0003886,JNB0243,johannesburg,29901,28.1525504768,-26.2226622197,189.1057,d_lg_ge100,industrial,osm_industrial_share_ge_0.03,stage2_precision,False,298cf9e65f2a8c56d2b339170db5625c603ed41b26198b932fd62488aefbcccb
jhb_full382_unified_a_merge01_c0925_fpcut_2026_06_01_t00026807,jhb_full382_unified_a_merge01_c0925_fpcut_2026_06_01_c0004691,JNB0174,johannesburg,26806,27.9419343236,-26.2020777652,562.6723,d_lg_ge100,industrial,coj_zoning_industrial_n3_purity_ge_0.70,stage2_precision,False,2a291a4411a8795063426618006deb7443e10bc1bd9b2c558cd5f59c41b4b61f
jhb_full382_unified_a_merge01_c0925_fpcut_2026_06_01_t00032066,jhb_full382_unified_a_merge01_c0925_fpcut_2026_06_01_c0003369,JNB0288,johannesburg,32065,28.1285631765,-26.2369616328,153.9241,d_lg_ge100,industrial,osm_industrial_share_ge_0.03,stage2_precision,False,2a7c3de9a2cd9c5902de17ba623fff9183dd81547f821ab2c11fd7c352b23f33
jhb_full382_unified_a_merge01_c0925_fpcut_2026_06_01_t00027063,jhb_full382_unified_a_merge01_c0925_fpcut_2026_06_01_c0004863,JNB0177,johannesburg,27062,27.9736562267,-26.2003971264,241.7069,d_lg_ge100,industrial,coj_zoning_industrial_n3_purity_ge_0.70,stage2_precision,False,2acd4846f2b1f55c6cd6979db2c26e0dc44a65c569545065a24d3ff47268f5aa
jhb_full382_unified_a_merge01_c0925_fpcut_2026_06_01_t00026927,jhb_full382_unified_a_merge01_c0925_fpcut_2026_06_01_c0004775,JNB0176,johannesburg,26926,27.9652305135,-26.2012623019,162.7824,d_lg_ge100,industrial,osm_industrial_share_ge_0.03,stage2_precision,False,2aced7b7ae0ed28ef3c1cb77524d71a511333148dbda488960d10fe124e294c5
jhb_full382_unified_a_merge01_c0925_fpcut_2026_06_01_t00033216,jhb_full382_unified_a_merge01_c0925_fpcut_2026_06_01_c0002734,JNB0307,johannesburg,33215,28.0974751309,-26.2476334507,179.3468,d_lg_ge100,industrial,osm_industrial_share_ge_0.03,stage2_precision,False,2b0782b2d1312639d801000c76e4ff589fc7dc7f246349defb0a597de07cf0a2
jhb_full382_unified_a_merge01_c0925_fpcut_2026_06_01_t00030692,jhb_full382_unified_a_merge01_c0925_fpcut_2026_06_01_c0003669,JNB0265,johannesburg,30691,28.1393191421,-26.2311656449,572.3453,d_lg_ge100,industrial,osm_industrial_share_ge_0.03,stage2_precision,False,2cba33e4053071fb02d9e345a9f5e1b3dcff079eb9472290f341f5883ef81342
jhb_full382_unified_a_merge01_c0925_fpcut_2026_06_01_t00033396,jhb_full382_unified_a_merge01_c0925_fpcut_2026_06_01_c0002995,JNB0310,johannesburg,33395,28.1273868387,-26.2422788073,152.1609,d_lg_ge100,industrial,osm_industrial_share_ge_0.03,stage2_precision,False,2d50d0d5f43cab13f324b1c62c1bf853cf150eb73d2fb8310fa72ea26aee1a31
jhb_full382_unified_a_merge01_c0925_fpcut_2026_06_01_t00033215,jhb_full382_unified_a_merge01_c0925_fpcut_2026_06_01_c0002736,JNB0307,johannesburg,33214,28.0976738434,-26.2474582099,171.5708,d_lg_ge100,industrial,osm_industrial_share_ge_0.03,stage2_precision,False,2d87be7b5ae088b07ad393c5ff8bf8d4a8a0f77610780dea06e9bbd411a158ac
jhb_full382_unified_a_merge01_c0925_fpcut_2026_06_01_t00029884,jhb_full382_unified_a_merge01_c0925_fpcut_2026_06_01_c0003942,JNB0243,johannesburg,29883,28.1518784872,-26.2187722936,690.3263,d_lg_ge100,industrial,osm_industrial_share_ge_0.03,stage2_precision,False,2daa40f607a86ec6248ec574ed364413863d5a7bc7c9fc8cd48b99f984a50e28
jhb_full382_unified_a_merge01_c0925_fpcut_2026_06_01_t00030205,jhb_full382_unified_a_merge01_c0925_fpcut_2026_06_01_c0003649,JNB0255,johannesburg,30204,28.0320342700,-26.2316575572,368.4584,d_lg_ge100,industrial,osm_industrial_share_ge_0.03,stage2_precision,True,3d3443035fbf30ccd2db65aebdedc19fc67e1eda0b21ea3739de359ea3ce7b97
jhb_full382_unified_a_merge01_c0925_fpcut_2026_06_01_t00033653,jhb_full382_unified_a_merge01_c0925_fpcut_2026_06_01_c0001921,JNB0315,johannesburg,33652,27.9755343092,-26.2585592449,158.8019,d_lg_ge100,industrial,osm_industrial_share_ge_0.03,stage2_precision,True,3fc03f0906c820a877d6e832284fd327c1f0b041259802fba920ef7c7a3cc40d
jhb_full382_unified_a_merge01_c0925_fpcut_2026_06_01_t00033655,jhb_full382_unified_a_merge01_c0925_fpcut_2026_06_01_c0001921,JNB0315,johannesburg,33654,27.9757882110,-26.2585701045,319.6334,d_lg_ge100,industrial,osm_industrial_share_ge_0.03,stage2_precision,True,58e1abef2a7fe115ebd20dad8d97b3e49726b0bca0fc3e5fc5f32e12809ce48c
jhb_full382_unified_a_merge01_c0925_fpcut_2026_06_01_t00039698,jhb_full382_unified_a_merge01_c0925_fpcut_2026_06_01_c0015563,JNB0015,johannesburg,39697,28.0808204678,-26.1104167669,114.4462,d_lg_ge100,industrial,osm_industrial_share_ge_0.03,stage2_precision,True,607ec0c3b169f7ca9183169c82bb3c658d2d743f7c8573cb031283de6be8004a
jhb_full382_unified_a_merge01_c0925_fpcut_2026_06_01_t00033654,jhb_full382_unified_a_merge01_c0925_fpcut_2026_06_01_c0001921,JNB0315,johannesburg,33653,27.9756977736,-26.2585665294,320.4853,d_lg_ge100,industrial,osm_industrial_share_ge_0.03,stage2_precision,True,ea9ca1b6fc92ee751d05fb7b04c8ec7ec81913f41d27d09b229065e5f6ddf96a
jhb_full382_unified_a_merge01_c0925_fpcut_2026_06_01_t00028109,jhb_full382_unified_a_merge01_c0925_fpcut_2026_06_01_c0004502,JNB0190,johannesburg,28108,28.1020536817,-26.2057848274,143.547,d_lg_ge100,residential,residential_fallback,stage2_precision,False,009a3e471bceca518e59089063c348d3ae7364be9241b3dde0fda3267355177c
jhb_full382_unified_a_merge01_c0925_fpcut_2026_06_01_t00030097,jhb_full382_unified_a_merge01_c0925_fpcut_2026_06_01_c0003715,JNB0253,johannesburg,30096,28.0200254714,-26.2305837828,190.8117,d_lg_ge100,residential,residential_fallback,stage2_precision,False,00b78c0d8a8d1bb793e26c6e5aa65b7772c05e80f42e01d7bb68e97a0ed8c4ec
jhb_full382_unified_a_merge01_c0925_fpcut_2026_06_01_t00039285,jhb_full382_unified_a_merge01_c0925_fpcut_2026_06_01_c0015745,JNB0012,johannesburg,39284,28.1341959907,-26.1023812001,544.5906,d_lg_ge100,residential,residential_fallback,stage2_precision,False,0147a86f72a73375738f84f7793e731f3c42ba72ebfd55d24ab2326e4910d4a1
jhb_full382_unified_a_merge01_c0925_fpcut_2026_06_01_t00029680,jhb_full382_unified_a_merge01_c0925_fpcut_2026_06_01_c0003836,JNB0236,johannesburg,29679,28.0817311903,-26.2239616984,805.6921,d_lg_ge100,residential,residential_fallback,stage2_precision,False,0156dcda784dbac6f38e585b6afc60aa4376a490d24891e00f065154746f477c
jhb_full382_unified_a_merge01_c0925_fpcut_2026_06_01_t00022712,jhb_full382_unified_a_merge01_c0925_fpcut_2026_06_01_c0006444,JNB0132,johannesburg,22711,28.0077409483,-26.1826391399,100.8806,d_lg_ge100,residential,residential_fallback,stage2_precision,False,019079ecc48ad43cd49a38a16c9ea68d2a5682664cc38ef3677d90671cb37b9e
jhb_full382_unified_a_merge01_c0925_fpcut_2026_06_01_t00025199,jhb_full382_unified_a_merge01_c0925_fpcut_2026_06_01_c0005160,JNB0156,johannesburg,25198,28.0039346865,-26.1967192841,774.772,d_lg_ge100,residential,residential_fallback,stage2_precision,False,01ddb0f5718a8ece6dda28e6aeb5112f5b7f651b121771fa2a2b9c2d1c77eb02
jhb_full382_unified_a_merge01_c0925_fpcut_2026_06_01_t00030088,jhb_full382_unified_a_merge01_c0925_fpcut_2026_06_01_c0003641,JNB0253,johannesburg,30087,28.0130389044,-26.2321299320,106.4412,d_lg_ge100,residential,residential_fallback,stage2_precision,False,022672996daf43dc855313cf1b9c0fa215d7c39bc5aab0f1e191bcaf6de30afa
jhb_full382_unified_a_merge01_c0925_fpcut_2026_06_01_t00040285,jhb_full382_unified_a_merge01_c0925_fpcut_2026_06_01_c0015384,JNB0021,johannesburg,40284,28.1443793310,-26.1146807018,162.0665,d_lg_ge100,residential,residential_fallback,stage2_precision,False,02ae406dbfbf2849e85c89b17f3630e1b76431e1f0199e9e9c98f93ada43a793
jhb_full382_unified_a_merge01_c0925_fpcut_2026_06_01_t00023699,jhb_full382_unified_a_merge01_c0925_fpcut_2026_06_01_c0006800,JNB0143,johannesburg,23698,28.1150086186,-26.1798002119,215.4461,d_lg_ge100,residential,residential_fallback,stage2_precision,False,02c49ab0618b7f6d99472bdb873a3c3ef3d1f79c31cf05894f9ce6ea05a0c6a3
jhb_full382_unified_a_merge01_c0925_fpcut_2026_06_01_t00026351,jhb_full382_unified_a_merge01_c0925_fpcut_2026_06_01_c0005552,JNB0168,johannesburg,26350,28.1296693867,-26.1919774304,229.319,d_lg_ge100,residential,residential_fallback,stage2_precision,False,02fd6f7db1dfb14d07d85620329c938f94af86c67605c3d0a9995bd7d5a343e8
jhb_full382_unified_a_merge01_c0925_fpcut_2026_06_01_t00032916,jhb_full382_unified_a_merge01_c0925_fpcut_2026_06_01_c0002875,JNB0303,johannesburg,32915,28.0542888054,-26.2443410816,405.1076,d_lg_ge100,residential,residential_fallback,stage2_precision,False,032f5abf230858208c9a7a5563b55f77b2114f5bcc7b3eb64890c660599b7132
jhb_full382_unified_a_merge01_c0925_fpcut_2026_06_01_t00005038,jhb_full382_unified_a_merge01_c0925_fpcut_2026_06_01_c0012920,JNB0052,johannesburg,5037,28.1074717379,-26.1420330615,133.9367,d_lg_ge100,residential,residential_fallback,stage2_precision,False,03902cd11a07c528f0453e2c5e9725b700504dd318710dc5661beb1bbe62d350
jhb_full382_unified_a_merge01_c0925_fpcut_2026_06_01_t00030364,jhb_full382_unified_a_merge01_c0925_fpcut_2026_06_01_c0003744,JNB0260,johannesburg,30363,28.0880671559,-26.2292671693,189.6802,d_lg_ge100,residential,residential_fallback,stage2_precision,False,03bc025f3fa5f1421368899f7a661bac33a5a76071559fcf7fde0d56d77175f6
jhb_full382_unified_a_merge01_c0925_fpcut_2026_06_01_t00016029,jhb_full382_unified_a_merge01_c0925_fpcut_2026_06_01_c0009269,JNB0094,johannesburg,16028,28.0519256527,-26.1641857632,151.1863,d_lg_ge100,residential,residential_fallback,stage2_precision,False,03c672c04606135ed96b0a8b29e27355e0223765777ba0c51d93fa05313e9439
jhb_full382_unified_a_merge01_c0925_fpcut_2026_06_01_t00003086,jhb_full382_unified_a_merge01_c0925_fpcut_2026_06_01_c0012838,JNB0046,johannesburg,3085,28.0442528393,-26.1425880570,173.9994,d_lg_ge100,residential,residential_fallback,stage2_precision,False,049b300611a00f31e479b39d6a711a9d9e002639ad15c39a26f9b1664f282d74
jhb_full382_unified_a_merge01_c0925_fpcut_2026_06_01_t00029691,jhb_full382_unified_a_merge01_c0925_fpcut_2026_06_01_c0003873,JNB0237,johannesburg,29690,28.0914092079,-26.2231196934,141.0981,d_lg_ge100,residential,residential_fallback,stage2_precision,False,052d9447da8bd626dea3225dae7dd4560d1bf2388058ef0e38805dc2f51c9db2
jhb_full382_unified_a_merge01_c0925_fpcut_2026_06_01_t00017947,jhb_full382_unified_a_merge01_c0925_fpcut_2026_06_01_c0009087,JNB0103,johannesburg,17946,28.1447043830,-26.1650845345,200.0578,d_lg_ge100,residential,residential_fallback,stage2_precision,False,0544a6f37715095e2b418aecdfff92f744f440df59317ae69d68693907c396f5
jhb_full382_unified_a_merge01_c0925_fpcut_2026_06_01_t00018624,jhb_full382_unified_a_merge01_c0925_fpcut_2026_06_01_c0007377,JNB0109,johannesburg,18623,27.9998058209,-26.1757340679,201.4669,d_lg_ge100,residential,residential_fallback,stage2_precision,False,05519b224597a59af91b15cbd4283a833b2b1befecef4d003e7e542ee606210d
jhb_full382_unified_a_merge01_c0925_fpcut_2026_06_01_t00006700,jhb_full382_unified_a_merge01_c0925_fpcut_2026_06_01_c0012464,JNB0060,johannesburg,6699,28.0435929573,-26.1456158477,154.898,d_lg_ge100,residential,residential_fallback,stage2_precision,False,060bf39f3bca8162d6173da8da8bcbf7d3fc04a31bc08e9bf312163b21a35154
jhb_full382_unified_a_merge01_c0925_fpcut_2026_06_01_t00022627,jhb_full382_unified_a_merge01_c0925_fpcut_2026_06_01_c0006436,JNB0132,johannesburg,22626,28.0052327806,-26.1824846074,471.7683,d_lg_ge100,residential,residential_fallback,stage2_precision,False,06261e4099c73bf71103ebe04b10fce751675627b967040df7121507326896db
jhb_full382_unified_a_merge01_c0925_fpcut_2026_06_01_t00006729,jhb_full382_unified_a_merge01_c0925_fpcut_2026_06_01_c0012337,JNB0060,johannesburg,6728,28.0417777574,-26.1463987172,302.3684,d_lg_ge100,residential,residential_fallback,stage2_precision,False,064019b6b9e33cec0fe0d343b1be08313c2405aef12237385b25fefb08708425
jhb_full382_unified_a_merge01_c0925_fpcut_2026_06_01_t00006692,jhb_full382_unified_a_merge01_c0925_fpcut_2026_06_01_c0012462,JNB0060,johannesburg,6691,28.0431882998,-26.1453948890,169.504,d_lg_ge100,residential,residential_fallback,stage2_precision,False,075e1dcf30c752421fec933a501b0680fb0f8e7cadaacdf0a31f31cec356a346
jhb_full382_unified_a_merge01_c0925_fpcut_2026_06_01_t00039209,jhb_full382_unified_a_merge01_c0925_fpcut_2026_06_01_c0015716,JNB0011,johannesburg,39208,28.1206540743,-26.1049275102,120.7834,d_lg_ge100,residential,residential_fallback,stage2_precision,False,076784b2a69219b75fc1408b7b8321eb2fcf2b8a84d73c0439abd9e530bfe786
jhb_full382_unified_a_merge01_c0925_fpcut_2026_06_01_t00000254,jhb_full382_unified_a_merge01_c0925_fpcut_2026_06_01_c0014926,JNB0030,johannesburg,253,28.1382998285,-26.1221317671,571.2728,d_lg_ge100,residential,residential_fallback,stage2_precision,False,077aff20441780128bce5a196e689d6e10217d00062061b05c3edf5f370fc046
jhb_full382_unified_a_merge01_c0925_fpcut_2026_06_01_t00001351,jhb_full382_unified_a_merge01_c0925_fpcut_2026_06_01_c0014155,JNB0035,johannesburg,1350,28.0677539382,-26.1319926841,108.0737,d_lg_ge100,residential,residential_fallback,stage2_precision,False,078975909073f4dff61d7de906d1ac6351900cafe0280969ee5465a27b4f1549
jhb_full382_unified_a_merge01_c0925_fpcut_2026_06_01_t00039303,jhb_full382_unified_a_merge01_c0925_fpcut_2026_06_01_c0015668,JNB0012,johannesburg,39302,28.1341123458,-26.1065991202,104.7609,d_lg_ge100,residential,residential_fallback,stage2_precision,False,0812955d33593b683544d5612aeee56923a29992339f325601152bed178a9d2f
jhb_full382_unified_a_merge01_c0925_fpcut_2026_06_01_t00000205,jhb_full382_unified_a_merge01_c0925_fpcut_2026_06_01_c0015345,JNB0030,johannesburg,204,28.1385992361,-26.1160436771,171.6003,d_lg_ge100,residential,residential_fallback,stage2_precision,False,085790ce176aea1d386c56da17aa6766f396844d2e1ebfd375a7e2bcdcb19ded
jhb_full382_unified_a_merge01_c0925_fpcut_2026_06_01_t00031155,jhb_full382_unified_a_merge01_c0925_fpcut_2026_06_01_c0003063,JNB0276,johannesburg,31154,28.0051072141,-26.2415592735,136.5901,d_lg_ge100,residential,residential_fallback,stage2_precision,False,089c6b200bffa3924a31296b1c77f2e04bba8bcae73e78588e06bb2f087898bd
jhb_full382_unified_a_merge01_c0925_fpcut_2026_06_01_t00001360,jhb_full382_unified_a_merge01_c0925_fpcut_2026_06_01_c0014152,JNB0035,johannesburg,1359,28.0674317969,-26.1321304861,244.8773,d_lg_ge100,residential,residential_fallback,stage2_precision,False,08a9af578207bcff7b1af904ab32a819ac0b06de68e3ce9677f5cdd62cfe8a12
jhb_full382_unified_a_merge01_c0925_fpcut_2026_06_01_t00039987,jhb_full382_unified_a_merge01_c0925_fpcut_2026_06_01_c0015610,JNB0020,johannesburg,39986,28.1313019642,-26.1093114292,202.401,d_lg_ge100,residential,residential_fallback,stage2_precision,False,08b5b7ec9f4434982b11e963891f2c7c2bd8b62cddbe4037c643bf61aa715eb7
jhb_full382_unified_a_merge01_c0925_fpcut_2026_06_01_t00019970,jhb_full382_unified_a_merge01_c0925_fpcut_2026_06_01_c0007427,JNB0114,johannesburg,19969,28.0457760705,-26.1757704445,237.3542,d_lg_ge100,residential,residential_fallback,stage2_precision,False,08bfd2d8ed5ca99873d3f27811451cdbc20fbc3976d5559814d710e0acf3f6cc
jhb_full382_unified_a_merge01_c0925_fpcut_2026_06_01_t00030101,jhb_full382_unified_a_merge01_c0925_fpcut_2026_06_01_c0003715,JNB0253,johannesburg,30100,28.0200498092,-26.2307466837,189.0975,d_lg_ge100,residential,residential_fallback,stage2_precision,False,08c4f7af4a34a66c0e189916a32b7f1d8ac359d2b35f6fbcb72050568331c5d3
jhb_full382_unified_a_merge01_c0925_fpcut_2026_06_01_t00024034,jhb_full382_unified_a_merge01_c0925_fpcut_2026_06_01_c0005955,JNB0144,johannesburg,24033,28.1251332252,-26.1869667059,278.3329,d_lg_ge100,residential,residential_fallback,stage2_precision,False,08d6d78c4738a5bce832898cfbbc2c0e633db896fc82e18867fb231b712e9e97
jhb_full382_unified_a_merge01_c0925_fpcut_2026_06_01_t00006663,jhb_full382_unified_a_merge01_c0925_fpcut_2026_06_01_c0012709,JNB0060,johannesburg,6662,28.0425236168,-26.1437222409,124.6946,d_lg_ge100,residential,residential_fallback,stage2_precision,False,08df4f4cda914e704f158aeb77ba4d38dfc415fb6f7bac3b065b2715e682d708
jhb_full382_unified_a_merge01_c0925_fpcut_2026_06_01_t00041226,jhb_full382_unified_a_merge01_c0925_fpcut_2026_06_01_c0014843,JNB0024,johannesburg,41225,28.0787506635,-26.1230139745,319.5822,d_lg_ge100,residential,residential_fallback,stage2_precision,False,08e85b47b079b5ab74173584af77c78ad29fa828805bb66649353c07b18f7942
jhb_full382_unified_a_merge01_c0925_fpcut_2026_06_01_t00008062,jhb_full382_unified_a_merge01_c0925_fpcut_2026_06_01_c0011979,JNB0063,johannesburg,8061,28.0799396943,-26.1485966464,203.016,d_lg_ge100,residential,residential_fallback,stage2_precision,False,0984aae7831ce87d5965a8d6c5368cc8f3e3a650e80d4dc21816472bc5300d5d
jhb_full382_unified_a_merge01_c0925_fpcut_2026_06_01_t00040308,jhb_full382_unified_a_merge01_c0925_fpcut_2026_06_01_c0015382,JNB0021,johannesburg,40307,28.1429408673,-26.1151804846,372.1789,d_lg_ge100,residential,residential_fallback,stage2_precision,False,09ae99cd97f496a396a4ef0215e87cca04321cea681081b8e148374c13c6de17
jhb_full382_unified_a_merge01_c0925_fpcut_2026_06_01_t00031544,jhb_full382_unified_a_merge01_c0925_fpcut_2026_06_01_c0003425,JNB0278,johannesburg,31543,28.0265517810,-26.2360534582,106.9524,d_lg_ge100,residential,residential_fallback,stage2_precision,False,09b866e2fe01c1bb3873f625fdfc3901a1eb81e3d7618485fdc139b5191ac448
jhb_full382_unified_a_merge01_c0925_fpcut_2026_06_01_t00030867,jhb_full382_unified_a_merge01_c0925_fpcut_2026_06_01_c0003056,JNB0270,johannesburg,30866,27.9486263613,-26.2423900466,159.2764,d_lg_ge100,residential,residential_fallback,stage2_precision,False,09fbf41c04b56a04a5fdb165017ebcb9dd3d1a1e355a595311c9bd4bdbe6d4e7
jhb_full382_unified_a_merge01_c0925_fpcut_2026_06_01_t00004197,jhb_full382_unified_a_merge01_c0925_fpcut_2026_06_01_c0013713,JNB0050,johannesburg,4196,28.0901206537,-26.1362651821,154.2961,d_lg_ge100,residential,residential_fallback,stage2_precision,False,0a9b9f44bec3de880bf6acfcd751358d6641004c1bef8ed28ffe1ef180e6838e
jhb_full382_unified_a_merge01_c0925_fpcut_2026_06_01_t00026359,jhb_full382_unified_a_merge01_c0925_fpcut_2026_06_01_c0005471,JNB0168,johannesburg,26358,28.1293214330,-26.1921574729,208.1233,d_lg_ge100,residential,residential_fallback,stage2_precision,False,0ac1aca7e421aa03d75ae42ee3199851cd9768dd62fbb0e2b586d44661bbc93d
jhb_full382_unified_a_merge01_c0925_fpcut_2026_06_01_t00029062,jhb_full382_unified_a_merge01_c0925_fpcut_2026_06_01_c0004396,JNB0213,johannesburg,29061,28.0995749487,-26.2078325503,240.4373,d_lg_ge100,residential,residential_fallback,stage2_precision,False,0b6ebb357b0f01549866f3a5468b6611709d22dd4921e00b8c808f395db1c39c
jhb_full382_unified_a_merge01_c0925_fpcut_2026_06_01_t00019929,jhb_full382_unified_a_merge01_c0925_fpcut_2026_06_01_c0008079,JNB0114,johannesburg,19928,28.0434696831,-26.1726544071,193.2177,d_lg_ge100,residential,residential_fallback,stage2_precision,False,0b92264a466e4d10c8745f3310da5b9d03abbdbec2a4954e765d5308ff6041c9
jhb_full382_unified_a_merge01_c0925_fpcut_2026_06_01_t00039134,jhb_full382_unified_a_merge01_c0925_fpcut_2026_06_01_c0015703,JNB0010,johannesburg,39133,28.1174805544,-26.1048671009,140.8826,d_lg_ge100,residential,residential_fallback,stage2_precision,False,0ba772e5822d45364b78c1e744ea48153503138e9ec641e354d3057535979f69
jhb_full382_unified_a_merge01_c0925_fpcut_2026_06_01_t00019916,jhb_full382_unified_a_merge01_c0925_fpcut_2026_06_01_c0006783,JNB0113,johannesburg,19915,28.0395038101,-26.1795512442,265.9067,d_lg_ge100,residential,residential_fallback,stage2_precision,False,0c1d05638e88d213fa2708e3427a04b49e2900a21fd434bb33f461ce07028b41
jhb_full382_unified_a_merge01_c0925_fpcut_2026_06_01_t00039976,jhb_full382_unified_a_merge01_c0925_fpcut_2026_06_01_c0015629,JNB0020,johannesburg,39975,28.1309574007,-26.1083499489,624.7038,d_lg_ge100,residential,residential_fallback,stage2_precision,False,0ce70ae62b5e057a382d69b876b8361ce85db0676efbda857528fd047130c597
jhb_full382_unified_a_merge01_c0925_fpcut_2026_06_01_t00041215,jhb_full382_unified_a_merge01_c0925_fpcut_2026_06_01_c0014908,JNB0024,johannesburg,41214,28.0798539676,-26.1225018112,167.5118,d_lg_ge100,residential,residential_fallback,stage2_precision,False,0d2dcc3788f66f312fb49db0219f4f9344139cf79c0c1394ce7bf0e455f52cff
jhb_full382_unified_a_merge01_c0925_fpcut_2026_06_01_t00000358,jhb_full382_unified_a_merge01_c0925_fpcut_2026_06_01_c0015061,JNB0031,johannesburg,357,28.1418335287,-26.1199058796,312.7555,d_lg_ge100,residential,residential_fallback,stage2_precision,False,0d6788d20eafd02f601c81f5ad51c1245e4a89743d2dab13bc32dadcbdb85c8e
jhb_full382_unified_a_merge01_c0925_fpcut_2026_06_01_t00039072,jhb_full382_unified_a_merge01_c0925_fpcut_2026_06_01_c0015821,JNB0006,johannesburg,39071,28.1239490657,-26.0972037476,118.3079,d_lg_ge100,residential,residential_fallback,stage2_precision,False,0dd123979cf666c34ba1080e6825bdac8e7c1bcd6bc647828a6f13dc224ad9b9
jhb_full382_unified_a_merge01_c0925_fpcut_2026_06_01_t00006978,jhb_full382_unified_a_merge01_c0925_fpcut_2026_06_01_c0011806,JNB0060,johannesburg,6977,28.0459214748,-26.1494154532,126.7206,d_lg_ge100,residential,residential_fallback,stage2_precision,False,0e20bbc373efeae363377c28a80e748cd72444f493a3a3687990ea18f02ff257
jhb_full382_unified_a_merge01_c0925_fpcut_2026_06_01_t00005663,jhb_full382_unified_a_merge01_c0925_fpcut_2026_06_01_c0013929,JNB0056,johannesburg,5662,28.1485367080,-26.1342942550,101.2213,d_lg_ge100,residential,residential_fallback,stage2_precision,False,0e5dadc16618eaf86f0523114f2bf01ed09abbc4996cff0be2332d7b2258453b
jhb_full382_unified_a_merge01_c0925_fpcut_2026_06_01_t00006749,jhb_full382_unified_a_merge01_c0925_fpcut_2026_06_01_c0012212,JNB0060,johannesburg,6748,28.0421221414,-26.1468141792,165.2273,d_lg_ge100,residential,residential_fallback,stage2_precision,False,0e801b703ea1f479c2b7ba95aa310e3f77ecd55c87faec68a38ad193d040d900
jhb_full382_unified_a_merge01_c0925_fpcut_2026_06_01_t00000292,jhb_full382_unified_a_merge01_c0925_fpcut_2026_06_01_c0015310,JNB0031,johannesburg,291,28.1417441300,-26.1165811594,129.5746,d_lg_ge100,residential,residential_fallback,stage2_precision,False,0eb202073a4ab3e7e8cedfed2a7895186703bc9dbaa3d0df7e581809560e29b3
jhb_full382_unified_a_merge01_c0925_fpcut_2026_06_01_t00034839,jhb_full382_unified_a_merge01_c0925_fpcut_2026_06_01_c0001496,JNB0335,johannesburg,34838,27.9831120169,-26.2660282203,232.9241,d_lg_ge100,residential,residential_fallback,stage2_precision,False,0f781d6a0b65406389acd0931f62f2f6d3d94ae10e6803554d318852d1935a2c
jhb_full382_unified_a_merge01_c0925_fpcut_2026_06_01_t00000764,jhb_full382_unified_a_merge01_c0925_fpcut_2026_06_01_c0014366,JNB0033,johannesburg,763,28.0500426458,-26.1296293654,163.6131,d_lg_ge100,residential,residential_fallback,stage2_precision,False,0f7f31e9807236f0a65a9a538766a56fd2854ebe9f55ac720d1daca4e4e34f4e
jhb_full382_unified_a_merge01_c0925_fpcut_2026_06_01_t00035629,jhb_full382_unified_a_merge01_c0925_fpcut_2026_06_01_c0001625,JNB0342,johannesburg,35628,28.0588429422,-26.2650985080,166.0565,d_lg_ge100,residential,residential_fallback,stage2_precision,False,0f8c83ee483efc453789f6ef36f61ebff0d6c6a41d508caae557fdb9ea114649
jhb_full382_unified_a_merge01_c0925_fpcut_2026_06_01_t00041214,jhb_full382_unified_a_merge01_c0925_fpcut_2026_06_01_c0014909,JNB0024,johannesburg,41213,28.0793013881,-26.1226170741,241.7484,d_lg_ge100,residential,residential_fallback,stage2_precision,False,0fa60a735b37d8f01d94b31eee152fdf81535e3b1771e35e7d29c0be1364ad43
jhb_full382_unified_a_merge01_c0925_fpcut_2026_06_01_t00014831,jhb_full382_unified_a_merge01_c0925_fpcut_2026_06_01_c0009664,JNB0090,johannesburg,14830,28.0192839711,-26.1622675953,117.1345,d_lg_ge100,residential,residential_fallback,stage2_precision,False,0fbfc0d41d88fd0bb60028df83505e25a296d2d673d11f60eff8001bfb4b4143
jhb_full382_unified_a_merge01_c0925_fpcut_2026_06_01_t00035479,jhb_full382_unified_a_merge01_c0925_fpcut_2026_06_01_c0001370,JNB0341,johannesburg,35478,28.0482814461,-26.2676378177,393.8715,d_lg_ge100,residential,residential_fallback,stage2_precision,False,10d8c56b50bced3d634b8c68024dca22e84356caa22441765bf1fa5b4d848fe6
jhb_full382_unified_a_merge01_c0925_fpcut_2026_06_01_t00038732,jhb_full382_unified_a_merge01_c0925_fpcut_2026_06_01_c0000259,JNB0376,johannesburg,38731,28.0756333389,-26.2830434873,261.7608,d_lg_ge100,residential,residential_fallback,stage2_precision,False,11571b774e1790ccc51665793d42b3979c2476a9b93a380855cc9dca4f22cfb6
jhb_full382_unified_a_merge01_c0925_fpcut_2026_06_01_t00001367,jhb_full382_unified_a_merge01_c0925_fpcut_2026_06_01_c0014161,JNB0035,johannesburg,1366,28.0691535935,-26.1321218359,392.1466,d_lg_ge100,residential,residential_fallback,stage2_precision,False,1157a0f6d60a9821bd7c9cda9272c60c587c7bf0836c2962c22e918714de3977
jhb_full382_unified_a_merge01_c0925_fpcut_2026_06_01_t00028918,jhb_full382_unified_a_merge01_c0925_fpcut_2026_06_01_c0004131,JNB0210,johannesburg,28917,28.0635813836,-26.2148409480,409.6565,d_lg_ge100,residential,residential_fallback,stage2_precision,False,11959d4ebaf7a6800802919f4ca9a1e7bd7453226d2480df8b390c6c2049a16c
jhb_full382_unified_a_merge01_c0925_fpcut_2026_06_01_t00006691,jhb_full382_unified_a_merge01_c0925_fpcut_2026_06_01_c0012462,JNB0060,johannesburg,6690,28.0430662335,-26.1453873784,107.8511,d_lg_ge100,residential,residential_fallback,stage2_precision,False,11bc5e9ef2b8643ee53d80052f6da8cb9ac6d2370a0c46085959849b5d7fe1a0
jhb_full382_unified_a_merge01_c0925_fpcut_2026_06_01_t00025221,jhb_full382_unified_a_merge01_c0925_fpcut_2026_06_01_c0005024,JNB0156,johannesburg,25220,28.0043180921,-26.1979294919,102.417,d_lg_ge100,residential,residential_fallback,stage2_precision,True,2c7116d55f8dd98d80542026db8faa21e434b6a7a6d397baaf5342817890552f
jhb_full382_unified_a_merge01_c0925_fpcut_2026_06_01_t00040197,jhb_full382_unified_a_merge01_c0925_fpcut_2026_06_01_c0015590,JNB0020,johannesburg,40196,28.1391524151,-26.1097504354,504.1407,d_lg_ge100,residential,residential_fallback,stage2_precision,True,48f52a2a1cbfa361caab3bfb30669af739bccc3c8ccdc1552c177bb5abeb2c25
jhb_full382_unified_a_merge01_c0925_fpcut_2026_06_01_t00007976,jhb_full382_unified_a_merge01_c0925_fpcut_2026_06_01_c0012245,JNB0063,johannesburg,7975,28.0793288054,-26.1469406747,174.9596,d_lg_ge100,residential,residential_fallback,stage2_precision,True,bdd26e75fa14490b661caf54062e1926005cd2186514961bb47050bdf37e2cc7
jhb_full382_unified_a_merge01_c0925_fpcut_2026_06_01_t00016056,jhb_full382_unified_a_merge01_c0925_fpcut_2026_06_01_c0008890,JNB0094,johannesburg,16055,28.0508534834,-26.1670087490,323.0429,d_lg_ge100,residential,residential_fallback,stage2_precision,True,c6fce258d4c6cf01153fdb3488c097f83aaab7477b5eac26f463720ae204f58e
